{"level":"info","message":"Fetching user","service":"urbango-api","timestamp":"2025-11-24 18:18:44","userId":"1"}
{"error":"userData is not defined","level":"error","message":"Failed to fetch user","service":"urbango-api","timestamp":"2025-11-24 18:18:44","userId":"1"}
{"environment":"development","level":"info","message":"APPLICATION_STARTING","port":"3000","serverUrl":"http://localhost:3000","service":"urbango-api","timestamp":"2025-11-24 18:33:11"}
{"level":"info","message":"DATABASE_CONNECTED","meta":{"status":"connected","url":"mongodb://localhost:27017/urbango"},"service":"urbango-api","timestamp":"2025-11-24 18:33:12"}
{"environment":"development","level":"info","message":"APPLICATION_STARTED","pid":3860,"port":"3000","serverUrl":"http://localhost:3000","service":"urbango-api","timestamp":"2025-11-24 18:33:12"}
{"environment":"development","level":"info","message":"APPLICATION_STARTING","port":"3000","serverUrl":"http://localhost:3000","service":"urbango-api","timestamp":"2025-11-24 18:36:46"}
{"level":"info","message":"DATABASE_CONNECTED","service":"urbango-api","status":"connected","timestamp":"2025-11-24 18:36:46","url":"mongodb://localhost:27017/urbango"}
{"environment":"development","level":"info","message":"APPLICATION_STARTED","port":"3000","serverUrl":"http://localhost:3000","service":"urbango-api","status":"running","timestamp":"2025-11-24 18:36:46"}
{"environment":"development","level":"info","message":"APPLICATION_STARTING","port":"3000","serverUrl":"http://localhost:3000","service":"urbango-api","timestamp":"2025-11-24 18:37:00"}
{"level":"info","message":"DATABASE_CONNECTED","service":"urbango-api","status":"connected","timestamp":"2025-11-24 18:37:00","url":"mongodb://localhost:27017/urbango"}
{"environment":"development","level":"info","message":"APPLICATION_STARTED","port":"3000","serverUrl":"http://localhost:3000","service":"urbango-api","status":"running","timestamp":"2025-11-24 18:37:00"}
{"level":"info","message":"APPLICATION_SHUTDOWN_INITIATED","service":"urbango-api","signal":"SIGINT","timestamp":"2025-11-24 18:40:55"}
{"environment":"development","level":"info","message":"APPLICATION_STARTING","port":"3000","serverUrl":"http://localhost:3000","service":"urbango-api","timestamp":"2025-11-24 18:45:59"}
{"level":"info","message":"DATABASE_CONNECTED","service":"urbango-api","status":"connected","timestamp":"2025-11-24 18:45:59","url":"mongodb://localhost:27017/urbango"}
{"environment":"development","level":"info","message":"APPLICATION_STARTED","port":"3000","serverUrl":"http://localhost:3000","service":"urbango-api","status":"running","timestamp":"2025-11-24 18:45:59"}
{"environment":"development","level":"info","message":"APPLICATION_STARTING","port":"3000","serverUrl":"http://localhost:3000","service":"urbango-api","timestamp":"2025-11-24 18:47:59"}
{"level":"info","message":"DATABASE_CONNECTED","service":"urbango-api","status":"connected","timestamp":"2025-11-24 18:47:59","url":"mongodb://localhost:27017/urbango"}
{"environment":"development","level":"info","message":"APPLICATION_STARTED","port":"3000","serverUrl":"http://localhost:3000","service":"urbango-api","status":"running","timestamp":"2025-11-24 18:47:59"}
{"level":"info","message":"Fetching user","service":"urbango-api","timestamp":"2025-11-24 18:49:09","userId":"1"}
{"error":"userData is not defined","level":"error","message":"Failed to fetch user","service":"urbango-api","timestamp":"2025-11-24 18:49:09","userId":"1"}
{"environment":"development","level":"info","message":"APPLICATION_STARTING","port":"3000","serverUrl":"http://localhost:3000","service":"urbango-api","timestamp":"2025-11-24 19:03:45"}
{"level":"info","message":"DATABASE_CONNECTED","service":"urbango-api","status":"connected","timestamp":"2025-11-24 19:03:45","url":"mongodb://localhost:27017/urbango"}
{"environment":"development","level":"info","message":"APPLICATION_STARTED","port":"3000","serverUrl":"http://localhost:3000","service":"urbango-api","status":"running","timestamp":"2025-11-24 19:03:45"}
{"environment":"development","level":"info","message":"APPLICATION_STARTING","port":"3000","serverUrl":"http://localhost:3000","service":"urbango-api","timestamp":"2025-11-24 19:04:11"}
{"level":"info","message":"DATABASE_CONNECTED","service":"urbango-api","status":"connected","timestamp":"2025-11-24 19:04:11","url":"mongodb://localhost:27017/urbango"}
{"environment":"development","level":"info","message":"APPLICATION_STARTED","port":"3000","serverUrl":"http://localhost:3000","service":"urbango-api","status":"running","timestamp":"2025-11-24 19:04:11"}
{"environment":"development","level":"info","message":"APPLICATION_STARTING","port":"3000","serverUrl":"http://localhost:3000","service":"urbango-api","timestamp":"2025-11-24 19:04:15"}
{"level":"info","message":"DATABASE_CONNECTED","service":"urbango-api","status":"connected","timestamp":"2025-11-24 19:04:15","url":"mongodb://localhost:27017/urbango"}
{"environment":"development","level":"info","message":"APPLICATION_STARTED","port":"3000","serverUrl":"http://localhost:3000","service":"urbango-api","status":"running","timestamp":"2025-11-24 19:04:15"}
{"environment":"development","level":"info","message":"APPLICATION_STARTING","port":"3000","serverUrl":"http://localhost:3000","service":"urbango-api","timestamp":"2025-11-24 19:05:02"}
{"level":"info","message":"DATABASE_CONNECTED","service":"urbango-api","status":"connected","timestamp":"2025-11-24 19:05:02","url":"mongodb://localhost:27017/urbango"}
{"environment":"development","level":"info","message":"APPLICATION_STARTED","port":"3000","serverUrl":"http://localhost:3000","service":"urbango-api","status":"running","timestamp":"2025-11-24 19:05:02"}
{"environment":"development","level":"info","message":"APPLICATION_STARTING","port":"3000","serverUrl":"http://localhost:3000","service":"urbango-api","timestamp":"2025-11-24 19:05:50"}
{"level":"info","message":"DATABASE_CONNECTED","service":"urbango-api","status":"connected","timestamp":"2025-11-24 19:05:50","url":"mongodb://localhost:27017/urbango"}
{"environment":"development","level":"info","message":"APPLICATION_STARTED","port":"3000","serverUrl":"http://localhost:3000","service":"urbango-api","status":"running","timestamp":"2025-11-24 19:05:50"}
{"environment":"development","level":"info","message":"APPLICATION_STARTING","port":"3000","serverUrl":"http://localhost:3000","service":"urbango-api","timestamp":"2025-11-24 19:06:36"}
{"level":"info","message":"DATABASE_CONNECTED","service":"urbango-api","status":"connected","timestamp":"2025-11-24 19:06:36","url":"mongodb://localhost:27017/urbango"}
{"environment":"development","level":"info","message":"APPLICATION_STARTED","port":"3000","serverUrl":"http://localhost:3000","service":"urbango-api","status":"running","timestamp":"2025-11-24 19:06:36"}
{"environment":"development","level":"info","message":"APPLICATION_STARTING","port":"3000","serverUrl":"http://localhost:3000","service":"urbango-api","timestamp":"2025-11-24 19:06:43"}
{"level":"info","message":"DATABASE_CONNECTED","service":"urbango-api","status":"connected","timestamp":"2025-11-24 19:06:43","url":"mongodb://localhost:27017/urbango"}
{"environment":"development","level":"info","message":"APPLICATION_STARTED","port":"3000","serverUrl":"http://localhost:3000","service":"urbango-api","status":"running","timestamp":"2025-11-24 19:06:43"}
{"ip":"::1","level":"warn","message":"CLIENT_ERROR_404 Route /api/v1/application not found","method":"GET","originalError":"Error","service":"urbango-api","stack":"Error: Route /api/v1/application not found\n    at D:\\03_Projects\\Backend\\Movon\\src\\app.js:17:19\n    at Layer.handleRequest (D:\\03_Projects\\Backend\\Movon\\node_modules\\router\\lib\\layer.js:152:17)\n    at trimPrefix (D:\\03_Projects\\Backend\\Movon\\node_modules\\router\\index.js:342:13)\n    at D:\\03_Projects\\Backend\\Movon\\node_modules\\router\\index.js:297:9\n    at processParams (D:\\03_Projects\\Backend\\Movon\\node_modules\\router\\index.js:582:12)\n    at next (D:\\03_Projects\\Backend\\Movon\\node_modules\\router\\index.js:291:5)\n    at D:\\03_Projects\\Backend\\Movon\\node_modules\\router\\index.js:688:15\n    at next (D:\\03_Projects\\Backend\\Movon\\node_modules\\router\\index.js:276:14)\n    at Function.handle (D:\\03_Projects\\Backend\\Movon\\node_modules\\router\\index.js:186:3)\n    at router (D:\\03_Projects\\Backend\\Movon\\node_modules\\router\\index.js:60:12)","statusCode":404,"timestamp":"2025-11-24 19:07:39","url":"/api/v1/application","userAgent":"Mozilla/5.0 (Windows NT 10.0; Win64; x64) AppleWebKit/537.36 (KHTML, like Gecko) Chrome/142.0.0.0 Safari/537.36","userId":"anonymous"}
{"errorCode":"MODULE_NOT_FOUND","ip":"::1","level":"error","message":"SERVER_ERROR_500 Cannot find module '../services/healthService'\nRequire stack:\n- D:\\03_Projects\\Backend\\Movon\\src\\router\\healthRoutes.js\n- D:\\03_Projects\\Backend\\Movon\\src\\app.js\n- D:\\03_Projects\\Backend\\Movon\\src\\server.js","method":"GET","originalError":"Error","service":"urbango-api","stack":"Error: Cannot find module '../services/healthService'\nRequire stack:\n- D:\\03_Projects\\Backend\\Movon\\src\\router\\healthRoutes.js\n- D:\\03_Projects\\Backend\\Movon\\src\\app.js\n- D:\\03_Projects\\Backend\\Movon\\src\\server.js\n    at Module._resolveFilename (node:internal/modules/cjs/loader:1144:15)\n    at Module._load (node:internal/modules/cjs/loader:985:27)\n    at Module.require (node:internal/modules/cjs/loader:1235:19)\n    at require (node:internal/modules/helpers:176:18)\n    at D:\\03_Projects\\Backend\\Movon\\src\\router\\healthRoutes.js:35:27\n    at Layer.handleRequest (D:\\03_Projects\\Backend\\Movon\\node_modules\\router\\lib\\layer.js:152:17)\n    at next (D:\\03_Projects\\Backend\\Movon\\node_modules\\router\\lib\\route.js:157:13)\n    at Route.dispatch (D:\\03_Projects\\Backend\\Movon\\node_modules\\router\\lib\\route.js:117:3)\n    at handle (D:\\03_Projects\\Backend\\Movon\\node_modules\\router\\index.js:435:11)\n    at Layer.handleRequest (D:\\03_Projects\\Backend\\Movon\\node_modules\\router\\lib\\layer.js:152:17)","statusCode":500,"timestamp":"2025-11-24 19:07:53","url":"/api/v1/health/application","userAgent":"Mozilla/5.0 (Windows NT 10.0; Win64; x64) AppleWebKit/537.36 (KHTML, like Gecko) Chrome/142.0.0.0 Safari/537.36","userId":"anonymous"}
{"environment":"development","level":"info","message":"APPLICATION_STARTING","port":"3000","serverUrl":"http://localhost:3000","service":"urbango-api","timestamp":"2025-11-24 19:08:25"}
{"level":"info","message":"DATABASE_CONNECTED","service":"urbango-api","status":"connected","timestamp":"2025-11-24 19:08:25","url":"mongodb://localhost:27017/urbango"}
{"environment":"development","level":"info","message":"APPLICATION_STARTED","port":"3000","serverUrl":"http://localhost:3000","service":"urbango-api","status":"running","timestamp":"2025-11-24 19:08:25"}
{"environment":"development","level":"info","message":"APPLICATION_STARTING","port":"3000","serverUrl":"http://localhost:3000","service":"urbango-api","timestamp":"2025-11-24 19:08:27"}
{"level":"info","message":"DATABASE_CONNECTED","service":"urbango-api","status":"connected","timestamp":"2025-11-24 19:08:27","url":"mongodb://localhost:27017/urbango"}
{"environment":"development","level":"info","message":"APPLICATION_STARTED","port":"3000","serverUrl":"http://localhost:3000","service":"urbango-api","status":"running","timestamp":"2025-11-24 19:08:27"}
{"environment":"development","level":"info","message":"APPLICATION_STARTING","port":"3000","serverUrl":"http://localhost:3000","service":"urbango-api","timestamp":"2025-11-24 19:08:30"}
{"level":"info","message":"DATABASE_CONNECTED","service":"urbango-api","status":"connected","timestamp":"2025-11-24 19:08:30","url":"mongodb://localhost:27017/urbango"}
{"environment":"development","level":"info","message":"APPLICATION_STARTED","port":"3000","serverUrl":"http://localhost:3000","service":"urbango-api","status":"running","timestamp":"2025-11-24 19:08:30"}
{"environment":"development","level":"info","message":"APPLICATION_STARTING","port":"3000","serverUrl":"http://localhost:3000","service":"urbango-api","timestamp":"2025-11-24 19:08:46"}
{"level":"info","message":"DATABASE_CONNECTED","service":"urbango-api","status":"connected","timestamp":"2025-11-24 19:08:46","url":"mongodb://localhost:27017/urbango"}
{"environment":"development","level":"info","message":"APPLICATION_STARTED","port":"3000","serverUrl":"http://localhost:3000","service":"urbango-api","status":"running","timestamp":"2025-11-24 19:08:46"}
{"environment":"development","level":"info","message":"APPLICATION_STARTING","port":"3000","serverUrl":"http://localhost:3000","service":"urbango-api","timestamp":"2025-11-24 19:09:04"}
{"level":"info","message":"DATABASE_CONNECTED","service":"urbango-api","status":"connected","timestamp":"2025-11-24 19:09:04","url":"mongodb://localhost:27017/urbango"}
{"environment":"development","level":"info","message":"APPLICATION_STARTED","port":"3000","serverUrl":"http://localhost:3000","service":"urbango-api","status":"running","timestamp":"2025-11-24 19:09:04"}
{"environment":"development","level":"info","message":"APPLICATION_STARTING","port":"3000","serverUrl":"http://localhost:3000","service":"urbango-api","timestamp":"2025-11-24 19:09:11"}
{"level":"info","message":"DATABASE_CONNECTED","service":"urbango-api","status":"connected","timestamp":"2025-11-24 19:09:11","url":"mongodb://localhost:27017/urbango"}
{"environment":"development","level":"info","message":"APPLICATION_STARTED","port":"3000","serverUrl":"http://localhost:3000","service":"urbango-api","status":"running","timestamp":"2025-11-24 19:09:11"}
{"environment":"development","level":"info","message":"APPLICATION_STARTING","port":"3000","serverUrl":"http://localhost:3000","service":"urbango-api","timestamp":"2025-11-24 19:09:13"}
{"level":"info","message":"DATABASE_CONNECTED","service":"urbango-api","status":"connected","timestamp":"2025-11-24 19:09:13","url":"mongodb://localhost:27017/urbango"}
{"environment":"development","level":"info","message":"APPLICATION_STARTED","port":"3000","serverUrl":"http://localhost:3000","service":"urbango-api","status":"running","timestamp":"2025-11-24 19:09:13"}
{"environment":"development","level":"info","message":"APPLICATION_STARTING","port":"3000","serverUrl":"http://localhost:3000","service":"urbango-api","timestamp":"2025-11-24 19:09:19"}
{"level":"info","message":"DATABASE_CONNECTED","service":"urbango-api","status":"connected","timestamp":"2025-11-24 19:09:19","url":"mongodb://localhost:27017/urbango"}
{"environment":"development","level":"info","message":"APPLICATION_STARTED","port":"3000","serverUrl":"http://localhost:3000","service":"urbango-api","status":"running","timestamp":"2025-11-24 19:09:20"}
{"environment":"development","level":"info","message":"APPLICATION_STARTING","port":"3000","serverUrl":"http://localhost:3000","service":"urbango-api","timestamp":"2025-11-24 19:09:47"}
{"level":"info","message":"DATABASE_CONNECTED","service":"urbango-api","status":"connected","timestamp":"2025-11-24 19:09:47","url":"mongodb://localhost:27017/urbango"}
{"environment":"development","level":"info","message":"APPLICATION_STARTED","port":"3000","serverUrl":"http://localhost:3000","service":"urbango-api","status":"running","timestamp":"2025-11-24 19:09:47"}
{"environment":"development","level":"info","message":"APPLICATION_STARTING","port":"3000","serverUrl":"http://localhost:3000","service":"urbango-api","timestamp":"2025-11-24 19:09:53"}
{"level":"info","message":"DATABASE_CONNECTED","service":"urbango-api","status":"connected","timestamp":"2025-11-24 19:09:53","url":"mongodb://localhost:27017/urbango"}
{"environment":"development","level":"info","message":"APPLICATION_STARTED","port":"3000","serverUrl":"http://localhost:3000","service":"urbango-api","status":"running","timestamp":"2025-11-24 19:09:53"}
{"environment":"development","level":"info","message":"APPLICATION_STARTING","port":"3000","serverUrl":"http://localhost:3000","service":"urbango-api","timestamp":"2025-11-24 19:09:57"}
{"level":"info","message":"DATABASE_CONNECTED","service":"urbango-api","status":"connected","timestamp":"2025-11-24 19:09:57","url":"mongodb://localhost:27017/urbango"}
{"environment":"development","level":"info","message":"APPLICATION_STARTED","port":"3000","serverUrl":"http://localhost:3000","service":"urbango-api","status":"running","timestamp":"2025-11-24 19:09:57"}
{"environment":"development","level":"info","message":"APPLICATION_STARTING","port":"3000","serverUrl":"http://localhost:3000","service":"urbango-api","timestamp":"2025-11-24 20:11:29"}
{"level":"info","message":"DATABASE_CONNECTED","service":"urbango-api","status":"connected","timestamp":"2025-11-24 20:11:29","url":"mongodb://localhost:27017/urbango"}
{"environment":"development","level":"info","message":"APPLICATION_STARTED","port":"3000","serverUrl":"http://localhost:3000","service":"urbango-api","status":"running","timestamp":"2025-11-24 20:11:29"}
{"environment":"development","level":"info","message":"APPLICATION_STARTING","port":"3000","serverUrl":"http://localhost:3000","service":"urbango-api","timestamp":"2025-11-25 17:01:06"}
{"level":"info","message":"DATABASE_CONNECTED","service":"urbango-api","status":"connected","timestamp":"2025-11-25 17:01:06","url":"mongodb://localhost:27017/urbango"}
{"environment":"development","level":"info","message":"APPLICATION_STARTED","port":"3000","serverUrl":"http://localhost:3000","service":"urbango-api","status":"running","timestamp":"2025-11-25 17:01:07"}
{"ip":"::1","level":"warn","message":"CLIENT_ERROR_404 Route /api/v1/self not found","method":"GET","originalError":"Error","service":"urbango-api","stack":"Error: Route /api/v1/self not found\n    at D:\\03_Projects\\Backend\\Movon\\src\\app.js:26:17\n    at Layer.handleRequest (D:\\03_Projects\\Backend\\Movon\\node_modules\\router\\lib\\layer.js:152:17)\n    at trimPrefix (D:\\03_Projects\\Backend\\Movon\\node_modules\\router\\index.js:342:13)\n    at D:\\03_Projects\\Backend\\Movon\\node_modules\\router\\index.js:297:9\n    at processParams (D:\\03_Projects\\Backend\\Movon\\node_modules\\router\\index.js:582:12)\n    at next (D:\\03_Projects\\Backend\\Movon\\node_modules\\router\\index.js:291:5)\n    at D:\\03_Projects\\Backend\\Movon\\node_modules\\router\\index.js:688:15\n    at next (D:\\03_Projects\\Backend\\Movon\\node_modules\\router\\index.js:276:14)\n    at Function.handle (D:\\03_Projects\\Backend\\Movon\\node_modules\\router\\index.js:186:3)\n    at router (D:\\03_Projects\\Backend\\Movon\\node_modules\\router\\index.js:60:12)","statusCode":404,"timestamp":"2025-11-25 17:01:15","url":"/api/v1/self","userAgent":"Mozilla/5.0 (Windows NT 10.0; Win64; x64) AppleWebKit/537.36 (KHTML, like Gecko) Chrome/142.0.0.0 Safari/537.36","userId":"anonymous"}
{"ip":"::1","level":"warn","message":"CLIENT_ERROR_404 Route /favicon.ico not found","method":"GET","originalError":"Error","service":"urbango-api","stack":"Error: Route /favicon.ico not found\n    at D:\\03_Projects\\Backend\\Movon\\src\\app.js:26:17\n    at Layer.handleRequest (D:\\03_Projects\\Backend\\Movon\\node_modules\\router\\lib\\layer.js:152:17)\n    at trimPrefix (D:\\03_Projects\\Backend\\Movon\\node_modules\\router\\index.js:342:13)\n    at D:\\03_Projects\\Backend\\Movon\\node_modules\\router\\index.js:297:9\n    at processParams (D:\\03_Projects\\Backend\\Movon\\node_modules\\router\\index.js:582:12)\n    at next (D:\\03_Projects\\Backend\\Movon\\node_modules\\router\\index.js:291:5)\n    at SendStream.error (D:\\03_Projects\\Backend\\Movon\\node_modules\\serve-static\\index.js:120:7)\n    at SendStream.emit (node:events:518:28)\n    at SendStream.error (D:\\03_Projects\\Backend\\Movon\\node_modules\\send\\index.js:168:17)\n    at SendStream.onStatError (D:\\03_Projects\\Backend\\Movon\\node_modules\\send\\index.js:315:12)","statusCode":404,"timestamp":"2025-11-25 17:01:15","url":"/favicon.ico","userAgent":"Mozilla/5.0 (Windows NT 10.0; Win64; x64) AppleWebKit/537.36 (KHTML, like Gecko) Chrome/142.0.0.0 Safari/537.36","userId":"anonymous"}
{"ip":"::1","level":"warn","message":"CLIENT_ERROR_404 Route /.well-known/appspecific/com.chrome.devtools.json not found","method":"GET","originalError":"Error","service":"urbango-api","stack":"Error: Route /.well-known/appspecific/com.chrome.devtools.json not found\n    at D:\\03_Projects\\Backend\\Movon\\src\\app.js:26:17\n    at Layer.handleRequest (D:\\03_Projects\\Backend\\Movon\\node_modules\\router\\lib\\layer.js:152:17)\n    at trimPrefix (D:\\03_Projects\\Backend\\Movon\\node_modules\\router\\index.js:342:13)\n    at D:\\03_Projects\\Backend\\Movon\\node_modules\\router\\index.js:297:9\n    at processParams (D:\\03_Projects\\Backend\\Movon\\node_modules\\router\\index.js:582:12)\n    at next (D:\\03_Projects\\Backend\\Movon\\node_modules\\router\\index.js:291:5)\n    at SendStream.error (D:\\03_Projects\\Backend\\Movon\\node_modules\\serve-static\\index.js:120:7)\n    at SendStream.emit (node:events:518:28)\n    at SendStream.error (D:\\03_Projects\\Backend\\Movon\\node_modules\\send\\index.js:168:17)\n    at SendStream.pipe (D:\\03_Projects\\Backend\\Movon\\node_modules\\send\\index.js:468:14)","statusCode":404,"timestamp":"2025-11-25 17:01:26","url":"/.well-known/appspecific/com.chrome.devtools.json","userAgent":"Mozilla/5.0 (Windows NT 10.0; Win64; x64) AppleWebKit/537.36 (KHTML, like Gecko) Chrome/142.0.0.0 Safari/537.36","userId":"anonymous"}
{"environment":"development","level":"info","message":"APPLICATION_STARTING","port":"3000","serverUrl":"http://localhost:3000","service":"urbango-api","timestamp":"2025-11-25 17:06:09"}
{"level":"info","message":"DATABASE_CONNECTED","service":"urbango-api","status":"connected","timestamp":"2025-11-25 17:06:09","url":"mongodb://localhost:27017/urbango"}
{"environment":"development","level":"info","message":"APPLICATION_STARTED","port":"3000","serverUrl":"http://localhost:3000","service":"urbango-api","status":"running","timestamp":"2025-11-25 17:06:09"}
{"environment":"development","level":"info","message":"APPLICATION_STARTING","port":"3000","serverUrl":"http://localhost:3000","service":"urbango-api","timestamp":"2025-11-25 17:06:40"}
{"level":"info","message":"DATABASE_CONNECTED","service":"urbango-api","status":"connected","timestamp":"2025-11-25 17:06:40","url":"mongodb://localhost:27017/urbango"}
{"environment":"development","level":"info","message":"APPLICATION_STARTED","port":"3000","serverUrl":"http://localhost:3000","service":"urbango-api","status":"running","timestamp":"2025-11-25 17:06:40"}
{"environment":"development","level":"info","message":"APPLICATION_STARTING","port":"3000","serverUrl":"http://localhost:3000","service":"urbango-api","timestamp":"2025-11-25 17:07:29"}
{"level":"info","message":"DATABASE_CONNECTED","service":"urbango-api","status":"connected","timestamp":"2025-11-25 17:07:29","url":"mongodb://localhost:27017/urbango"}
{"environment":"development","level":"info","message":"APPLICATION_STARTED","port":"3000","serverUrl":"http://localhost:3000","service":"urbango-api","status":"running","timestamp":"2025-11-25 17:07:29"}
{"environment":"development","level":"info","message":"APPLICATION_STARTING","port":"3000","serverUrl":"http://localhost:3000","service":"urbango-api","timestamp":"2025-11-25 17:07:30"}
{"level":"info","message":"DATABASE_CONNECTED","service":"urbango-api","status":"connected","timestamp":"2025-11-25 17:07:30","url":"mongodb://localhost:27017/urbango"}
{"environment":"development","level":"info","message":"APPLICATION_STARTED","port":"3000","serverUrl":"http://localhost:3000","service":"urbango-api","status":"running","timestamp":"2025-11-25 17:07:30"}
{"environment":"development","level":"info","message":"APPLICATION_STARTING","port":"3000","serverUrl":"http://localhost:3000","service":"urbango-api","timestamp":"2025-11-25 17:07:43"}
{"level":"info","message":"DATABASE_CONNECTED","service":"urbango-api","status":"connected","timestamp":"2025-11-25 17:07:43","url":"mongodb://localhost:27017/urbango"}
{"environment":"development","level":"info","message":"APPLICATION_STARTED","port":"3000","serverUrl":"http://localhost:3000","service":"urbango-api","status":"running","timestamp":"2025-11-25 17:07:43"}
{"environment":"development","level":"info","message":"APPLICATION_STARTING","port":"3000","serverUrl":"http://localhost:3000","service":"urbango-api","timestamp":"2025-11-25 17:08:52"}
{"level":"info","message":"DATABASE_CONNECTED","service":"urbango-api","status":"connected","timestamp":"2025-11-25 17:08:52","url":"mongodb://localhost:27017/urbango"}
{"environment":"development","level":"info","message":"APPLICATION_STARTED","port":"3000","serverUrl":"http://localhost:3000","service":"urbango-api","status":"running","timestamp":"2025-11-25 17:08:52"}
{"environment":"development","level":"info","message":"APPLICATION_STARTING","port":"3000","serverUrl":"http://localhost:3000","service":"urbango-api","timestamp":"2025-11-25 17:09:02"}
{"level":"info","message":"DATABASE_CONNECTED","service":"urbango-api","status":"connected","timestamp":"2025-11-25 17:09:02","url":"mongodb://localhost:27017/urbango"}
{"environment":"development","level":"info","message":"APPLICATION_STARTED","port":"3000","serverUrl":"http://localhost:3000","service":"urbango-api","status":"running","timestamp":"2025-11-25 17:09:02"}
{"environment":"development","level":"info","message":"APPLICATION_STARTING","port":"3000","serverUrl":"http://localhost:3000","service":"urbango-api","timestamp":"2025-11-25 17:09:11"}
{"level":"info","message":"DATABASE_CONNECTED","service":"urbango-api","status":"connected","timestamp":"2025-11-25 17:09:11","url":"mongodb://localhost:27017/urbango"}
{"environment":"development","level":"info","message":"APPLICATION_STARTED","port":"3000","serverUrl":"http://localhost:3000","service":"urbango-api","status":"running","timestamp":"2025-11-25 17:09:11"}
{"environment":"development","level":"info","message":"APPLICATION_STARTING","port":"3000","serverUrl":"http://localhost:3000","service":"urbango-api","timestamp":"2025-11-25 17:09:17"}
{"level":"info","message":"DATABASE_CONNECTED","service":"urbango-api","status":"connected","timestamp":"2025-11-25 17:09:17","url":"mongodb://localhost:27017/urbango"}
{"environment":"development","level":"info","message":"APPLICATION_STARTED","port":"3000","serverUrl":"http://localhost:3000","service":"urbango-api","status":"running","timestamp":"2025-11-25 17:09:17"}
{"environment":"development","level":"info","message":"APPLICATION_STARTING","port":"3000","serverUrl":"http://localhost:3000","service":"urbango-api","timestamp":"2025-11-25 17:09:26"}
{"level":"info","message":"DATABASE_CONNECTED","service":"urbango-api","status":"connected","timestamp":"2025-11-25 17:09:26","url":"mongodb://localhost:27017/urbango"}
{"environment":"development","level":"info","message":"APPLICATION_STARTED","port":"3000","serverUrl":"http://localhost:3000","service":"urbango-api","status":"running","timestamp":"2025-11-25 17:09:26"}
{"environment":"development","level":"info","message":"APPLICATION_STARTING","port":"3000","serverUrl":"http://localhost:3000","service":"urbango-api","timestamp":"2025-11-25 17:23:14"}
{"level":"info","message":"DATABASE_CONNECTED","service":"urbango-api","status":"connected","timestamp":"2025-11-25 17:23:14","url":"mongodb://localhost:27017/urbango"}
{"environment":"development","level":"info","message":"APPLICATION_STARTED","port":"3000","serverUrl":"http://localhost:3000","service":"urbango-api","status":"running","timestamp":"2025-11-25 17:23:14"}
{"environment":"development","level":"info","message":"APPLICATION_STARTING","port":"3000","serverUrl":"http://localhost:3000","service":"urbango-api","timestamp":"2025-11-25 17:29:43"}
{"level":"info","message":"DATABASE_CONNECTED","service":"urbango-api","status":"connected","timestamp":"2025-11-25 17:29:43","url":"mongodb://localhost:27017/urbango"}
{"environment":"development","level":"info","message":"APPLICATION_STARTED","port":"3000","serverUrl":"http://localhost:3000","service":"urbango-api","status":"running","timestamp":"2025-11-25 17:29:43"}
{"environment":"development","level":"info","message":"APPLICATION_STARTING","port":"3000","serverUrl":"http://localhost:3000","service":"urbango-api","timestamp":"2025-11-25 17:30:41"}
{"level":"info","message":"DATABASE_CONNECTED","service":"urbango-api","status":"connected","timestamp":"2025-11-25 17:30:41","url":"mongodb://localhost:27017/urbango"}
{"environment":"development","level":"info","message":"APPLICATION_STARTED","port":"3000","serverUrl":"http://localhost:3000","service":"urbango-api","status":"running","timestamp":"2025-11-25 17:30:41"}
{"environment":"development","level":"info","message":"APPLICATION_STARTING","port":"3000","serverUrl":"http://localhost:3000","service":"urbango-api","timestamp":"2025-11-25 17:33:22"}
{"level":"info","message":"DATABASE_CONNECTED","service":"urbango-api","status":"connected","timestamp":"2025-11-25 17:33:22","url":"mongodb://localhost:27017/urbango"}
{"environment":"development","level":"info","message":"APPLICATION_STARTED","port":"3000","serverUrl":"http://localhost:3000","service":"urbango-api","status":"running","timestamp":"2025-11-25 17:33:22"}
{"environment":"development","level":"info","message":"APPLICATION_STARTING","port":"3000","serverUrl":"http://localhost:3000","service":"urbango-api","timestamp":"2025-11-25 17:36:05"}
{"level":"info","message":"DATABASE_CONNECTED","service":"urbango-api","status":"connected","timestamp":"2025-11-25 17:36:05","url":"mongodb://localhost:27017/urbango"}
{"environment":"development","level":"info","message":"APPLICATION_STARTED","port":"3000","serverUrl":"http://localhost:3000","service":"urbango-api","status":"running","timestamp":"2025-11-25 17:36:05"}
{"environment":"development","level":"info","message":"APPLICATION_STARTING","port":"3000","serverUrl":"http://localhost:3000","service":"urbango-api","timestamp":"2025-11-25 17:36:13"}
{"level":"info","message":"DATABASE_CONNECTED","service":"urbango-api","status":"connected","timestamp":"2025-11-25 17:36:13","url":"mongodb://localhost:27017/urbango"}
{"environment":"development","level":"info","message":"APPLICATION_STARTED","port":"3000","serverUrl":"http://localhost:3000","service":"urbango-api","status":"running","timestamp":"2025-11-25 17:36:13"}
{"environment":"development","level":"info","message":"APPLICATION_STARTING","port":"3000","serverUrl":"http://localhost:3000","service":"urbango-api","timestamp":"2025-11-25 17:36:15"}
{"level":"info","message":"DATABASE_CONNECTED","service":"urbango-api","status":"connected","timestamp":"2025-11-25 17:36:15","url":"mongodb://localhost:27017/urbango"}
{"environment":"development","level":"info","message":"APPLICATION_STARTED","port":"3000","serverUrl":"http://localhost:3000","service":"urbango-api","status":"running","timestamp":"2025-11-25 17:36:15"}
{"environment":"development","level":"info","message":"APPLICATION_STARTING","port":"3000","serverUrl":"http://localhost:3000","service":"urbango-api","timestamp":"2025-11-25 17:36:21"}
{"level":"info","message":"DATABASE_CONNECTED","service":"urbango-api","status":"connected","timestamp":"2025-11-25 17:36:21","url":"mongodb://localhost:27017/urbango"}
{"environment":"development","level":"info","message":"APPLICATION_STARTED","port":"3000","serverUrl":"http://localhost:3000","service":"urbango-api","status":"running","timestamp":"2025-11-25 17:36:21"}
{"environment":"development","level":"info","message":"APPLICATION_STARTING","port":"3000","serverUrl":"http://localhost:3000","service":"urbango-api","timestamp":"2025-11-25 17:36:46"}
{"level":"info","message":"DATABASE_CONNECTED","service":"urbango-api","status":"connected","timestamp":"2025-11-25 17:36:46","url":"mongodb://localhost:27017/urbango"}
{"environment":"development","level":"info","message":"APPLICATION_STARTED","port":"3000","serverUrl":"http://localhost:3000","service":"urbango-api","status":"running","timestamp":"2025-11-25 17:36:46"}
{"environment":"development","level":"info","message":"APPLICATION_STARTING","port":"3000","serverUrl":"http://localhost:3000","service":"urbango-api","timestamp":"2025-11-25 17:36:47"}
{"level":"info","message":"DATABASE_CONNECTED","service":"urbango-api","status":"connected","timestamp":"2025-11-25 17:36:47","url":"mongodb://localhost:27017/urbango"}
{"environment":"development","level":"info","message":"APPLICATION_STARTED","port":"3000","serverUrl":"http://localhost:3000","service":"urbango-api","status":"running","timestamp":"2025-11-25 17:36:47"}
{"environment":"development","level":"info","message":"APPLICATION_STARTING","port":"3000","serverUrl":"http://localhost:3000","service":"urbango-api","timestamp":"2025-11-25 17:36:51"}
{"level":"info","message":"DATABASE_CONNECTED","service":"urbango-api","status":"connected","timestamp":"2025-11-25 17:36:51","url":"mongodb://localhost:27017/urbango"}
{"environment":"development","level":"info","message":"APPLICATION_STARTED","port":"3000","serverUrl":"http://localhost:3000","service":"urbango-api","status":"running","timestamp":"2025-11-25 17:36:51"}
{"environment":"development","level":"info","message":"APPLICATION_STARTING","port":"3000","serverUrl":"http://localhost:3000","service":"urbango-api","timestamp":"2025-11-25 17:37:18"}
{"level":"info","message":"DATABASE_CONNECTED","service":"urbango-api","status":"connected","timestamp":"2025-11-25 17:37:18","url":"mongodb://localhost:27017/urbango"}
{"environment":"development","level":"info","message":"APPLICATION_STARTED","port":"3000","serverUrl":"http://localhost:3000","service":"urbango-api","status":"running","timestamp":"2025-11-25 17:37:18"}
{"environment":"development","level":"info","message":"APPLICATION_STARTING","port":"3000","serverUrl":"http://localhost:3000","service":"urbango-api","timestamp":"2025-11-25 17:37:27"}
{"level":"info","message":"DATABASE_CONNECTED","service":"urbango-api","status":"connected","timestamp":"2025-11-25 17:37:27","url":"mongodb://localhost:27017/urbango"}
{"environment":"development","level":"info","message":"APPLICATION_STARTED","port":"3000","serverUrl":"http://localhost:3000","service":"urbango-api","status":"running","timestamp":"2025-11-25 17:37:27"}
{"environment":"development","level":"info","message":"APPLICATION_STARTING","port":"3000","serverUrl":"http://localhost:3000","service":"urbango-api","timestamp":"2025-11-25 17:39:34"}
{"level":"info","message":"DATABASE_CONNECTED","service":"urbango-api","status":"connected","timestamp":"2025-11-25 17:39:34","url":"mongodb://localhost:27017/urbango"}
{"environment":"development","level":"info","message":"APPLICATION_STARTED","port":"3000","serverUrl":"http://localhost:3000","service":"urbango-api","status":"running","timestamp":"2025-11-25 17:39:34"}
{"environment":"development","level":"info","message":"APPLICATION_STARTING","port":"3000","serverUrl":"http://localhost:3000","service":"urbango-api","timestamp":"2025-11-25 17:39:44"}
{"level":"info","message":"DATABASE_CONNECTED","service":"urbango-api","status":"connected","timestamp":"2025-11-25 17:39:44","url":"mongodb://localhost:27017/urbango"}
{"environment":"development","level":"info","message":"APPLICATION_STARTED","port":"3000","serverUrl":"http://localhost:3000","service":"urbango-api","status":"running","timestamp":"2025-11-25 17:39:44"}
{"environment":"development","level":"info","message":"APPLICATION_STARTING","port":"3000","serverUrl":"http://localhost:3000","service":"urbango-api","timestamp":"2025-11-25 17:39:46"}
{"level":"info","message":"DATABASE_CONNECTED","service":"urbango-api","status":"connected","timestamp":"2025-11-25 17:39:46","url":"mongodb://localhost:27017/urbango"}
{"environment":"development","level":"info","message":"APPLICATION_STARTED","port":"3000","serverUrl":"http://localhost:3000","service":"urbango-api","status":"running","timestamp":"2025-11-25 17:39:46"}
{"environment":"development","level":"info","message":"APPLICATION_STARTING","port":"3000","serverUrl":"http://localhost:3000","service":"urbango-api","timestamp":"2025-11-25 17:40:09"}
{"level":"info","message":"DATABASE_CONNECTED","service":"urbango-api","status":"connected","timestamp":"2025-11-25 17:40:09","url":"mongodb://localhost:27017/urbango"}
{"environment":"development","level":"info","message":"APPLICATION_STARTED","port":"3000","serverUrl":"http://localhost:3000","service":"urbango-api","status":"running","timestamp":"2025-11-25 17:40:09"}
{"environment":"development","level":"info","message":"APPLICATION_STARTING","port":"3000","serverUrl":"http://localhost:3000","service":"urbango-api","timestamp":"2025-11-25 17:41:16"}
{"level":"info","message":"DATABASE_CONNECTED","service":"urbango-api","status":"connected","timestamp":"2025-11-25 17:41:16","url":"mongodb://localhost:27017/urbango"}
{"environment":"development","level":"info","message":"APPLICATION_STARTED","port":"3000","serverUrl":"http://localhost:3000","service":"urbango-api","status":"running","timestamp":"2025-11-25 17:41:16"}
{"environment":"development","level":"info","message":"APPLICATION_STARTING","port":"3000","serverUrl":"http://localhost:3000","service":"urbango-api","timestamp":"2025-11-25 17:42:47"}
{"level":"info","message":"DATABASE_CONNECTED","service":"urbango-api","status":"connected","timestamp":"2025-11-25 17:42:47","url":"mongodb://localhost:27017/urbango"}
{"environment":"development","level":"info","message":"APPLICATION_STARTED","port":"3000","serverUrl":"http://localhost:3000","service":"urbango-api","status":"running","timestamp":"2025-11-25 17:42:47"}
{"environment":"development","level":"info","message":"APPLICATION_STARTING","port":"3000","serverUrl":"http://localhost:3000","service":"urbango-api","timestamp":"2025-11-25 17:42:54"}
{"level":"info","message":"DATABASE_CONNECTED","service":"urbango-api","status":"connected","timestamp":"2025-11-25 17:42:54","url":"mongodb://localhost:27017/urbango"}
{"environment":"development","level":"info","message":"APPLICATION_STARTED","port":"3000","serverUrl":"http://localhost:3000","service":"urbango-api","status":"running","timestamp":"2025-11-25 17:42:54"}
{"environment":"development","level":"info","message":"APPLICATION_STARTING","port":"3000","serverUrl":"http://localhost:3000","service":"urbango-api","timestamp":"2025-11-25 17:42:56"}
{"level":"info","message":"DATABASE_CONNECTED","service":"urbango-api","status":"connected","timestamp":"2025-11-25 17:42:56","url":"mongodb://localhost:27017/urbango"}
{"environment":"development","level":"info","message":"APPLICATION_STARTED","port":"3000","serverUrl":"http://localhost:3000","service":"urbango-api","status":"running","timestamp":"2025-11-25 17:42:56"}
{"environment":"development","level":"info","message":"APPLICATION_STARTING","port":"3000","serverUrl":"http://localhost:3000","service":"urbango-api","timestamp":"2025-11-25 17:42:58"}
{"level":"info","message":"DATABASE_CONNECTED","service":"urbango-api","status":"connected","timestamp":"2025-11-25 17:42:58","url":"mongodb://localhost:27017/urbango"}
{"environment":"development","level":"info","message":"APPLICATION_STARTED","port":"3000","serverUrl":"http://localhost:3000","service":"urbango-api","status":"running","timestamp":"2025-11-25 17:42:58"}
{"environment":"development","level":"info","message":"APPLICATION_STARTING","port":"3000","serverUrl":"http://localhost:3000","service":"urbango-api","timestamp":"2025-11-25 17:43:00"}
{"level":"info","message":"DATABASE_CONNECTED","service":"urbango-api","status":"connected","timestamp":"2025-11-25 17:43:00","url":"mongodb://localhost:27017/urbango"}
{"environment":"development","level":"info","message":"APPLICATION_STARTED","port":"3000","serverUrl":"http://localhost:3000","service":"urbango-api","status":"running","timestamp":"2025-11-25 17:43:00"}
{"environment":"development","level":"info","message":"APPLICATION_STARTING","port":"3000","serverUrl":"http://localhost:3000","service":"urbango-api","timestamp":"2025-11-25 17:43:01"}
{"level":"info","message":"DATABASE_CONNECTED","service":"urbango-api","status":"connected","timestamp":"2025-11-25 17:43:01","url":"mongodb://localhost:27017/urbango"}
{"environment":"development","level":"info","message":"APPLICATION_STARTED","port":"3000","serverUrl":"http://localhost:3000","service":"urbango-api","status":"running","timestamp":"2025-11-25 17:43:01"}
{"environment":"development","level":"info","message":"APPLICATION_STARTING","port":"3000","serverUrl":"http://localhost:3000","service":"urbango-api","timestamp":"2025-11-25 17:43:54"}
{"level":"info","message":"DATABASE_CONNECTED","service":"urbango-api","status":"connected","timestamp":"2025-11-25 17:43:54","url":"mongodb://localhost:27017/urbango"}
{"environment":"development","level":"info","message":"APPLICATION_STARTED","port":"3000","serverUrl":"http://localhost:3000","service":"urbango-api","status":"running","timestamp":"2025-11-25 17:43:54"}
{"environment":"development","level":"info","message":"APPLICATION_STARTING","port":"3000","serverUrl":"http://localhost:3000","service":"urbango-api","timestamp":"2025-11-25 17:44:06"}
{"level":"info","message":"DATABASE_CONNECTED","service":"urbango-api","status":"connected","timestamp":"2025-11-25 17:44:06","url":"mongodb://localhost:27017/urbango"}
{"environment":"development","level":"info","message":"APPLICATION_STARTED","port":"3000","serverUrl":"http://localhost:3000","service":"urbango-api","status":"running","timestamp":"2025-11-25 17:44:06"}
{"environment":"development","level":"info","message":"APPLICATION_STARTING","port":"3000","serverUrl":"http://localhost:3000","service":"urbango-api","timestamp":"2025-11-25 17:45:20"}
{"level":"info","message":"DATABASE_CONNECTED","service":"urbango-api","status":"connected","timestamp":"2025-11-25 17:45:20","url":"mongodb://localhost:27017/urbango"}
{"environment":"development","level":"info","message":"APPLICATION_STARTED","port":"3000","serverUrl":"http://localhost:3000","service":"urbango-api","status":"running","timestamp":"2025-11-25 17:45:20"}
{"environment":"development","level":"info","message":"APPLICATION_STARTING","port":"3000","serverUrl":"http://localhost:3000","service":"urbango-api","timestamp":"2025-11-25 17:45:27"}
{"level":"info","message":"DATABASE_CONNECTED","service":"urbango-api","status":"connected","timestamp":"2025-11-25 17:45:27","url":"mongodb://localhost:27017/urbango"}
{"environment":"development","level":"info","message":"APPLICATION_STARTED","port":"3000","serverUrl":"http://localhost:3000","service":"urbango-api","status":"running","timestamp":"2025-11-25 17:45:27"}
{"environment":"development","level":"info","message":"APPLICATION_STARTING","port":"3000","serverUrl":"http://localhost:3000","service":"urbango-api","timestamp":"2025-11-25 17:50:12"}
{"level":"info","message":"DATABASE_CONNECTED","service":"urbango-api","status":"connected","timestamp":"2025-11-25 17:50:12","url":"mongodb://localhost:27017/urbango"}
{"environment":"development","level":"info","message":"APPLICATION_STARTED","port":"3000","serverUrl":"http://localhost:3000","service":"urbango-api","status":"running","timestamp":"2025-11-25 17:50:12"}
{"environment":"development","level":"info","message":"APPLICATION_STARTING","port":"3000","serverUrl":"http://localhost:3000","service":"urbango-api","timestamp":"2025-11-25 17:51:21"}
{"level":"info","message":"DATABASE_CONNECTED","service":"urbango-api","status":"connected","timestamp":"2025-11-25 17:51:22","url":"mongodb://localhost:27017/urbango"}
{"environment":"development","level":"info","message":"APPLICATION_STARTED","port":"3000","serverUrl":"http://localhost:3000","service":"urbango-api","status":"running","timestamp":"2025-11-25 17:51:22"}
{"environment":"development","level":"info","message":"APPLICATION_STARTING","port":"3000","serverUrl":"http://localhost:3000","service":"urbango-api","timestamp":"2025-11-25 17:51:23"}
{"level":"info","message":"DATABASE_CONNECTED","service":"urbango-api","status":"connected","timestamp":"2025-11-25 17:51:23","url":"mongodb://localhost:27017/urbango"}
{"environment":"development","level":"info","message":"APPLICATION_STARTED","port":"3000","serverUrl":"http://localhost:3000","service":"urbango-api","status":"running","timestamp":"2025-11-25 17:51:23"}
{"environment":"development","level":"info","message":"APPLICATION_STARTING","port":"3000","serverUrl":"http://localhost:3000","service":"urbango-api","timestamp":"2025-11-25 17:52:05"}
{"level":"info","message":"DATABASE_CONNECTED","service":"urbango-api","status":"connected","timestamp":"2025-11-25 17:52:05","url":"mongodb://localhost:27017/urbango"}
{"environment":"development","level":"info","message":"APPLICATION_STARTED","port":"3000","serverUrl":"http://localhost:3000","service":"urbango-api","status":"running","timestamp":"2025-11-25 17:52:05"}
{"environment":"development","level":"info","message":"APPLICATION_STARTING","port":"3000","serverUrl":"http://localhost:3000","service":"urbango-api","timestamp":"2025-11-25 17:52:05"}
{"level":"info","message":"DATABASE_CONNECTED","service":"urbango-api","status":"connected","timestamp":"2025-11-25 17:52:06","url":"mongodb://localhost:27017/urbango"}
{"environment":"development","level":"info","message":"APPLICATION_STARTED","port":"3000","serverUrl":"http://localhost:3000","service":"urbango-api","status":"running","timestamp":"2025-11-25 17:52:06"}
{"environment":"development","level":"info","message":"APPLICATION_STARTING","port":"3000","serverUrl":"http://localhost:3000","service":"urbango-api","timestamp":"2025-11-25 17:52:13"}
{"level":"info","message":"DATABASE_CONNECTED","service":"urbango-api","status":"connected","timestamp":"2025-11-25 17:52:13","url":"mongodb://localhost:27017/urbango"}
{"environment":"development","level":"info","message":"APPLICATION_STARTED","port":"3000","serverUrl":"http://localhost:3000","service":"urbango-api","status":"running","timestamp":"2025-11-25 17:52:13"}
{"environment":"development","level":"info","message":"APPLICATION_STARTING","port":"3000","serverUrl":"http://localhost:3000","service":"urbango-api","timestamp":"2025-11-25 17:52:25"}
{"level":"info","message":"DATABASE_CONNECTED","service":"urbango-api","status":"connected","timestamp":"2025-11-25 17:52:25","url":"mongodb://localhost:27017/urbango"}
{"environment":"development","level":"info","message":"APPLICATION_STARTED","port":"3000","serverUrl":"http://localhost:3000","service":"urbango-api","status":"running","timestamp":"2025-11-25 17:52:25"}
{"environment":"development","level":"info","message":"APPLICATION_STARTING","port":"3000","serverUrl":"http://localhost:3000","service":"urbango-api","timestamp":"2025-11-25 17:52:26"}
{"level":"info","message":"DATABASE_CONNECTED","service":"urbango-api","status":"connected","timestamp":"2025-11-25 17:52:26","url":"mongodb://localhost:27017/urbango"}
{"environment":"development","level":"info","message":"APPLICATION_STARTED","port":"3000","serverUrl":"http://localhost:3000","service":"urbango-api","status":"running","timestamp":"2025-11-25 17:52:26"}
{"environment":"development","level":"info","message":"APPLICATION_STARTING","port":"3000","serverUrl":"http://localhost:3000","service":"urbango-api","timestamp":"2025-11-25 17:52:32"}
{"level":"info","message":"DATABASE_CONNECTED","service":"urbango-api","status":"connected","timestamp":"2025-11-25 17:52:32","url":"mongodb://localhost:27017/urbango"}
{"environment":"development","level":"info","message":"APPLICATION_STARTED","port":"3000","serverUrl":"http://localhost:3000","service":"urbango-api","status":"running","timestamp":"2025-11-25 17:52:32"}
{"environment":"development","level":"info","message":"APPLICATION_STARTING","port":"3000","serverUrl":"http://localhost:3000","service":"urbango-api","timestamp":"2025-11-25 17:55:11"}
{"level":"info","message":"DATABASE_CONNECTED","service":"urbango-api","status":"connected","timestamp":"2025-11-25 17:55:11","url":"mongodb://localhost:27017/urbango"}
{"environment":"development","level":"info","message":"APPLICATION_STARTED","port":"3000","serverUrl":"http://localhost:3000","service":"urbango-api","status":"running","timestamp":"2025-11-25 17:55:11"}
{"environment":"development","level":"info","message":"APPLICATION_STARTING","port":"3000","serverUrl":"http://localhost:3000","service":"urbango-api","timestamp":"2025-11-25 17:55:44"}
{"level":"info","message":"DATABASE_CONNECTED","service":"urbango-api","status":"connected","timestamp":"2025-11-25 17:55:44","url":"mongodb://localhost:27017/urbango"}
{"environment":"development","level":"info","message":"APPLICATION_STARTED","port":"3000","serverUrl":"http://localhost:3000","service":"urbango-api","status":"running","timestamp":"2025-11-25 17:55:44"}
{"environment":"development","level":"info","message":"APPLICATION_STARTING","port":"3000","serverUrl":"http://localhost:3000","service":"urbango-api","timestamp":"2025-11-25 17:55:49"}
{"level":"info","message":"DATABASE_CONNECTED","service":"urbango-api","status":"connected","timestamp":"2025-11-25 17:55:49","url":"mongodb://localhost:27017/urbango"}
{"environment":"development","level":"info","message":"APPLICATION_STARTED","port":"3000","serverUrl":"http://localhost:3000","service":"urbango-api","status":"running","timestamp":"2025-11-25 17:55:49"}
{"environment":"development","level":"info","message":"APPLICATION_STARTING","port":"3000","serverUrl":"http://localhost:3000","service":"urbango-api","timestamp":"2025-11-25 17:56:41"}
{"level":"info","message":"DATABASE_CONNECTED","service":"urbango-api","status":"connected","timestamp":"2025-11-25 17:56:41","url":"mongodb://localhost:27017/urbango"}
{"environment":"development","level":"info","message":"APPLICATION_STARTED","port":"3000","serverUrl":"http://localhost:3000","service":"urbango-api","status":"running","timestamp":"2025-11-25 17:56:41"}
{"environment":"development","level":"info","message":"APPLICATION_STARTING","port":"3000","serverUrl":"http://localhost:3000","service":"urbango-api","timestamp":"2025-11-25 17:56:49"}
{"level":"info","message":"DATABASE_CONNECTED","service":"urbango-api","status":"connected","timestamp":"2025-11-25 17:56:49","url":"mongodb://localhost:27017/urbango"}
{"environment":"development","level":"info","message":"APPLICATION_STARTED","port":"3000","serverUrl":"http://localhost:3000","service":"urbango-api","status":"running","timestamp":"2025-11-25 17:56:49"}
{"ip":"::1","level":"warn","message":"CLIENT_ERROR_404 Route /api/v1//public/data not found","method":"GET","originalError":"Error","service":"urbango-api","stack":"Error: Route /api/v1//public/data not found\n    at D:\\03_Projects\\Backend\\Movon\\src\\app.js:25:17\n    at Layer.handleRequest (D:\\03_Projects\\Backend\\Movon\\node_modules\\router\\lib\\layer.js:152:17)\n    at trimPrefix (D:\\03_Projects\\Backend\\Movon\\node_modules\\router\\index.js:342:13)\n    at D:\\03_Projects\\Backend\\Movon\\node_modules\\router\\index.js:297:9\n    at processParams (D:\\03_Projects\\Backend\\Movon\\node_modules\\router\\index.js:582:12)\n    at next (D:\\03_Projects\\Backend\\Movon\\node_modules\\router\\index.js:291:5)\n    at D:\\03_Projects\\Backend\\Movon\\node_modules\\router\\index.js:688:15\n    at next (D:\\03_Projects\\Backend\\Movon\\node_modules\\router\\index.js:276:14)\n    at Function.handle (D:\\03_Projects\\Backend\\Movon\\node_modules\\router\\index.js:186:3)\n    at router (D:\\03_Projects\\Backend\\Movon\\node_modules\\router\\index.js:60:12)","statusCode":404,"timestamp":"2025-11-25 17:57:03","url":"/api/v1//public/data","userAgent":"Mozilla/5.0 (Linux; Android 6.0; Nexus 5 Build/MRA58N) AppleWebKit/537.36 (KHTML, like Gecko) Chrome/142.0.0.0 Mobile Safari/537.36","userId":"anonymous"}
{"ip":"::1","level":"warn","message":"CLIENT_ERROR_404 Route /.well-known/appspecific/com.chrome.devtools.json not found","method":"GET","originalError":"Error","service":"urbango-api","stack":"Error: Route /.well-known/appspecific/com.chrome.devtools.json not found\n    at D:\\03_Projects\\Backend\\Movon\\src\\app.js:25:17\n    at Layer.handleRequest (D:\\03_Projects\\Backend\\Movon\\node_modules\\router\\lib\\layer.js:152:17)\n    at trimPrefix (D:\\03_Projects\\Backend\\Movon\\node_modules\\router\\index.js:342:13)\n    at D:\\03_Projects\\Backend\\Movon\\node_modules\\router\\index.js:297:9\n    at processParams (D:\\03_Projects\\Backend\\Movon\\node_modules\\router\\index.js:582:12)\n    at next (D:\\03_Projects\\Backend\\Movon\\node_modules\\router\\index.js:291:5)\n    at general (D:\\03_Projects\\Backend\\Movon\\src\\config\\rate-limiter.js:70:7)\n    at process.processTicksAndRejections (node:internal/process/task_queues:95:5)","statusCode":404,"timestamp":"2025-11-25 17:57:04","url":"/.well-known/appspecific/com.chrome.devtools.json","userAgent":"Mozilla/5.0 (Windows NT 10.0; Win64; x64) AppleWebKit/537.36 (KHTML, like Gecko) Chrome/142.0.0.0 Safari/537.36","userId":"anonymous"}
{"ip":"::1","level":"warn","message":"CLIENT_ERROR_404 Route /.well-known/appspecific/com.chrome.devtools.json not found","method":"GET","originalError":"Error","service":"urbango-api","stack":"Error: Route /.well-known/appspecific/com.chrome.devtools.json not found\n    at D:\\03_Projects\\Backend\\Movon\\src\\app.js:25:17\n    at Layer.handleRequest (D:\\03_Projects\\Backend\\Movon\\node_modules\\router\\lib\\layer.js:152:17)\n    at trimPrefix (D:\\03_Projects\\Backend\\Movon\\node_modules\\router\\index.js:342:13)\n    at D:\\03_Projects\\Backend\\Movon\\node_modules\\router\\index.js:297:9\n    at processParams (D:\\03_Projects\\Backend\\Movon\\node_modules\\router\\index.js:582:12)\n    at next (D:\\03_Projects\\Backend\\Movon\\node_modules\\router\\index.js:291:5)\n    at general (D:\\03_Projects\\Backend\\Movon\\src\\config\\rate-limiter.js:70:7)\n    at process.processTicksAndRejections (node:internal/process/task_queues:95:5)","statusCode":404,"timestamp":"2025-11-25 17:57:23","url":"/.well-known/appspecific/com.chrome.devtools.json","userAgent":"Mozilla/5.0 (Windows NT 10.0; Win64; x64) AppleWebKit/537.36 (KHTML, like Gecko) Chrome/142.0.0.0 Safari/537.36","userId":"anonymous"}
{"environment":"development","level":"info","message":"APPLICATION_STARTING","port":"3000","serverUrl":"http://localhost:3000","service":"urbango-api","timestamp":"2025-11-25 17:57:32"}
{"level":"info","message":"DATABASE_CONNECTED","service":"urbango-api","status":"connected","timestamp":"2025-11-25 17:57:32","url":"mongodb://localhost:27017/urbango"}
{"environment":"development","level":"info","message":"APPLICATION_STARTED","port":"3000","serverUrl":"http://localhost:3000","service":"urbango-api","status":"running","timestamp":"2025-11-25 17:57:32"}
{"ip":"::1","level":"warn","message":"CLIENT_ERROR_404 Route /.well-known/appspecific/com.chrome.devtools.json not found","method":"GET","originalError":"Error","service":"urbango-api","stack":"Error: Route /.well-known/appspecific/com.chrome.devtools.json not found\n    at D:\\03_Projects\\Backend\\Movon\\src\\app.js:25:17\n    at Layer.handleRequest (D:\\03_Projects\\Backend\\Movon\\node_modules\\router\\lib\\layer.js:152:17)\n    at trimPrefix (D:\\03_Projects\\Backend\\Movon\\node_modules\\router\\index.js:342:13)\n    at D:\\03_Projects\\Backend\\Movon\\node_modules\\router\\index.js:297:9\n    at processParams (D:\\03_Projects\\Backend\\Movon\\node_modules\\router\\index.js:582:12)\n    at next (D:\\03_Projects\\Backend\\Movon\\node_modules\\router\\index.js:291:5)\n    at general (D:\\03_Projects\\Backend\\Movon\\src\\config\\rate-limiter.js:70:7)\n    at process.processTicksAndRejections (node:internal/process/task_queues:95:5)","statusCode":404,"timestamp":"2025-11-25 18:00:02","url":"/.well-known/appspecific/com.chrome.devtools.json","userAgent":"Mozilla/5.0 (Windows NT 10.0; Win64; x64) AppleWebKit/537.36 (KHTML, like Gecko) Chrome/142.0.0.0 Safari/537.36","userId":"anonymous"}
{"ip":"::1","level":"warn","message":"CLIENT_ERROR_404 Route /.well-known/appspecific/com.chrome.devtools.json not found","method":"GET","originalError":"Error","service":"urbango-api","stack":"Error: Route /.well-known/appspecific/com.chrome.devtools.json not found\n    at D:\\03_Projects\\Backend\\Movon\\src\\app.js:25:17\n    at Layer.handleRequest (D:\\03_Projects\\Backend\\Movon\\node_modules\\router\\lib\\layer.js:152:17)\n    at trimPrefix (D:\\03_Projects\\Backend\\Movon\\node_modules\\router\\index.js:342:13)\n    at D:\\03_Projects\\Backend\\Movon\\node_modules\\router\\index.js:297:9\n    at processParams (D:\\03_Projects\\Backend\\Movon\\node_modules\\router\\index.js:582:12)\n    at next (D:\\03_Projects\\Backend\\Movon\\node_modules\\router\\index.js:291:5)\n    at general (D:\\03_Projects\\Backend\\Movon\\src\\config\\rate-limiter.js:70:7)\n    at process.processTicksAndRejections (node:internal/process/task_queues:95:5)","statusCode":404,"timestamp":"2025-11-25 18:00:05","url":"/.well-known/appspecific/com.chrome.devtools.json","userAgent":"Mozilla/5.0 (Windows NT 10.0; Win64; x64) AppleWebKit/537.36 (KHTML, like Gecko) Chrome/142.0.0.0 Safari/537.36","userId":"anonymous"}
{"ip":"::1","level":"warn","message":"CLIENT_ERROR_404 Route /.well-known/appspecific/com.chrome.devtools.json not found","method":"GET","originalError":"Error","service":"urbango-api","stack":"Error: Route /.well-known/appspecific/com.chrome.devtools.json not found\n    at D:\\03_Projects\\Backend\\Movon\\src\\app.js:25:17\n    at Layer.handleRequest (D:\\03_Projects\\Backend\\Movon\\node_modules\\router\\lib\\layer.js:152:17)\n    at trimPrefix (D:\\03_Projects\\Backend\\Movon\\node_modules\\router\\index.js:342:13)\n    at D:\\03_Projects\\Backend\\Movon\\node_modules\\router\\index.js:297:9\n    at processParams (D:\\03_Projects\\Backend\\Movon\\node_modules\\router\\index.js:582:12)\n    at next (D:\\03_Projects\\Backend\\Movon\\node_modules\\router\\index.js:291:5)\n    at general (D:\\03_Projects\\Backend\\Movon\\src\\config\\rate-limiter.js:70:7)\n    at process.processTicksAndRejections (node:internal/process/task_queues:95:5)","statusCode":404,"timestamp":"2025-11-25 18:00:07","url":"/.well-known/appspecific/com.chrome.devtools.json","userAgent":"Mozilla/5.0 (Windows NT 10.0; Win64; x64) AppleWebKit/537.36 (KHTML, like Gecko) Chrome/142.0.0.0 Safari/537.36","userId":"anonymous"}
{"ip":"::1","level":"warn","message":"CLIENT_ERROR_404 Route /.well-known/appspecific/com.chrome.devtools.json not found","method":"GET","originalError":"Error","service":"urbango-api","stack":"Error: Route /.well-known/appspecific/com.chrome.devtools.json not found\n    at D:\\03_Projects\\Backend\\Movon\\src\\app.js:25:17\n    at Layer.handleRequest (D:\\03_Projects\\Backend\\Movon\\node_modules\\router\\lib\\layer.js:152:17)\n    at trimPrefix (D:\\03_Projects\\Backend\\Movon\\node_modules\\router\\index.js:342:13)\n    at D:\\03_Projects\\Backend\\Movon\\node_modules\\router\\index.js:297:9\n    at processParams (D:\\03_Projects\\Backend\\Movon\\node_modules\\router\\index.js:582:12)\n    at next (D:\\03_Projects\\Backend\\Movon\\node_modules\\router\\index.js:291:5)\n    at general (D:\\03_Projects\\Backend\\Movon\\src\\config\\rate-limiter.js:70:7)\n    at process.processTicksAndRejections (node:internal/process/task_queues:95:5)","statusCode":404,"timestamp":"2025-11-25 18:00:08","url":"/.well-known/appspecific/com.chrome.devtools.json","userAgent":"Mozilla/5.0 (Windows NT 10.0; Win64; x64) AppleWebKit/537.36 (KHTML, like Gecko) Chrome/142.0.0.0 Safari/537.36","userId":"anonymous"}
{"ip":"::1","level":"warn","message":"CLIENT_ERROR_404 Route /.well-known/appspecific/com.chrome.devtools.json not found","method":"GET","originalError":"Error","service":"urbango-api","stack":"Error: Route /.well-known/appspecific/com.chrome.devtools.json not found\n    at D:\\03_Projects\\Backend\\Movon\\src\\app.js:25:17\n    at Layer.handleRequest (D:\\03_Projects\\Backend\\Movon\\node_modules\\router\\lib\\layer.js:152:17)\n    at trimPrefix (D:\\03_Projects\\Backend\\Movon\\node_modules\\router\\index.js:342:13)\n    at D:\\03_Projects\\Backend\\Movon\\node_modules\\router\\index.js:297:9\n    at processParams (D:\\03_Projects\\Backend\\Movon\\node_modules\\router\\index.js:582:12)\n    at next (D:\\03_Projects\\Backend\\Movon\\node_modules\\router\\index.js:291:5)\n    at general (D:\\03_Projects\\Backend\\Movon\\src\\config\\rate-limiter.js:70:7)\n    at process.processTicksAndRejections (node:internal/process/task_queues:95:5)","statusCode":404,"timestamp":"2025-11-25 18:00:11","url":"/.well-known/appspecific/com.chrome.devtools.json","userAgent":"Mozilla/5.0 (Windows NT 10.0; Win64; x64) AppleWebKit/537.36 (KHTML, like Gecko) Chrome/142.0.0.0 Safari/537.36","userId":"anonymous"}
{"ip":"::1","level":"warn","message":"CLIENT_ERROR_404 Route /.well-known/appspecific/com.chrome.devtools.json not found","method":"GET","originalError":"Error","service":"urbango-api","stack":"Error: Route /.well-known/appspecific/com.chrome.devtools.json not found\n    at D:\\03_Projects\\Backend\\Movon\\src\\app.js:25:17\n    at Layer.handleRequest (D:\\03_Projects\\Backend\\Movon\\node_modules\\router\\lib\\layer.js:152:17)\n    at trimPrefix (D:\\03_Projects\\Backend\\Movon\\node_modules\\router\\index.js:342:13)\n    at D:\\03_Projects\\Backend\\Movon\\node_modules\\router\\index.js:297:9\n    at processParams (D:\\03_Projects\\Backend\\Movon\\node_modules\\router\\index.js:582:12)\n    at next (D:\\03_Projects\\Backend\\Movon\\node_modules\\router\\index.js:291:5)\n    at general (D:\\03_Projects\\Backend\\Movon\\src\\config\\rate-limiter.js:70:7)\n    at process.processTicksAndRejections (node:internal/process/task_queues:95:5)","statusCode":404,"timestamp":"2025-11-25 18:00:12","url":"/.well-known/appspecific/com.chrome.devtools.json","userAgent":"Mozilla/5.0 (Windows NT 10.0; Win64; x64) AppleWebKit/537.36 (KHTML, like Gecko) Chrome/142.0.0.0 Safari/537.36","userId":"anonymous"}
{"ip":"::1","level":"warn","message":"CLIENT_ERROR_404 Route /.well-known/appspecific/com.chrome.devtools.json not found","method":"GET","originalError":"Error","service":"urbango-api","stack":"Error: Route /.well-known/appspecific/com.chrome.devtools.json not found\n    at D:\\03_Projects\\Backend\\Movon\\src\\app.js:25:17\n    at Layer.handleRequest (D:\\03_Projects\\Backend\\Movon\\node_modules\\router\\lib\\layer.js:152:17)\n    at trimPrefix (D:\\03_Projects\\Backend\\Movon\\node_modules\\router\\index.js:342:13)\n    at D:\\03_Projects\\Backend\\Movon\\node_modules\\router\\index.js:297:9\n    at processParams (D:\\03_Projects\\Backend\\Movon\\node_modules\\router\\index.js:582:12)\n    at next (D:\\03_Projects\\Backend\\Movon\\node_modules\\router\\index.js:291:5)\n    at general (D:\\03_Projects\\Backend\\Movon\\src\\config\\rate-limiter.js:70:7)\n    at process.processTicksAndRejections (node:internal/process/task_queues:95:5)","statusCode":404,"timestamp":"2025-11-25 18:00:14","url":"/.well-known/appspecific/com.chrome.devtools.json","userAgent":"Mozilla/5.0 (Windows NT 10.0; Win64; x64) AppleWebKit/537.36 (KHTML, like Gecko) Chrome/142.0.0.0 Safari/537.36","userId":"anonymous"}
{"ip":"::1","level":"warn","message":"CLIENT_ERROR_404 Route /api/v1/public/auth/login not found","method":"GET","originalError":"Error","service":"urbango-api","stack":"Error: Route /api/v1/public/auth/login not found\n    at D:\\03_Projects\\Backend\\Movon\\src\\app.js:25:17\n    at Layer.handleRequest (D:\\03_Projects\\Backend\\Movon\\node_modules\\router\\lib\\layer.js:152:17)\n    at trimPrefix (D:\\03_Projects\\Backend\\Movon\\node_modules\\router\\index.js:342:13)\n    at D:\\03_Projects\\Backend\\Movon\\node_modules\\router\\index.js:297:9\n    at processParams (D:\\03_Projects\\Backend\\Movon\\node_modules\\router\\index.js:582:12)\n    at next (D:\\03_Projects\\Backend\\Movon\\node_modules\\router\\index.js:291:5)\n    at D:\\03_Projects\\Backend\\Movon\\node_modules\\router\\index.js:688:15\n    at next (D:\\03_Projects\\Backend\\Movon\\node_modules\\router\\index.js:276:14)\n    at Function.handle (D:\\03_Projects\\Backend\\Movon\\node_modules\\router\\index.js:186:3)\n    at router (D:\\03_Projects\\Backend\\Movon\\node_modules\\router\\index.js:60:12)","statusCode":404,"timestamp":"2025-11-25 18:00:38","url":"/api/v1/public/auth/login","userAgent":"Mozilla/5.0 (Linux; Android 6.0; Nexus 5 Build/MRA58N) AppleWebKit/537.36 (KHTML, like Gecko) Chrome/142.0.0.0 Mobile Safari/537.36","userId":"anonymous"}
{"ip":"::1","level":"warn","message":"CLIENT_ERROR_404 Route /.well-known/appspecific/com.chrome.devtools.json not found","method":"GET","originalError":"Error","service":"urbango-api","stack":"Error: Route /.well-known/appspecific/com.chrome.devtools.json not found\n    at D:\\03_Projects\\Backend\\Movon\\src\\app.js:25:17\n    at Layer.handleRequest (D:\\03_Projects\\Backend\\Movon\\node_modules\\router\\lib\\layer.js:152:17)\n    at trimPrefix (D:\\03_Projects\\Backend\\Movon\\node_modules\\router\\index.js:342:13)\n    at D:\\03_Projects\\Backend\\Movon\\node_modules\\router\\index.js:297:9\n    at processParams (D:\\03_Projects\\Backend\\Movon\\node_modules\\router\\index.js:582:12)\n    at next (D:\\03_Projects\\Backend\\Movon\\node_modules\\router\\index.js:291:5)\n    at general (D:\\03_Projects\\Backend\\Movon\\src\\config\\rate-limiter.js:70:7)\n    at process.processTicksAndRejections (node:internal/process/task_queues:95:5)","statusCode":404,"timestamp":"2025-11-25 18:00:38","url":"/.well-known/appspecific/com.chrome.devtools.json","userAgent":"Mozilla/5.0 (Windows NT 10.0; Win64; x64) AppleWebKit/537.36 (KHTML, like Gecko) Chrome/142.0.0.0 Safari/537.36","userId":"anonymous"}
{"ip":"::1","level":"warn","message":"CLIENT_ERROR_404 Route /api/v1/auth/login not found","method":"GET","originalError":"Error","service":"urbango-api","stack":"Error: Route /api/v1/auth/login not found\n    at D:\\03_Projects\\Backend\\Movon\\src\\app.js:25:17\n    at Layer.handleRequest (D:\\03_Projects\\Backend\\Movon\\node_modules\\router\\lib\\layer.js:152:17)\n    at trimPrefix (D:\\03_Projects\\Backend\\Movon\\node_modules\\router\\index.js:342:13)\n    at D:\\03_Projects\\Backend\\Movon\\node_modules\\router\\index.js:297:9\n    at processParams (D:\\03_Projects\\Backend\\Movon\\node_modules\\router\\index.js:582:12)\n    at next (D:\\03_Projects\\Backend\\Movon\\node_modules\\router\\index.js:291:5)\n    at D:\\03_Projects\\Backend\\Movon\\node_modules\\router\\index.js:688:15\n    at next (D:\\03_Projects\\Backend\\Movon\\node_modules\\router\\index.js:276:14)\n    at Function.handle (D:\\03_Projects\\Backend\\Movon\\node_modules\\router\\index.js:186:3)\n    at router (D:\\03_Projects\\Backend\\Movon\\node_modules\\router\\index.js:60:12)","statusCode":404,"timestamp":"2025-11-25 18:00:45","url":"/api/v1/auth/login","userAgent":"Mozilla/5.0 (Linux; Android 6.0; Nexus 5 Build/MRA58N) AppleWebKit/537.36 (KHTML, like Gecko) Chrome/142.0.0.0 Mobile Safari/537.36","userId":"anonymous"}
{"ip":"::1","level":"warn","message":"CLIENT_ERROR_404 Route /.well-known/appspecific/com.chrome.devtools.json not found","method":"GET","originalError":"Error","service":"urbango-api","stack":"Error: Route /.well-known/appspecific/com.chrome.devtools.json not found\n    at D:\\03_Projects\\Backend\\Movon\\src\\app.js:25:17\n    at Layer.handleRequest (D:\\03_Projects\\Backend\\Movon\\node_modules\\router\\lib\\layer.js:152:17)\n    at trimPrefix (D:\\03_Projects\\Backend\\Movon\\node_modules\\router\\index.js:342:13)\n    at D:\\03_Projects\\Backend\\Movon\\node_modules\\router\\index.js:297:9\n    at processParams (D:\\03_Projects\\Backend\\Movon\\node_modules\\router\\index.js:582:12)\n    at next (D:\\03_Projects\\Backend\\Movon\\node_modules\\router\\index.js:291:5)\n    at general (D:\\03_Projects\\Backend\\Movon\\src\\config\\rate-limiter.js:70:7)\n    at process.processTicksAndRejections (node:internal/process/task_queues:95:5)","statusCode":404,"timestamp":"2025-11-25 18:00:45","url":"/.well-known/appspecific/com.chrome.devtools.json","userAgent":"Mozilla/5.0 (Windows NT 10.0; Win64; x64) AppleWebKit/537.36 (KHTML, like Gecko) Chrome/142.0.0.0 Safari/537.36","userId":"anonymous"}
{"ip":"::1","level":"warn","message":"CLIENT_ERROR_404 Route /api/v1/auth/login not found","method":"GET","originalError":"Error","service":"urbango-api","stack":"Error: Route /api/v1/auth/login not found\n    at D:\\03_Projects\\Backend\\Movon\\src\\app.js:25:17\n    at Layer.handleRequest (D:\\03_Projects\\Backend\\Movon\\node_modules\\router\\lib\\layer.js:152:17)\n    at trimPrefix (D:\\03_Projects\\Backend\\Movon\\node_modules\\router\\index.js:342:13)\n    at D:\\03_Projects\\Backend\\Movon\\node_modules\\router\\index.js:297:9\n    at processParams (D:\\03_Projects\\Backend\\Movon\\node_modules\\router\\index.js:582:12)\n    at next (D:\\03_Projects\\Backend\\Movon\\node_modules\\router\\index.js:291:5)\n    at D:\\03_Projects\\Backend\\Movon\\node_modules\\router\\index.js:688:15\n    at next (D:\\03_Projects\\Backend\\Movon\\node_modules\\router\\index.js:276:14)\n    at Function.handle (D:\\03_Projects\\Backend\\Movon\\node_modules\\router\\index.js:186:3)\n    at router (D:\\03_Projects\\Backend\\Movon\\node_modules\\router\\index.js:60:12)","statusCode":404,"timestamp":"2025-11-25 18:00:58","url":"/api/v1/auth/login","userAgent":"Mozilla/5.0 (Linux; Android 6.0; Nexus 5 Build/MRA58N) AppleWebKit/537.36 (KHTML, like Gecko) Chrome/142.0.0.0 Mobile Safari/537.36","userId":"anonymous"}
{"ip":"::1","level":"warn","message":"CLIENT_ERROR_404 Route /.well-known/appspecific/com.chrome.devtools.json not found","method":"GET","originalError":"Error","service":"urbango-api","stack":"Error: Route /.well-known/appspecific/com.chrome.devtools.json not found\n    at D:\\03_Projects\\Backend\\Movon\\src\\app.js:25:17\n    at Layer.handleRequest (D:\\03_Projects\\Backend\\Movon\\node_modules\\router\\lib\\layer.js:152:17)\n    at trimPrefix (D:\\03_Projects\\Backend\\Movon\\node_modules\\router\\index.js:342:13)\n    at D:\\03_Projects\\Backend\\Movon\\node_modules\\router\\index.js:297:9\n    at processParams (D:\\03_Projects\\Backend\\Movon\\node_modules\\router\\index.js:582:12)\n    at next (D:\\03_Projects\\Backend\\Movon\\node_modules\\router\\index.js:291:5)\n    at general (D:\\03_Projects\\Backend\\Movon\\src\\config\\rate-limiter.js:70:7)\n    at process.processTicksAndRejections (node:internal/process/task_queues:95:5)","statusCode":404,"timestamp":"2025-11-25 18:00:58","url":"/.well-known/appspecific/com.chrome.devtools.json","userAgent":"Mozilla/5.0 (Windows NT 10.0; Win64; x64) AppleWebKit/537.36 (KHTML, like Gecko) Chrome/142.0.0.0 Safari/537.36","userId":"anonymous"}
{"ip":"::1","level":"warn","message":"CLIENT_ERROR_404 Route /.well-known/appspecific/com.chrome.devtools.json not found","method":"GET","originalError":"Error","service":"urbango-api","stack":"Error: Route /.well-known/appspecific/com.chrome.devtools.json not found\n    at D:\\03_Projects\\Backend\\Movon\\src\\app.js:25:17\n    at Layer.handleRequest (D:\\03_Projects\\Backend\\Movon\\node_modules\\router\\lib\\layer.js:152:17)\n    at trimPrefix (D:\\03_Projects\\Backend\\Movon\\node_modules\\router\\index.js:342:13)\n    at D:\\03_Projects\\Backend\\Movon\\node_modules\\router\\index.js:297:9\n    at processParams (D:\\03_Projects\\Backend\\Movon\\node_modules\\router\\index.js:582:12)\n    at next (D:\\03_Projects\\Backend\\Movon\\node_modules\\router\\index.js:291:5)\n    at general (D:\\03_Projects\\Backend\\Movon\\src\\config\\rate-limiter.js:70:7)\n    at process.processTicksAndRejections (node:internal/process/task_queues:95:5)","statusCode":404,"timestamp":"2025-11-25 18:01:25","url":"/.well-known/appspecific/com.chrome.devtools.json","userAgent":"Mozilla/5.0 (Windows NT 10.0; Win64; x64) AppleWebKit/537.36 (KHTML, like Gecko) Chrome/142.0.0.0 Safari/537.36","userId":"anonymous"}
{"ip":"::1","level":"warn","message":"CLIENT_ERROR_404 Route /api/v1/auth/login not found","method":"GET","originalError":"Error","service":"urbango-api","stack":"Error: Route /api/v1/auth/login not found\n    at D:\\03_Projects\\Backend\\Movon\\src\\app.js:25:17\n    at Layer.handleRequest (D:\\03_Projects\\Backend\\Movon\\node_modules\\router\\lib\\layer.js:152:17)\n    at trimPrefix (D:\\03_Projects\\Backend\\Movon\\node_modules\\router\\index.js:342:13)\n    at D:\\03_Projects\\Backend\\Movon\\node_modules\\router\\index.js:297:9\n    at processParams (D:\\03_Projects\\Backend\\Movon\\node_modules\\router\\index.js:582:12)\n    at next (D:\\03_Projects\\Backend\\Movon\\node_modules\\router\\index.js:291:5)\n    at D:\\03_Projects\\Backend\\Movon\\node_modules\\router\\index.js:688:15\n    at next (D:\\03_Projects\\Backend\\Movon\\node_modules\\router\\index.js:276:14)\n    at Function.handle (D:\\03_Projects\\Backend\\Movon\\node_modules\\router\\index.js:186:3)\n    at router (D:\\03_Projects\\Backend\\Movon\\node_modules\\router\\index.js:60:12)","statusCode":404,"timestamp":"2025-11-25 18:01:35","url":"/api/v1/auth/login","userAgent":"Mozilla/5.0 (Linux; Android 6.0; Nexus 5 Build/MRA58N) AppleWebKit/537.36 (KHTML, like Gecko) Chrome/142.0.0.0 Mobile Safari/537.36","userId":"anonymous"}
{"ip":"::1","level":"warn","message":"CLIENT_ERROR_404 Route /.well-known/appspecific/com.chrome.devtools.json not found","method":"GET","originalError":"Error","service":"urbango-api","stack":"Error: Route /.well-known/appspecific/com.chrome.devtools.json not found\n    at D:\\03_Projects\\Backend\\Movon\\src\\app.js:25:17\n    at Layer.handleRequest (D:\\03_Projects\\Backend\\Movon\\node_modules\\router\\lib\\layer.js:152:17)\n    at trimPrefix (D:\\03_Projects\\Backend\\Movon\\node_modules\\router\\index.js:342:13)\n    at D:\\03_Projects\\Backend\\Movon\\node_modules\\router\\index.js:297:9\n    at processParams (D:\\03_Projects\\Backend\\Movon\\node_modules\\router\\index.js:582:12)\n    at next (D:\\03_Projects\\Backend\\Movon\\node_modules\\router\\index.js:291:5)\n    at general (D:\\03_Projects\\Backend\\Movon\\src\\config\\rate-limiter.js:70:7)\n    at process.processTicksAndRejections (node:internal/process/task_queues:95:5)","statusCode":404,"timestamp":"2025-11-25 18:01:35","url":"/.well-known/appspecific/com.chrome.devtools.json","userAgent":"Mozilla/5.0 (Windows NT 10.0; Win64; x64) AppleWebKit/537.36 (KHTML, like Gecko) Chrome/142.0.0.0 Safari/537.36","userId":"anonymous"}
{"environment":"development","level":"info","message":"APPLICATION_STARTING","port":"3000","serverUrl":"http://localhost:3000","service":"urbango-api","timestamp":"2025-12-07 15:26:37"}
{"level":"info","message":"DATABASE_CONNECTED","service":"urbango-api","status":"connected","timestamp":"2025-12-07 15:26:37","url":"mongodb://localhost:27017/urbango"}
{"environment":"development","level":"info","message":"APPLICATION_STARTED","port":"3000","serverUrl":"http://localhost:3000","service":"urbango-api","status":"running","timestamp":"2025-12-07 15:26:37"}
{"environment":"development","level":"info","message":"APPLICATION_STARTING","port":"3000","serverUrl":"http://localhost:3000","service":"urbango-api","timestamp":"2025-12-07 15:48:15"}
{"level":"info","message":"DATABASE_CONNECTED","service":"urbango-api","status":"connected","timestamp":"2025-12-07 15:48:15","url":"mongodb://localhost:27017/urbango"}
{"environment":"development","level":"info","message":"APPLICATION_STARTED","port":"3000","serverUrl":"http://localhost:3000","service":"urbango-api","status":"running","timestamp":"2025-12-07 15:48:15"}
{"environment":"development","level":"info","message":"APPLICATION_STARTING","port":"3000","serverUrl":"http://localhost:3000","service":"urbango-api","timestamp":"2025-12-07 15:49:56"}
{"level":"info","message":"DATABASE_CONNECTED","service":"urbango-api","status":"connected","timestamp":"2025-12-07 15:49:56","url":"mongodb://localhost:27017/urbango"}
{"environment":"development","level":"info","message":"APPLICATION_STARTED","port":"3000","serverUrl":"http://localhost:3000","service":"urbango-api","status":"running","timestamp":"2025-12-07 15:49:56"}
{"environment":"development","level":"info","message":"APPLICATION_STARTING","port":"3000","serverUrl":"http://localhost:3000","service":"urbango-api","timestamp":"2025-12-07 16:28:21"}
{"level":"info","message":"DATABASE_CONNECTED","service":"urbango-api","status":"connected","timestamp":"2025-12-07 16:28:21","url":"mongodb://localhost:27017/urbango"}
{"environment":"development","level":"info","message":"APPLICATION_STARTED","port":"3000","serverUrl":"http://localhost:3000","service":"urbango-api","status":"running","timestamp":"2025-12-07 16:28:21"}
{"environment":"development","level":"info","message":"APPLICATION_STARTING","port":"3000","serverUrl":"http://localhost:3000","service":"urbango-api","timestamp":"2025-12-11 18:49:59"}
{"level":"info","message":"DATABASE_CONNECTED","service":"urbango-api","status":"connected","timestamp":"2025-12-11 18:49:59","url":"mongodb://localhost:27017/urbango"}
{"environment":"development","level":"info","message":"APPLICATION_STARTED","port":"3000","serverUrl":"http://localhost:3000","service":"urbango-api","status":"running","timestamp":"2025-12-11 18:49:59"}
{"environment":"development","level":"info","message":"APPLICATION_STARTING","port":"3000","serverUrl":"http://localhost:3000","service":"urbango-api","timestamp":"2025-12-11 19:00:20"}
{"level":"info","message":"DATABASE_CONNECTED","service":"urbango-api","status":"connected","timestamp":"2025-12-11 19:00:20","url":"mongodb://localhost:27017/urbango"}
{"environment":"development","level":"info","message":"APPLICATION_STARTED","port":"3000","serverUrl":"http://localhost:3000","service":"urbango-api","status":"running","timestamp":"2025-12-11 19:00:20"}
{"environment":"development","level":"info","message":"APPLICATION_STARTING","port":"3000","serverUrl":"http://localhost:3000","service":"urbango-api","timestamp":"2025-12-19 17:13:43"}
{"level":"info","message":"DATABASE_CONNECTED","service":"urbango-api","status":"connected","timestamp":"2025-12-19 17:13:44","url":"mongodb://localhost:27017/urbango"}
{"environment":"development","level":"info","message":"APPLICATION_STARTED","port":"3000","serverUrl":"http://localhost:3000","service":"urbango-api","status":"running","timestamp":"2025-12-19 17:13:44"}
{"environment":"development","level":"info","message":"APPLICATION_STARTING","port":"3000","serverUrl":"http://localhost:3000","service":"urbango-api","timestamp":"2025-12-19 17:14:10"}
{"level":"info","message":"DATABASE_CONNECTED","service":"urbango-api","status":"connected","timestamp":"2025-12-19 17:14:10","url":"mongodb://localhost:27017/urbango"}
{"environment":"development","level":"info","message":"APPLICATION_STARTED","port":"3000","serverUrl":"http://localhost:3000","service":"urbango-api","status":"running","timestamp":"2025-12-19 17:14:10"}
{"environment":"development","level":"info","message":"APPLICATION_STARTING","port":"3000","serverUrl":"http://localhost:3000","service":"urbango-api","timestamp":"2025-12-19 17:14:12"}
{"level":"info","message":"DATABASE_CONNECTED","service":"urbango-api","status":"connected","timestamp":"2025-12-19 17:14:12","url":"mongodb://localhost:27017/urbango"}
{"environment":"development","level":"info","message":"APPLICATION_STARTED","port":"3000","serverUrl":"http://localhost:3000","service":"urbango-api","status":"running","timestamp":"2025-12-19 17:14:12"}
{"environment":"development","level":"info","message":"APPLICATION_STARTING","port":"3000","serverUrl":"http://localhost:3000","service":"urbango-api","timestamp":"2025-12-19 17:14:15"}
{"level":"info","message":"DATABASE_CONNECTED","service":"urbango-api","status":"connected","timestamp":"2025-12-19 17:14:15","url":"mongodb://localhost:27017/urbango"}
{"environment":"development","level":"info","message":"APPLICATION_STARTED","port":"3000","serverUrl":"http://localhost:3000","service":"urbango-api","status":"running","timestamp":"2025-12-19 17:14:15"}
{"environment":"development","level":"info","message":"APPLICATION_STARTING","port":"3000","serverUrl":"http://localhost:3000","service":"urbango-api","timestamp":"2025-12-19 17:14:17"}
{"level":"info","message":"DATABASE_CONNECTED","service":"urbango-api","status":"connected","timestamp":"2025-12-19 17:14:17","url":"mongodb://localhost:27017/urbango"}
{"environment":"development","level":"info","message":"APPLICATION_STARTED","port":"3000","serverUrl":"http://localhost:3000","service":"urbango-api","status":"running","timestamp":"2025-12-19 17:14:17"}
{"environment":"development","level":"info","message":"APPLICATION_STARTING","port":"3000","serverUrl":"http://localhost:3000","service":"urbango-api","timestamp":"2025-12-19 17:14:22"}
{"level":"info","message":"DATABASE_CONNECTED","service":"urbango-api","status":"connected","timestamp":"2025-12-19 17:14:22","url":"mongodb://localhost:27017/urbango"}
{"environment":"development","level":"info","message":"APPLICATION_STARTED","port":"3000","serverUrl":"http://localhost:3000","service":"urbango-api","status":"running","timestamp":"2025-12-19 17:14:22"}
{"environment":"development","level":"info","message":"APPLICATION_STARTING","port":"3000","serverUrl":"http://localhost:3000","service":"urbango-api","timestamp":"2025-12-19 17:14:24"}
{"level":"info","message":"DATABASE_CONNECTED","service":"urbango-api","status":"connected","timestamp":"2025-12-19 17:14:24","url":"mongodb://localhost:27017/urbango"}
{"environment":"development","level":"info","message":"APPLICATION_STARTED","port":"3000","serverUrl":"http://localhost:3000","service":"urbango-api","status":"running","timestamp":"2025-12-19 17:14:24"}
{"environment":"development","level":"info","message":"APPLICATION_STARTING","port":"3000","serverUrl":"http://localhost:3000","service":"urbango-api","timestamp":"2025-12-19 17:35:23"}
{"level":"info","message":"DATABASE_CONNECTED","service":"urbango-api","status":"connected","timestamp":"2025-12-19 17:35:23","url":"mongodb://localhost:27017/urbango"}
{"environment":"development","level":"info","message":"APPLICATION_STARTED","port":"3000","serverUrl":"http://localhost:3000","service":"urbango-api","status":"running","timestamp":"2025-12-19 17:35:23"}
{"environment":"development","level":"info","message":"APPLICATION_STARTING","port":"3000","serverUrl":"http://localhost:3000","service":"urbango-api","timestamp":"2025-12-19 17:37:07"}
{"level":"info","message":"DATABASE_CONNECTED","service":"urbango-api","status":"connected","timestamp":"2025-12-19 17:37:07","url":"mongodb://localhost:27017/urbango"}
{"environment":"development","level":"info","message":"APPLICATION_STARTED","port":"3000","serverUrl":"http://localhost:3000","service":"urbango-api","status":"running","timestamp":"2025-12-19 17:37:07"}
{"environment":"development","level":"info","message":"APPLICATION_STARTING","port":"3000","serverUrl":"http://localhost:3000","service":"urbango-api","timestamp":"2025-12-19 17:38:43"}
{"level":"info","message":"DATABASE_CONNECTED","service":"urbango-api","status":"connected","timestamp":"2025-12-19 17:38:43","url":"mongodb://localhost:27017/urbango"}
{"environment":"development","level":"info","message":"APPLICATION_STARTED","port":"3000","serverUrl":"http://localhost:3000","service":"urbango-api","status":"running","timestamp":"2025-12-19 17:38:43"}
{"environment":"development","level":"info","message":"APPLICATION_STARTING","port":"3000","serverUrl":"http://localhost:3000","service":"urbango-api","timestamp":"2025-12-19 17:39:19"}
{"level":"info","message":"DATABASE_CONNECTED","service":"urbango-api","status":"connected","timestamp":"2025-12-19 17:39:19","url":"mongodb://localhost:27017/urbango"}
{"environment":"development","level":"info","message":"APPLICATION_STARTED","port":"3000","serverUrl":"http://localhost:3000","service":"urbango-api","status":"running","timestamp":"2025-12-19 17:39:19"}
{"environment":"development","level":"info","message":"APPLICATION_STARTING","port":"3000","serverUrl":"http://localhost:3000","service":"urbango-api","timestamp":"2025-12-19 17:39:52"}
{"level":"info","message":"DATABASE_CONNECTED","service":"urbango-api","status":"connected","timestamp":"2025-12-19 17:39:52","url":"mongodb://localhost:27017/urbango"}
{"environment":"development","level":"info","message":"APPLICATION_STARTED","port":"3000","serverUrl":"http://localhost:3000","service":"urbango-api","status":"running","timestamp":"2025-12-19 17:39:52"}
{"environment":"development","level":"info","message":"APPLICATION_STARTING","port":"3000","serverUrl":"http://localhost:3000","service":"urbango-api","timestamp":"2025-12-19 17:39:57"}
{"level":"info","message":"DATABASE_CONNECTED","service":"urbango-api","status":"connected","timestamp":"2025-12-19 17:39:57","url":"mongodb://localhost:27017/urbango"}
{"environment":"development","level":"info","message":"APPLICATION_STARTED","port":"3000","serverUrl":"http://localhost:3000","service":"urbango-api","status":"running","timestamp":"2025-12-19 17:39:57"}
{"environment":"development","level":"info","message":"APPLICATION_STARTING","port":"3000","serverUrl":"http://localhost:3000","service":"urbango-api","timestamp":"2025-12-19 17:40:01"}
{"level":"info","message":"DATABASE_CONNECTED","service":"urbango-api","status":"connected","timestamp":"2025-12-19 17:40:01","url":"mongodb://localhost:27017/urbango"}
{"environment":"development","level":"info","message":"APPLICATION_STARTED","port":"3000","serverUrl":"http://localhost:3000","service":"urbango-api","status":"running","timestamp":"2025-12-19 17:40:01"}
{"environment":"development","level":"info","message":"APPLICATION_STARTING","port":"3000","serverUrl":"http://localhost:3000","service":"urbango-api","timestamp":"2025-12-19 18:04:52"}
{"level":"info","message":"DATABASE_CONNECTED","service":"urbango-api","status":"connected","timestamp":"2025-12-19 18:04:52","url":"mongodb://localhost:27017/urbango"}
{"environment":"development","level":"info","message":"APPLICATION_STARTED","port":"3000","serverUrl":"http://localhost:3000","service":"urbango-api","status":"running","timestamp":"2025-12-19 18:04:52"}
{"environment":"development","level":"info","message":"APPLICATION_STARTING","port":"3000","serverUrl":"http://localhost:3000","service":"urbango-api","timestamp":"2025-12-19 18:04:55"}
{"level":"info","message":"DATABASE_CONNECTED","service":"urbango-api","status":"connected","timestamp":"2025-12-19 18:04:56","url":"mongodb://localhost:27017/urbango"}
{"environment":"development","level":"info","message":"APPLICATION_STARTED","port":"3000","serverUrl":"http://localhost:3000","service":"urbango-api","status":"running","timestamp":"2025-12-19 18:04:56"}
{"environment":"development","level":"info","message":"APPLICATION_STARTING","port":"3000","serverUrl":"http://localhost:3000","service":"urbango-api","timestamp":"2025-12-20 18:54:24"}
{"level":"info","message":"DATABASE_CONNECTED","service":"urbango-api","status":"connected","timestamp":"2025-12-20 18:54:24","url":"mongodb://localhost:27017/urbango"}
{"environment":"development","level":"info","message":"APPLICATION_STARTED","port":"3000","serverUrl":"http://localhost:3000","service":"urbango-api","status":"running","timestamp":"2025-12-20 18:54:24"}
{"environment":"development","level":"info","message":"APPLICATION_STARTING","port":"3000","serverUrl":"http://localhost:3000","service":"urbango-api","timestamp":"2025-12-20 18:59:25"}
{"level":"info","message":"DATABASE_CONNECTED","service":"urbango-api","status":"connected","timestamp":"2025-12-20 18:59:26","url":"mongodb://localhost:27017/urbango"}
{"environment":"development","level":"info","message":"APPLICATION_STARTED","port":"3000","serverUrl":"http://localhost:3000","service":"urbango-api","status":"running","timestamp":"2025-12-20 18:59:26"}
{"ip":"::1","level":"error","message":"SERVER_ERROR_500 Cannot read properties of undefined (reading '_id')","method":"POST","originalError":"TypeError","requestBody":{"description":"Can manage team members","displayName":"Manager Role","level":2,"metadata":{"scope":"department"},"permissions":["65d4a1b2c8e9f01234567890"],"roleName":"MANAGER"},"service":"urbango-api","stack":"TypeError: Cannot read properties of undefined (reading '_id')\n    at create (D:\\03_Projects\\Backend\\Movon\\src\\controllers\\roleController.js:5:67)\n    at Layer.handleRequest (D:\\03_Projects\\Backend\\Movon\\node_modules\\router\\lib\\layer.js:152:17)\n    at next (D:\\03_Projects\\Backend\\Movon\\node_modules\\router\\lib\\route.js:157:13)\n    at Route.dispatch (D:\\03_Projects\\Backend\\Movon\\node_modules\\router\\lib\\route.js:117:3)\n    at handle (D:\\03_Projects\\Backend\\Movon\\node_modules\\router\\index.js:435:11)\n    at Layer.handleRequest (D:\\03_Projects\\Backend\\Movon\\node_modules\\router\\lib\\layer.js:152:17)\n    at D:\\03_Projects\\Backend\\Movon\\node_modules\\router\\index.js:295:15\n    at processParams (D:\\03_Projects\\Backend\\Movon\\node_modules\\router\\index.js:582:12)\n    at next (D:\\03_Projects\\Backend\\Movon\\node_modules\\router\\index.js:291:5)\n    at Function.handle (D:\\03_Projects\\Backend\\Movon\\node_modules\\router\\index.js:186:3)","statusCode":500,"timestamp":"2025-12-20 18:59:26","url":"/api/v1/role/create-role","userAgent":"PostmanRuntime/7.49.1","userId":"anonymous"}
{"environment":"development","level":"info","message":"APPLICATION_STARTING","port":"3000","serverUrl":"http://localhost:3000","service":"urbango-api","timestamp":"2025-12-20 18:59:37"}
{"level":"info","message":"DATABASE_CONNECTED","service":"urbango-api","status":"connected","timestamp":"2025-12-20 18:59:38","url":"mongodb://localhost:27017/urbango"}
{"environment":"development","level":"info","message":"APPLICATION_STARTED","port":"3000","serverUrl":"http://localhost:3000","service":"urbango-api","status":"running","timestamp":"2025-12-20 18:59:38"}
{"environment":"development","level":"info","message":"APPLICATION_STARTING","port":"3000","serverUrl":"http://localhost:3000","service":"urbango-api","timestamp":"2025-12-20 19:01:12"}
{"level":"info","message":"DATABASE_CONNECTED","service":"urbango-api","status":"connected","timestamp":"2025-12-20 19:01:12","url":"mongodb://localhost:27017/urbango"}
{"environment":"development","level":"info","message":"APPLICATION_STARTED","port":"3000","serverUrl":"http://localhost:3000","service":"urbango-api","status":"running","timestamp":"2025-12-20 19:01:12"}
{"environment":"development","level":"info","message":"APPLICATION_STARTING","port":"3000","serverUrl":"http://localhost:3000","service":"urbango-api","timestamp":"2025-12-20 19:01:14"}
{"level":"info","message":"DATABASE_CONNECTED","service":"urbango-api","status":"connected","timestamp":"2025-12-20 19:01:14","url":"mongodb://localhost:27017/urbango"}
{"environment":"development","level":"info","message":"APPLICATION_STARTED","port":"3000","serverUrl":"http://localhost:3000","service":"urbango-api","status":"running","timestamp":"2025-12-20 19:01:14"}
{"environment":"development","level":"info","message":"APPLICATION_STARTING","port":"3000","serverUrl":"http://localhost:3000","service":"urbango-api","timestamp":"2025-12-20 19:01:19"}
{"level":"info","message":"DATABASE_CONNECTED","service":"urbango-api","status":"connected","timestamp":"2025-12-20 19:01:19","url":"mongodb://localhost:27017/urbango"}
{"environment":"development","level":"info","message":"APPLICATION_STARTED","port":"3000","serverUrl":"http://localhost:3000","service":"urbango-api","status":"running","timestamp":"2025-12-20 19:01:19"}
{"environment":"development","level":"info","message":"APPLICATION_STARTING","port":"3000","serverUrl":"http://localhost:3000","service":"urbango-api","timestamp":"2025-12-20 19:01:24"}
{"level":"info","message":"DATABASE_CONNECTED","service":"urbango-api","status":"connected","timestamp":"2025-12-20 19:01:24","url":"mongodb://localhost:27017/urbango"}
{"environment":"development","level":"info","message":"APPLICATION_STARTED","port":"3000","serverUrl":"http://localhost:3000","service":"urbango-api","status":"running","timestamp":"2025-12-20 19:01:24"}
{"environment":"development","level":"info","message":"APPLICATION_STARTING","port":"3000","serverUrl":"http://localhost:3000","service":"urbango-api","timestamp":"2025-12-20 19:01:29"}
{"level":"info","message":"DATABASE_CONNECTED","service":"urbango-api","status":"connected","timestamp":"2025-12-20 19:01:29","url":"mongodb://localhost:27017/urbango"}
{"environment":"development","level":"info","message":"APPLICATION_STARTED","port":"3000","serverUrl":"http://localhost:3000","service":"urbango-api","status":"running","timestamp":"2025-12-20 19:01:29"}
{"environment":"development","level":"info","message":"APPLICATION_STARTING","port":"3000","serverUrl":"http://localhost:3000","service":"urbango-api","timestamp":"2025-12-20 19:01:34"}
{"level":"info","message":"DATABASE_CONNECTED","service":"urbango-api","status":"connected","timestamp":"2025-12-20 19:01:34","url":"mongodb://localhost:27017/urbango"}
{"environment":"development","level":"info","message":"APPLICATION_STARTED","port":"3000","serverUrl":"http://localhost:3000","service":"urbango-api","status":"running","timestamp":"2025-12-20 19:01:34"}
{"environment":"development","level":"info","message":"APPLICATION_STARTING","port":"3000","serverUrl":"http://localhost:3000","service":"urbango-api","timestamp":"2025-12-20 19:04:54"}
{"level":"info","message":"DATABASE_CONNECTED","service":"urbango-api","status":"connected","timestamp":"2025-12-20 19:04:54","url":"mongodb://localhost:27017/urbango"}
{"environment":"development","level":"info","message":"APPLICATION_STARTED","port":"3000","serverUrl":"http://localhost:3000","service":"urbango-api","status":"running","timestamp":"2025-12-20 19:04:54"}
{"environment":"development","level":"info","message":"APPLICATION_STARTING","port":"3000","serverUrl":"http://localhost:3000","service":"urbango-api","timestamp":"2025-12-20 19:05:19"}
{"level":"info","message":"DATABASE_CONNECTED","service":"urbango-api","status":"connected","timestamp":"2025-12-20 19:05:19","url":"mongodb://localhost:27017/urbango"}
{"environment":"development","level":"info","message":"APPLICATION_STARTED","port":"3000","serverUrl":"http://localhost:3000","service":"urbango-api","status":"running","timestamp":"2025-12-20 19:05:19"}
{"environment":"development","level":"info","message":"APPLICATION_STARTING","port":"3000","serverUrl":"http://localhost:3000","service":"urbango-api","timestamp":"2025-12-20 19:08:40"}
{"level":"info","message":"DATABASE_CONNECTED","service":"urbango-api","status":"connected","timestamp":"2025-12-20 19:08:40","url":"mongodb://localhost:27017/urbango"}
{"environment":"development","level":"info","message":"APPLICATION_STARTED","port":"3000","serverUrl":"http://localhost:3000","service":"urbango-api","status":"running","timestamp":"2025-12-20 19:08:40"}
{"environment":"development","level":"info","message":"APPLICATION_STARTING","port":"3000","serverUrl":"http://localhost:3000","service":"urbango-api","timestamp":"2025-12-20 19:09:05"}
{"level":"info","message":"DATABASE_CONNECTED","service":"urbango-api","status":"connected","timestamp":"2025-12-20 19:09:05","url":"mongodb://localhost:27017/urbango"}
{"environment":"development","level":"info","message":"APPLICATION_STARTED","port":"3000","serverUrl":"http://localhost:3000","service":"urbango-api","status":"running","timestamp":"2025-12-20 19:09:05"}
{"environment":"development","level":"info","message":"APPLICATION_STARTING","port":"3000","serverUrl":"http://localhost:3000","service":"urbango-api","timestamp":"2025-12-20 19:10:19"}
{"level":"info","message":"DATABASE_CONNECTED","service":"urbango-api","status":"connected","timestamp":"2025-12-20 19:10:19","url":"mongodb://localhost:27017/urbango"}
{"environment":"development","level":"info","message":"APPLICATION_STARTED","port":"3000","serverUrl":"http://localhost:3000","service":"urbango-api","status":"running","timestamp":"2025-12-20 19:10:19"}
{"environment":"development","level":"info","message":"APPLICATION_STARTING","port":"3000","serverUrl":"http://localhost:3000","service":"urbango-api","timestamp":"2025-12-20 19:10:51"}
{"level":"info","message":"DATABASE_CONNECTED","service":"urbango-api","status":"connected","timestamp":"2025-12-20 19:10:51","url":"mongodb://localhost:27017/urbango"}
{"environment":"development","level":"info","message":"APPLICATION_STARTED","port":"3000","serverUrl":"http://localhost:3000","service":"urbango-api","status":"running","timestamp":"2025-12-20 19:10:51"}
{"environment":"development","level":"info","message":"APPLICATION_STARTING","port":"3000","serverUrl":"http://localhost:3000","service":"urbango-api","timestamp":"2025-12-20 19:12:00"}
{"level":"info","message":"DATABASE_CONNECTED","service":"urbango-api","status":"connected","timestamp":"2025-12-20 19:12:00","url":"mongodb://localhost:27017/urbango"}
{"environment":"development","level":"info","message":"APPLICATION_STARTED","port":"3000","serverUrl":"http://localhost:3000","service":"urbango-api","status":"running","timestamp":"2025-12-20 19:12:00"}
{"environment":"development","level":"info","message":"APPLICATION_STARTING","port":"3000","serverUrl":"http://localhost:3000","service":"urbango-api","timestamp":"2025-12-20 19:12:11"}
{"level":"info","message":"DATABASE_CONNECTED","service":"urbango-api","status":"connected","timestamp":"2025-12-20 19:12:11","url":"mongodb://localhost:27017/urbango"}
{"environment":"development","level":"info","message":"APPLICATION_STARTED","port":"3000","serverUrl":"http://localhost:3000","service":"urbango-api","status":"running","timestamp":"2025-12-20 19:12:11"}
{"environment":"development","level":"info","message":"APPLICATION_STARTING","port":"3000","serverUrl":"http://localhost:3000","service":"urbango-api","timestamp":"2025-12-20 19:12:15"}
{"level":"info","message":"DATABASE_CONNECTED","service":"urbango-api","status":"connected","timestamp":"2025-12-20 19:12:15","url":"mongodb://localhost:27017/urbango"}
{"environment":"development","level":"info","message":"APPLICATION_STARTED","port":"3000","serverUrl":"http://localhost:3000","service":"urbango-api","status":"running","timestamp":"2025-12-20 19:12:15"}
{"environment":"development","level":"info","message":"APPLICATION_STARTING","port":"3000","serverUrl":"http://localhost:3000","service":"urbango-api","timestamp":"2025-12-20 19:17:47"}
{"level":"info","message":"DATABASE_CONNECTED","service":"urbango-api","status":"connected","timestamp":"2025-12-20 19:17:47","url":"mongodb://localhost:27017/urbango"}
{"environment":"development","level":"info","message":"APPLICATION_STARTED","port":"3000","serverUrl":"http://localhost:3000","service":"urbango-api","status":"running","timestamp":"2025-12-20 19:17:47"}
{"ip":"::1","level":"error","message":"SERVER_ERROR_500 Cannot read properties of undefined (reading '_id')","method":"POST","originalError":"TypeError","requestBody":{"description":"Can manage team members","displayName":"Manager Role","level":2,"metadata":{"scope":"department"},"permissions":["65d4a1b2c8e9f01234567890"],"roleName":"MANAGER"},"service":"urbango-api","stack":"TypeError: Cannot read properties of undefined (reading '_id')\n    at create (D:\\03_Projects\\Backend\\Movon\\src\\controllers\\roleController.js:5:67)\n    at Layer.handleRequest (D:\\03_Projects\\Backend\\Movon\\node_modules\\router\\lib\\layer.js:152:17)\n    at next (D:\\03_Projects\\Backend\\Movon\\node_modules\\router\\lib\\route.js:157:13)\n    at D:\\03_Projects\\Backend\\Movon\\src\\middleware\\validateRequest.js:23:5\n    at Layer.handleRequest (D:\\03_Projects\\Backend\\Movon\\node_modules\\router\\lib\\layer.js:152:17)\n    at next (D:\\03_Projects\\Backend\\Movon\\node_modules\\router\\lib\\route.js:157:13)\n    at Route.dispatch (D:\\03_Projects\\Backend\\Movon\\node_modules\\router\\lib\\route.js:117:3)\n    at handle (D:\\03_Projects\\Backend\\Movon\\node_modules\\router\\index.js:435:11)\n    at Layer.handleRequest (D:\\03_Projects\\Backend\\Movon\\node_modules\\router\\lib\\layer.js:152:17)\n    at D:\\03_Projects\\Backend\\Movon\\node_modules\\router\\index.js:295:15","statusCode":500,"timestamp":"2025-12-20 19:17:50","url":"/api/v1/role/create-role","userAgent":"PostmanRuntime/7.49.1","userId":"anonymous"}
{"environment":"development","level":"info","message":"APPLICATION_STARTING","port":"3000","serverUrl":"http://localhost:3000","service":"urbango-api","timestamp":"2025-12-20 19:23:29"}
{"level":"info","message":"DATABASE_CONNECTED","service":"urbango-api","status":"connected","timestamp":"2025-12-20 19:23:29","url":"mongodb://localhost:27017/urbango"}
{"environment":"development","level":"info","message":"APPLICATION_STARTED","port":"3000","serverUrl":"http://localhost:3000","service":"urbango-api","status":"running","timestamp":"2025-12-20 19:23:29"}
{"environment":"development","level":"info","message":"APPLICATION_STARTING","port":"3000","serverUrl":"http://localhost:3000","service":"urbango-api","timestamp":"2025-12-20 19:23:53"}
{"level":"info","message":"DATABASE_CONNECTED","service":"urbango-api","status":"connected","timestamp":"2025-12-20 19:23:53","url":"mongodb://localhost:27017/urbango"}
{"environment":"development","level":"info","message":"APPLICATION_STARTED","port":"3000","serverUrl":"http://localhost:3000","service":"urbango-api","status":"running","timestamp":"2025-12-20 19:23:53"}
{"environment":"development","level":"info","message":"APPLICATION_STARTING","port":"3000","serverUrl":"http://localhost:3000","service":"urbango-api","timestamp":"2025-12-20 19:27:00"}
{"level":"info","message":"DATABASE_CONNECTED","service":"urbango-api","status":"connected","timestamp":"2025-12-20 19:27:00","url":"mongodb://localhost:27017/urbango"}
{"environment":"development","level":"info","message":"APPLICATION_STARTED","port":"3000","serverUrl":"http://localhost:3000","service":"urbango-api","status":"running","timestamp":"2025-12-20 19:27:00"}
{"environment":"development","level":"info","message":"APPLICATION_STARTING","port":"3000","serverUrl":"http://localhost:3000","service":"urbango-api","timestamp":"2025-12-20 19:28:31"}
{"level":"info","message":"DATABASE_CONNECTED","service":"urbango-api","status":"connected","timestamp":"2025-12-20 19:28:31","url":"mongodb://localhost:27017/urbango"}
{"environment":"development","level":"info","message":"APPLICATION_STARTED","port":"3000","serverUrl":"http://localhost:3000","service":"urbango-api","status":"running","timestamp":"2025-12-20 19:28:31"}
{"environment":"development","level":"info","message":"APPLICATION_STARTING","port":"3000","serverUrl":"http://localhost:3000","service":"urbango-api","timestamp":"2025-12-20 19:28:41"}
{"level":"info","message":"DATABASE_CONNECTED","service":"urbango-api","status":"connected","timestamp":"2025-12-20 19:28:41","url":"mongodb://localhost:27017/urbango"}
{"environment":"development","level":"info","message":"APPLICATION_STARTED","port":"3000","serverUrl":"http://localhost:3000","service":"urbango-api","status":"running","timestamp":"2025-12-20 19:28:41"}
{"environment":"development","level":"info","message":"APPLICATION_STARTING","port":"3000","serverUrl":"http://localhost:3000","service":"urbango-api","timestamp":"2025-12-20 19:28:50"}
{"level":"info","message":"DATABASE_CONNECTED","service":"urbango-api","status":"connected","timestamp":"2025-12-20 19:28:50","url":"mongodb://localhost:27017/urbango"}
{"environment":"development","level":"info","message":"APPLICATION_STARTED","port":"3000","serverUrl":"http://localhost:3000","service":"urbango-api","status":"running","timestamp":"2025-12-20 19:28:50"}
{"environment":"development","level":"info","message":"APPLICATION_STARTING","port":"3000","serverUrl":"http://localhost:3000","service":"urbango-api","timestamp":"2025-12-20 19:28:51"}
{"level":"info","message":"DATABASE_CONNECTED","service":"urbango-api","status":"connected","timestamp":"2025-12-20 19:28:51","url":"mongodb://localhost:27017/urbango"}
{"environment":"development","level":"info","message":"APPLICATION_STARTED","port":"3000","serverUrl":"http://localhost:3000","service":"urbango-api","status":"running","timestamp":"2025-12-20 19:28:51"}
{"environment":"development","level":"info","message":"APPLICATION_STARTING","port":"3000","serverUrl":"http://localhost:3000","service":"urbango-api","timestamp":"2025-12-20 19:36:30"}
{"level":"info","message":"DATABASE_CONNECTED","service":"urbango-api","status":"connected","timestamp":"2025-12-20 19:36:30","url":"mongodb://localhost:27017/urbango"}
{"environment":"development","level":"info","message":"APPLICATION_STARTED","port":"3000","serverUrl":"http://localhost:3000","service":"urbango-api","status":"running","timestamp":"2025-12-20 19:36:30"}
{"environment":"development","level":"info","message":"APPLICATION_STARTING","port":"3000","serverUrl":"http://localhost:3000","service":"urbango-api","timestamp":"2025-12-20 19:38:42"}
{"level":"info","message":"DATABASE_CONNECTED","service":"urbango-api","status":"connected","timestamp":"2025-12-20 19:38:43","url":"mongodb://localhost:27017/urbango"}
{"environment":"development","level":"info","message":"APPLICATION_STARTED","port":"3000","serverUrl":"http://localhost:3000","service":"urbango-api","status":"running","timestamp":"2025-12-20 19:38:43"}
{"ip":"::1","level":"error","message":"SERVER_ERROR_500 Cannot read properties of undefined (reading '_id')","method":"POST","originalError":"TypeError","requestBody":{"description":"Can manage team members","displayName":"Manager Role","level":2,"metadata":{"scope":"department"},"permissions":["65d4a1b2c8e9f01234567890"],"roleName":"MANAGER"},"service":"urbango-api","stack":"TypeError: Cannot read properties of undefined (reading '_id')\n    at create (D:\\03_Projects\\Backend\\Movon\\src\\controllers\\roleController.js:5:67)\n    at Layer.handleRequest (D:\\03_Projects\\Backend\\Movon\\node_modules\\router\\lib\\layer.js:152:17)\n    at next (D:\\03_Projects\\Backend\\Movon\\node_modules\\router\\lib\\route.js:157:13)\n    at D:\\03_Projects\\Backend\\Movon\\src\\middleware\\validateRequest.js:23:5\n    at Layer.handleRequest (D:\\03_Projects\\Backend\\Movon\\node_modules\\router\\lib\\layer.js:152:17)\n    at next (D:\\03_Projects\\Backend\\Movon\\node_modules\\router\\lib\\route.js:157:13)\n    at Route.dispatch (D:\\03_Projects\\Backend\\Movon\\node_modules\\router\\lib\\route.js:117:3)\n    at handle (D:\\03_Projects\\Backend\\Movon\\node_modules\\router\\index.js:435:11)\n    at Layer.handleRequest (D:\\03_Projects\\Backend\\Movon\\node_modules\\router\\lib\\layer.js:152:17)\n    at D:\\03_Projects\\Backend\\Movon\\node_modules\\router\\index.js:295:15","statusCode":500,"timestamp":"2025-12-20 19:39:03","url":"/api/v1/role/create-role","userAgent":"PostmanRuntime/7.49.1","userId":"anonymous"}
{"ip":"::1","level":"error","message":"SERVER_ERROR_500 Cannot read properties of undefined (reading '_id')","method":"POST","originalError":"TypeError","requestBody":{"description":"Can manage team members","displayName":"Manager Role","level":2,"metadata":{"scope":"department"},"permissions":["65d4a1b2c8e9f01234567890"],"roleName":"MANAGER"},"service":"urbango-api","stack":"TypeError: Cannot read properties of undefined (reading '_id')\n    at create (D:\\03_Projects\\Backend\\Movon\\src\\controllers\\roleController.js:5:67)\n    at Layer.handleRequest (D:\\03_Projects\\Backend\\Movon\\node_modules\\router\\lib\\layer.js:152:17)\n    at next (D:\\03_Projects\\Backend\\Movon\\node_modules\\router\\lib\\route.js:157:13)\n    at D:\\03_Projects\\Backend\\Movon\\src\\middleware\\validateRequest.js:23:5\n    at Layer.handleRequest (D:\\03_Projects\\Backend\\Movon\\node_modules\\router\\lib\\layer.js:152:17)\n    at next (D:\\03_Projects\\Backend\\Movon\\node_modules\\router\\lib\\route.js:157:13)\n    at Route.dispatch (D:\\03_Projects\\Backend\\Movon\\node_modules\\router\\lib\\route.js:117:3)\n    at handle (D:\\03_Projects\\Backend\\Movon\\node_modules\\router\\index.js:435:11)\n    at Layer.handleRequest (D:\\03_Projects\\Backend\\Movon\\node_modules\\router\\lib\\layer.js:152:17)\n    at D:\\03_Projects\\Backend\\Movon\\node_modules\\router\\index.js:295:15","statusCode":500,"timestamp":"2025-12-20 19:39:21","url":"/api/v1/role/create-role","userAgent":"PostmanRuntime/7.49.1","userId":"anonymous"}
{"environment":"development","level":"info","message":"APPLICATION_STARTING","port":"3000","serverUrl":"http://localhost:3000","service":"urbango-api","timestamp":"2025-12-20 19:39:45"}
{"level":"info","message":"DATABASE_CONNECTED","service":"urbango-api","status":"connected","timestamp":"2025-12-20 19:39:45","url":"mongodb://localhost:27017/urbango"}
{"environment":"development","level":"info","message":"APPLICATION_STARTED","port":"3000","serverUrl":"http://localhost:3000","service":"urbango-api","status":"running","timestamp":"2025-12-20 19:39:45"}
{"ip":"::1","level":"error","message":"SERVER_ERROR_500 Cannot read properties of undefined (reading 'id')","method":"POST","originalError":"TypeError","requestBody":{"description":"Can manage team members","displayName":"Manager Role","level":2,"metadata":{"scope":"department"},"permissions":["65d4a1b2c8e9f01234567890"],"roleName":"MANAGER"},"service":"urbango-api","stack":"TypeError: Cannot read properties of undefined (reading 'id')\n    at create (D:\\03_Projects\\Backend\\Movon\\src\\controllers\\roleController.js:5:67)\n    at Layer.handleRequest (D:\\03_Projects\\Backend\\Movon\\node_modules\\router\\lib\\layer.js:152:17)\n    at next (D:\\03_Projects\\Backend\\Movon\\node_modules\\router\\lib\\route.js:157:13)\n    at D:\\03_Projects\\Backend\\Movon\\src\\middleware\\validateRequest.js:23:5\n    at Layer.handleRequest (D:\\03_Projects\\Backend\\Movon\\node_modules\\router\\lib\\layer.js:152:17)\n    at next (D:\\03_Projects\\Backend\\Movon\\node_modules\\router\\lib\\route.js:157:13)\n    at Route.dispatch (D:\\03_Projects\\Backend\\Movon\\node_modules\\router\\lib\\route.js:117:3)\n    at handle (D:\\03_Projects\\Backend\\Movon\\node_modules\\router\\index.js:435:11)\n    at Layer.handleRequest (D:\\03_Projects\\Backend\\Movon\\node_modules\\router\\lib\\layer.js:152:17)\n    at D:\\03_Projects\\Backend\\Movon\\node_modules\\router\\index.js:295:15","statusCode":500,"timestamp":"2025-12-20 19:39:49","url":"/api/v1/role/create-role","userAgent":"PostmanRuntime/7.49.1","userId":"anonymous"}
{"environment":"development","level":"info","message":"APPLICATION_STARTING","port":"3000","serverUrl":"http://localhost:3000","service":"urbango-api","timestamp":"2025-12-20 19:39:56"}
{"level":"info","message":"DATABASE_CONNECTED","service":"urbango-api","status":"connected","timestamp":"2025-12-20 19:39:56","url":"mongodb://localhost:27017/urbango"}
{"environment":"development","level":"info","message":"APPLICATION_STARTED","port":"3000","serverUrl":"http://localhost:3000","service":"urbango-api","status":"running","timestamp":"2025-12-20 19:39:56"}
{"environment":"development","level":"info","message":"APPLICATION_STARTING","port":"3000","serverUrl":"http://localhost:3000","service":"urbango-api","timestamp":"2025-12-20 19:44:19"}
{"level":"info","message":"DATABASE_CONNECTED","service":"urbango-api","status":"connected","timestamp":"2025-12-20 19:44:19","url":"mongodb://localhost:27017/urbango"}
{"environment":"development","level":"info","message":"APPLICATION_STARTED","port":"3000","serverUrl":"http://localhost:3000","service":"urbango-api","status":"running","timestamp":"2025-12-20 19:44:19"}
{"ip":"::1","level":"error","message":"SERVER_ERROR_500 Cannot read properties of undefined (reading '_id')","method":"POST","originalError":"TypeError","requestBody":{"description":"Can manage team members","displayName":"Manager Role","level":2,"metadata":{"scope":"department"},"permissions":["65d4a1b2c8e9f01234567890"],"roleName":"MANAGER"},"service":"urbango-api","stack":"TypeError: Cannot read properties of undefined (reading '_id')\n    at create (D:\\03_Projects\\Backend\\Movon\\src\\controllers\\roleController.js:5:67)\n    at Layer.handleRequest (D:\\03_Projects\\Backend\\Movon\\node_modules\\router\\lib\\layer.js:152:17)\n    at next (D:\\03_Projects\\Backend\\Movon\\node_modules\\router\\lib\\route.js:157:13)\n    at D:\\03_Projects\\Backend\\Movon\\src\\middleware\\validateRequest.js:23:5\n    at Layer.handleRequest (D:\\03_Projects\\Backend\\Movon\\node_modules\\router\\lib\\layer.js:152:17)\n    at next (D:\\03_Projects\\Backend\\Movon\\node_modules\\router\\lib\\route.js:157:13)\n    at Route.dispatch (D:\\03_Projects\\Backend\\Movon\\node_modules\\router\\lib\\route.js:117:3)\n    at handle (D:\\03_Projects\\Backend\\Movon\\node_modules\\router\\index.js:435:11)\n    at Layer.handleRequest (D:\\03_Projects\\Backend\\Movon\\node_modules\\router\\lib\\layer.js:152:17)\n    at D:\\03_Projects\\Backend\\Movon\\node_modules\\router\\index.js:295:15","statusCode":500,"timestamp":"2025-12-20 19:44:21","url":"/api/v1/role/create-role","userAgent":"PostmanRuntime/7.49.1","userId":"anonymous"}
{"environment":"development","level":"info","message":"APPLICATION_STARTING","port":"3000","serverUrl":"http://localhost:3000","service":"urbango-api","timestamp":"2025-12-20 19:44:53"}
{"level":"info","message":"DATABASE_CONNECTED","service":"urbango-api","status":"connected","timestamp":"2025-12-20 19:44:53","url":"mongodb://localhost:27017/urbango"}
{"environment":"development","level":"info","message":"APPLICATION_STARTED","port":"3000","serverUrl":"http://localhost:3000","service":"urbango-api","status":"running","timestamp":"2025-12-20 19:44:53"}
{"environment":"development","level":"info","message":"APPLICATION_STARTING","port":"3000","serverUrl":"http://localhost:3000","service":"urbango-api","timestamp":"2025-12-20 19:44:58"}
{"level":"info","message":"DATABASE_CONNECTED","service":"urbango-api","status":"connected","timestamp":"2025-12-20 19:44:58","url":"mongodb://localhost:27017/urbango"}
{"environment":"development","level":"info","message":"APPLICATION_STARTED","port":"3000","serverUrl":"http://localhost:3000","service":"urbango-api","status":"running","timestamp":"2025-12-20 19:44:58"}
{"environment":"development","level":"info","message":"APPLICATION_STARTING","port":"3000","serverUrl":"http://localhost:3000","service":"urbango-api","timestamp":"2025-12-20 19:44:59"}
{"level":"info","message":"DATABASE_CONNECTED","service":"urbango-api","status":"connected","timestamp":"2025-12-20 19:44:59","url":"mongodb://localhost:27017/urbango"}
{"environment":"development","level":"info","message":"APPLICATION_STARTED","port":"3000","serverUrl":"http://localhost:3000","service":"urbango-api","status":"running","timestamp":"2025-12-20 19:44:59"}
{"environment":"development","level":"info","message":"APPLICATION_STARTING","port":"3000","serverUrl":"http://localhost:3000","service":"urbango-api","timestamp":"2025-12-20 19:45:00"}
{"level":"info","message":"DATABASE_CONNECTED","service":"urbango-api","status":"connected","timestamp":"2025-12-20 19:45:00","url":"mongodb://localhost:27017/urbango"}
{"environment":"development","level":"info","message":"APPLICATION_STARTED","port":"3000","serverUrl":"http://localhost:3000","service":"urbango-api","status":"running","timestamp":"2025-12-20 19:45:01"}
{"ip":"::1","level":"error","message":"SERVER_ERROR_500 Cannot read properties of undefined (reading '_id')","method":"POST","originalError":"TypeError","requestBody":{"description":"Can manage team members","displayName":"Manager Role","level":2,"metadata":{"scope":"department"},"permissions":["65d4a1b2c8e9f01234567890"],"roleName":"MANAGER"},"service":"urbango-api","stack":"TypeError: Cannot read properties of undefined (reading '_id')\n    at create (D:\\03_Projects\\Backend\\Movon\\src\\controllers\\roleController.js:5:67)\n    at Layer.handleRequest (D:\\03_Projects\\Backend\\Movon\\node_modules\\router\\lib\\layer.js:152:17)\n    at next (D:\\03_Projects\\Backend\\Movon\\node_modules\\router\\lib\\route.js:157:13)\n    at D:\\03_Projects\\Backend\\Movon\\src\\middleware\\validateRequest.js:23:5\n    at Layer.handleRequest (D:\\03_Projects\\Backend\\Movon\\node_modules\\router\\lib\\layer.js:152:17)\n    at next (D:\\03_Projects\\Backend\\Movon\\node_modules\\router\\lib\\route.js:157:13)\n    at Route.dispatch (D:\\03_Projects\\Backend\\Movon\\node_modules\\router\\lib\\route.js:117:3)\n    at handle (D:\\03_Projects\\Backend\\Movon\\node_modules\\router\\index.js:435:11)\n    at Layer.handleRequest (D:\\03_Projects\\Backend\\Movon\\node_modules\\router\\lib\\layer.js:152:17)\n    at D:\\03_Projects\\Backend\\Movon\\node_modules\\router\\index.js:295:15","statusCode":500,"timestamp":"2025-12-20 19:45:03","url":"/api/v1/role/create-role","userAgent":"PostmanRuntime/7.49.1","userId":"anonymous"}
{"environment":"development","level":"info","message":"APPLICATION_STARTING","port":"3000","serverUrl":"http://localhost:3000","service":"urbango-api","timestamp":"2025-12-20 19:57:03"}
{"level":"info","message":"DATABASE_CONNECTED","service":"urbango-api","status":"connected","timestamp":"2025-12-20 19:57:03","url":"mongodb://localhost:27017/urbango"}
{"environment":"development","level":"info","message":"APPLICATION_STARTED","port":"3000","serverUrl":"http://localhost:3000","service":"urbango-api","status":"running","timestamp":"2025-12-20 19:57:03"}
{"environment":"development","level":"info","message":"APPLICATION_STARTING","port":"3000","serverUrl":"http://localhost:3000","service":"urbango-api","timestamp":"2025-12-20 19:59:26"}
{"level":"info","message":"DATABASE_CONNECTED","service":"urbango-api","status":"connected","timestamp":"2025-12-20 19:59:27","url":"mongodb://localhost:27017/urbango"}
{"environment":"development","level":"info","message":"APPLICATION_STARTED","port":"3000","serverUrl":"http://localhost:3000","service":"urbango-api","status":"running","timestamp":"2025-12-20 19:59:27"}
{"environment":"development","level":"info","message":"APPLICATION_STARTING","port":"3000","serverUrl":"http://localhost:3000","service":"urbango-api","timestamp":"2025-12-20 20:21:28"}
{"level":"info","message":"DATABASE_CONNECTED","service":"urbango-api","status":"connected","timestamp":"2025-12-20 20:21:29","url":"mongodb://localhost:27017/urbango"}
{"environment":"development","level":"info","message":"APPLICATION_STARTED","port":"3000","serverUrl":"http://localhost:3000","service":"urbango-api","status":"running","timestamp":"2025-12-20 20:21:29"}
{"environment":"development","level":"info","message":"APPLICATION_STARTING","port":"3000","serverUrl":"http://localhost:3000","service":"urbango-api","timestamp":"2025-12-20 20:22:37"}
{"level":"info","message":"DATABASE_CONNECTED","service":"urbango-api","status":"connected","timestamp":"2025-12-20 20:22:37","url":"mongodb://localhost:27017/urbango"}
{"environment":"development","level":"info","message":"APPLICATION_STARTED","port":"3000","serverUrl":"http://localhost:3000","service":"urbango-api","status":"running","timestamp":"2025-12-20 20:22:37"}
{"environment":"development","level":"info","message":"APPLICATION_STARTING","port":"3000","serverUrl":"http://localhost:3000","service":"urbango-api","timestamp":"2025-12-21 16:23:09"}
{"level":"info","message":"DATABASE_CONNECTED","service":"urbango-api","status":"connected","timestamp":"2025-12-21 16:23:09","url":"mongodb://localhost:27017/urbango"}
{"environment":"development","level":"info","message":"APPLICATION_STARTED","port":"3000","serverUrl":"http://localhost:3000","service":"urbango-api","status":"running","timestamp":"2025-12-21 16:23:09"}
{"environment":"development","level":"info","message":"APPLICATION_STARTING","port":"3000","serverUrl":"http://localhost:3000","service":"urbango-api","timestamp":"2025-12-21 22:21:25"}
{"level":"info","message":"DATABASE_CONNECTED","service":"urbango-api","status":"connected","timestamp":"2025-12-21 22:21:25","url":"mongodb://localhost:27017/urbango"}
{"environment":"development","level":"info","message":"APPLICATION_STARTED","port":"3000","serverUrl":"http://localhost:3000","service":"urbango-api","status":"running","timestamp":"2025-12-21 22:21:25"}
{"environment":"development","level":"info","message":"APPLICATION_STARTING","port":"3000","serverUrl":"http://localhost:3000","service":"urbango-api","timestamp":"2025-12-21 22:21:31"}
{"level":"info","message":"DATABASE_CONNECTED","service":"urbango-api","status":"connected","timestamp":"2025-12-21 22:21:31","url":"mongodb://localhost:27017/urbango"}
{"environment":"development","level":"info","message":"APPLICATION_STARTED","port":"3000","serverUrl":"http://localhost:3000","service":"urbango-api","status":"running","timestamp":"2025-12-21 22:21:31"}
{"environment":"development","level":"info","message":"APPLICATION_STARTING","port":"3000","serverUrl":"http://localhost:3000","service":"urbango-api","timestamp":"2025-12-21 22:21:32"}
{"level":"info","message":"DATABASE_CONNECTED","service":"urbango-api","status":"connected","timestamp":"2025-12-21 22:21:32","url":"mongodb://localhost:27017/urbango"}
{"environment":"development","level":"info","message":"APPLICATION_STARTED","port":"3000","serverUrl":"http://localhost:3000","service":"urbango-api","status":"running","timestamp":"2025-12-21 22:21:32"}
{"environment":"development","level":"info","message":"APPLICATION_STARTING","port":"3000","serverUrl":"http://localhost:3000","service":"urbango-api","timestamp":"2025-12-21 22:21:38"}
{"level":"info","message":"DATABASE_CONNECTED","service":"urbango-api","status":"connected","timestamp":"2025-12-21 22:21:38","url":"mongodb://localhost:27017/urbango"}
{"environment":"development","level":"info","message":"APPLICATION_STARTED","port":"3000","serverUrl":"http://localhost:3000","service":"urbango-api","status":"running","timestamp":"2025-12-21 22:21:38"}
{"environment":"development","level":"info","message":"APPLICATION_STARTING","port":"3000","serverUrl":"http://localhost:3000","service":"urbango-api","timestamp":"2025-12-21 22:21:39"}
{"level":"info","message":"DATABASE_CONNECTED","service":"urbango-api","status":"connected","timestamp":"2025-12-21 22:21:39","url":"mongodb://localhost:27017/urbango"}
{"environment":"development","level":"info","message":"APPLICATION_STARTED","port":"3000","serverUrl":"http://localhost:3000","service":"urbango-api","status":"running","timestamp":"2025-12-21 22:21:39"}
{"environment":"development","level":"info","message":"APPLICATION_STARTING","port":"3000","serverUrl":"http://localhost:3000","service":"urbango-api","timestamp":"2025-12-21 22:21:41"}
{"level":"info","message":"DATABASE_CONNECTED","service":"urbango-api","status":"connected","timestamp":"2025-12-21 22:21:41","url":"mongodb://localhost:27017/urbango"}
{"environment":"development","level":"info","message":"APPLICATION_STARTED","port":"3000","serverUrl":"http://localhost:3000","service":"urbango-api","status":"running","timestamp":"2025-12-21 22:21:41"}
{"environment":"development","level":"info","message":"APPLICATION_STARTING","port":"3000","serverUrl":"http://localhost:3000","service":"urbango-api","timestamp":"2025-12-21 22:21:43"}
{"level":"info","message":"DATABASE_CONNECTED","service":"urbango-api","status":"connected","timestamp":"2025-12-21 22:21:43","url":"mongodb://localhost:27017/urbango"}
{"environment":"development","level":"info","message":"APPLICATION_STARTED","port":"3000","serverUrl":"http://localhost:3000","service":"urbango-api","status":"running","timestamp":"2025-12-21 22:21:43"}
{"environment":"development","level":"info","message":"APPLICATION_STARTING","port":"3000","serverUrl":"http://localhost:3000","service":"urbango-api","timestamp":"2025-12-21 22:21:46"}
{"level":"info","message":"DATABASE_CONNECTED","service":"urbango-api","status":"connected","timestamp":"2025-12-21 22:21:46","url":"mongodb://localhost:27017/urbango"}
{"environment":"development","level":"info","message":"APPLICATION_STARTED","port":"3000","serverUrl":"http://localhost:3000","service":"urbango-api","status":"running","timestamp":"2025-12-21 22:21:46"}
{"environment":"development","level":"info","message":"APPLICATION_STARTING","port":"3000","serverUrl":"http://localhost:3000","service":"urbango-api","timestamp":"2025-12-21 22:21:51"}
{"level":"info","message":"DATABASE_CONNECTED","service":"urbango-api","status":"connected","timestamp":"2025-12-21 22:21:51","url":"mongodb://localhost:27017/urbango"}
{"environment":"development","level":"info","message":"APPLICATION_STARTED","port":"3000","serverUrl":"http://localhost:3000","service":"urbango-api","status":"running","timestamp":"2025-12-21 22:21:51"}
{"environment":"development","level":"info","message":"APPLICATION_STARTING","port":"3000","serverUrl":"http://localhost:3000","service":"urbango-api","timestamp":"2025-12-21 22:21:59"}
{"level":"info","message":"DATABASE_CONNECTED","service":"urbango-api","status":"connected","timestamp":"2025-12-21 22:22:00","url":"mongodb://localhost:27017/urbango"}
{"environment":"development","level":"info","message":"APPLICATION_STARTED","port":"3000","serverUrl":"http://localhost:3000","service":"urbango-api","status":"running","timestamp":"2025-12-21 22:22:00"}
{"environment":"development","level":"info","message":"APPLICATION_STARTING","port":"3000","serverUrl":"http://localhost:3000","service":"urbango-api","timestamp":"2025-12-21 22:22:02"}
{"level":"info","message":"DATABASE_CONNECTED","service":"urbango-api","status":"connected","timestamp":"2025-12-21 22:22:02","url":"mongodb://localhost:27017/urbango"}
{"environment":"development","level":"info","message":"APPLICATION_STARTED","port":"3000","serverUrl":"http://localhost:3000","service":"urbango-api","status":"running","timestamp":"2025-12-21 22:22:02"}
{"environment":"development","level":"info","message":"APPLICATION_STARTING","port":"3000","serverUrl":"http://localhost:3000","service":"urbango-api","timestamp":"2025-12-21 22:22:04"}
{"level":"info","message":"DATABASE_CONNECTED","service":"urbango-api","status":"connected","timestamp":"2025-12-21 22:22:04","url":"mongodb://localhost:27017/urbango"}
{"environment":"development","level":"info","message":"APPLICATION_STARTED","port":"3000","serverUrl":"http://localhost:3000","service":"urbango-api","status":"running","timestamp":"2025-12-21 22:22:04"}
{"environment":"development","level":"info","message":"APPLICATION_STARTING","port":"3000","serverUrl":"http://localhost:3000","service":"urbango-api","timestamp":"2025-12-21 22:23:57"}
{"level":"info","message":"DATABASE_CONNECTED","service":"urbango-api","status":"connected","timestamp":"2025-12-21 22:23:57","url":"mongodb://localhost:27017/urbango"}
{"environment":"development","level":"info","message":"APPLICATION_STARTED","port":"3000","serverUrl":"http://localhost:3000","service":"urbango-api","status":"running","timestamp":"2025-12-21 22:23:57"}
{"environment":"development","level":"info","message":"APPLICATION_STARTING","port":"3000","serverUrl":"http://localhost:3000","service":"urbango-api","timestamp":"2025-12-21 22:24:04"}
{"level":"info","message":"DATABASE_CONNECTED","service":"urbango-api","status":"connected","timestamp":"2025-12-21 22:24:04","url":"mongodb://localhost:27017/urbango"}
{"environment":"development","level":"info","message":"APPLICATION_STARTED","port":"3000","serverUrl":"http://localhost:3000","service":"urbango-api","status":"running","timestamp":"2025-12-21 22:24:04"}
{"environment":"development","level":"info","message":"APPLICATION_STARTING","port":"3000","serverUrl":"http://localhost:3000","service":"urbango-api","timestamp":"2025-12-21 22:24:06"}
{"level":"info","message":"DATABASE_CONNECTED","service":"urbango-api","status":"connected","timestamp":"2025-12-21 22:24:06","url":"mongodb://localhost:27017/urbango"}
{"environment":"development","level":"info","message":"APPLICATION_STARTED","port":"3000","serverUrl":"http://localhost:3000","service":"urbango-api","status":"running","timestamp":"2025-12-21 22:24:06"}
{"environment":"development","level":"info","message":"APPLICATION_STARTING","port":"3000","serverUrl":"http://localhost:3000","service":"urbango-api","timestamp":"2025-12-21 22:24:08"}
{"level":"info","message":"DATABASE_CONNECTED","service":"urbango-api","status":"connected","timestamp":"2025-12-21 22:24:08","url":"mongodb://localhost:27017/urbango"}
{"environment":"development","level":"info","message":"APPLICATION_STARTED","port":"3000","serverUrl":"http://localhost:3000","service":"urbango-api","status":"running","timestamp":"2025-12-21 22:24:08"}
{"environment":"development","level":"info","message":"APPLICATION_STARTING","port":"3000","serverUrl":"http://localhost:3000","service":"urbango-api","timestamp":"2025-12-21 22:24:10"}
{"level":"info","message":"DATABASE_CONNECTED","service":"urbango-api","status":"connected","timestamp":"2025-12-21 22:24:10","url":"mongodb://localhost:27017/urbango"}
{"environment":"development","level":"info","message":"APPLICATION_STARTED","port":"3000","serverUrl":"http://localhost:3000","service":"urbango-api","status":"running","timestamp":"2025-12-21 22:24:10"}
{"environment":"development","level":"info","message":"APPLICATION_STARTING","port":"3000","serverUrl":"http://localhost:3000","service":"urbango-api","timestamp":"2025-12-21 22:24:14"}
{"level":"info","message":"DATABASE_CONNECTED","service":"urbango-api","status":"connected","timestamp":"2025-12-21 22:24:14","url":"mongodb://localhost:27017/urbango"}
{"environment":"development","level":"info","message":"APPLICATION_STARTED","port":"3000","serverUrl":"http://localhost:3000","service":"urbango-api","status":"running","timestamp":"2025-12-21 22:24:14"}
{"environment":"development","level":"info","message":"APPLICATION_STARTING","port":"3000","serverUrl":"http://localhost:3000","service":"urbango-api","timestamp":"2025-12-21 22:24:17"}
{"level":"info","message":"DATABASE_CONNECTED","service":"urbango-api","status":"connected","timestamp":"2025-12-21 22:24:17","url":"mongodb://localhost:27017/urbango"}
{"environment":"development","level":"info","message":"APPLICATION_STARTED","port":"3000","serverUrl":"http://localhost:3000","service":"urbango-api","status":"running","timestamp":"2025-12-21 22:24:17"}
{"environment":"development","level":"info","message":"APPLICATION_STARTING","port":"3000","serverUrl":"http://localhost:3000","service":"urbango-api","timestamp":"2025-12-21 22:24:19"}
{"level":"info","message":"DATABASE_CONNECTED","service":"urbango-api","status":"connected","timestamp":"2025-12-21 22:24:19","url":"mongodb://localhost:27017/urbango"}
{"environment":"development","level":"info","message":"APPLICATION_STARTED","port":"3000","serverUrl":"http://localhost:3000","service":"urbango-api","status":"running","timestamp":"2025-12-21 22:24:19"}
{"environment":"development","level":"info","message":"APPLICATION_STARTING","port":"3000","serverUrl":"http://localhost:3000","service":"urbango-api","timestamp":"2025-12-21 22:24:23"}
{"level":"info","message":"DATABASE_CONNECTED","service":"urbango-api","status":"connected","timestamp":"2025-12-21 22:24:23","url":"mongodb://localhost:27017/urbango"}
{"environment":"development","level":"info","message":"APPLICATION_STARTED","port":"3000","serverUrl":"http://localhost:3000","service":"urbango-api","status":"running","timestamp":"2025-12-21 22:24:23"}
{"environment":"development","level":"info","message":"APPLICATION_STARTING","port":"3000","serverUrl":"http://localhost:3000","service":"urbango-api","timestamp":"2025-12-21 22:24:28"}
{"level":"info","message":"DATABASE_CONNECTED","service":"urbango-api","status":"connected","timestamp":"2025-12-21 22:24:28","url":"mongodb://localhost:27017/urbango"}
{"environment":"development","level":"info","message":"APPLICATION_STARTED","port":"3000","serverUrl":"http://localhost:3000","service":"urbango-api","status":"running","timestamp":"2025-12-21 22:24:28"}
{"environment":"development","level":"info","message":"APPLICATION_STARTING","port":"3000","serverUrl":"http://localhost:3000","service":"urbango-api","timestamp":"2025-12-21 22:24:32"}
{"level":"info","message":"DATABASE_CONNECTED","service":"urbango-api","status":"connected","timestamp":"2025-12-21 22:24:32","url":"mongodb://localhost:27017/urbango"}
{"environment":"development","level":"info","message":"APPLICATION_STARTED","port":"3000","serverUrl":"http://localhost:3000","service":"urbango-api","status":"running","timestamp":"2025-12-21 22:24:32"}
{"environment":"development","level":"info","message":"APPLICATION_STARTING","port":"3000","serverUrl":"http://localhost:3000","service":"urbango-api","timestamp":"2025-12-21 22:24:33"}
{"level":"info","message":"DATABASE_CONNECTED","service":"urbango-api","status":"connected","timestamp":"2025-12-21 22:24:33","url":"mongodb://localhost:27017/urbango"}
{"environment":"development","level":"info","message":"APPLICATION_STARTED","port":"3000","serverUrl":"http://localhost:3000","service":"urbango-api","status":"running","timestamp":"2025-12-21 22:24:33"}
{"environment":"development","level":"info","message":"APPLICATION_STARTING","port":"3000","serverUrl":"http://localhost:3000","service":"urbango-api","timestamp":"2025-12-21 22:24:42"}
{"level":"info","message":"DATABASE_CONNECTED","service":"urbango-api","status":"connected","timestamp":"2025-12-21 22:24:42","url":"mongodb://localhost:27017/urbango"}
{"environment":"development","level":"info","message":"APPLICATION_STARTED","port":"3000","serverUrl":"http://localhost:3000","service":"urbango-api","status":"running","timestamp":"2025-12-21 22:24:42"}
{"environment":"development","level":"info","message":"APPLICATION_STARTING","port":"3000","serverUrl":"http://localhost:3000","service":"urbango-api","timestamp":"2025-12-21 22:24:45"}
{"level":"info","message":"DATABASE_CONNECTED","service":"urbango-api","status":"connected","timestamp":"2025-12-21 22:24:45","url":"mongodb://localhost:27017/urbango"}
{"environment":"development","level":"info","message":"APPLICATION_STARTED","port":"3000","serverUrl":"http://localhost:3000","service":"urbango-api","status":"running","timestamp":"2025-12-21 22:24:45"}
{"environment":"development","level":"info","message":"APPLICATION_STARTING","port":"3000","serverUrl":"http://localhost:3000","service":"urbango-api","timestamp":"2025-12-21 22:24:46"}
{"level":"info","message":"DATABASE_CONNECTED","service":"urbango-api","status":"connected","timestamp":"2025-12-21 22:24:46","url":"mongodb://localhost:27017/urbango"}
{"environment":"development","level":"info","message":"APPLICATION_STARTED","port":"3000","serverUrl":"http://localhost:3000","service":"urbango-api","status":"running","timestamp":"2025-12-21 22:24:46"}
{"environment":"development","level":"info","message":"APPLICATION_STARTING","port":"3000","serverUrl":"http://localhost:3000","service":"urbango-api","timestamp":"2025-12-21 22:24:48"}
{"level":"info","message":"DATABASE_CONNECTED","service":"urbango-api","status":"connected","timestamp":"2025-12-21 22:24:48","url":"mongodb://localhost:27017/urbango"}
{"environment":"development","level":"info","message":"APPLICATION_STARTED","port":"3000","serverUrl":"http://localhost:3000","service":"urbango-api","status":"running","timestamp":"2025-12-21 22:24:48"}
{"environment":"development","level":"info","message":"APPLICATION_STARTING","port":"3000","serverUrl":"http://localhost:3000","service":"urbango-api","timestamp":"2025-12-21 22:24:49"}
{"level":"info","message":"DATABASE_CONNECTED","service":"urbango-api","status":"connected","timestamp":"2025-12-21 22:24:49","url":"mongodb://localhost:27017/urbango"}
{"environment":"development","level":"info","message":"APPLICATION_STARTED","port":"3000","serverUrl":"http://localhost:3000","service":"urbango-api","status":"running","timestamp":"2025-12-21 22:24:49"}
{"environment":"development","level":"info","message":"APPLICATION_STARTING","port":"3000","serverUrl":"http://localhost:3000","service":"urbango-api","timestamp":"2025-12-21 22:24:53"}
{"level":"info","message":"DATABASE_CONNECTED","service":"urbango-api","status":"connected","timestamp":"2025-12-21 22:24:53","url":"mongodb://localhost:27017/urbango"}
{"environment":"development","level":"info","message":"APPLICATION_STARTED","port":"3000","serverUrl":"http://localhost:3000","service":"urbango-api","status":"running","timestamp":"2025-12-21 22:24:53"}
{"environment":"development","level":"info","message":"APPLICATION_STARTING","port":"3000","serverUrl":"http://localhost:3000","service":"urbango-api","timestamp":"2025-12-21 22:24:57"}
{"level":"info","message":"DATABASE_CONNECTED","service":"urbango-api","status":"connected","timestamp":"2025-12-21 22:24:57","url":"mongodb://localhost:27017/urbango"}
{"environment":"development","level":"info","message":"APPLICATION_STARTED","port":"3000","serverUrl":"http://localhost:3000","service":"urbango-api","status":"running","timestamp":"2025-12-21 22:24:57"}
{"environment":"development","level":"info","message":"APPLICATION_STARTING","port":"3000","serverUrl":"http://localhost:3000","service":"urbango-api","timestamp":"2025-12-21 22:24:58"}
{"level":"info","message":"DATABASE_CONNECTED","service":"urbango-api","status":"connected","timestamp":"2025-12-21 22:24:58","url":"mongodb://localhost:27017/urbango"}
{"environment":"development","level":"info","message":"APPLICATION_STARTED","port":"3000","serverUrl":"http://localhost:3000","service":"urbango-api","status":"running","timestamp":"2025-12-21 22:24:58"}
{"environment":"development","level":"info","message":"APPLICATION_STARTING","port":"3000","serverUrl":"http://localhost:3000","service":"urbango-api","timestamp":"2025-12-21 22:25:01"}
{"level":"info","message":"DATABASE_CONNECTED","service":"urbango-api","status":"connected","timestamp":"2025-12-21 22:25:01","url":"mongodb://localhost:27017/urbango"}
{"environment":"development","level":"info","message":"APPLICATION_STARTED","port":"3000","serverUrl":"http://localhost:3000","service":"urbango-api","status":"running","timestamp":"2025-12-21 22:25:01"}
{"environment":"development","level":"info","message":"APPLICATION_STARTING","port":"3000","serverUrl":"http://localhost:3000","service":"urbango-api","timestamp":"2025-12-21 22:25:03"}
{"level":"info","message":"DATABASE_CONNECTED","service":"urbango-api","status":"connected","timestamp":"2025-12-21 22:25:03","url":"mongodb://localhost:27017/urbango"}
{"environment":"development","level":"info","message":"APPLICATION_STARTED","port":"3000","serverUrl":"http://localhost:3000","service":"urbango-api","status":"running","timestamp":"2025-12-21 22:25:03"}
{"environment":"development","level":"info","message":"APPLICATION_STARTING","port":"3000","serverUrl":"http://localhost:3000","service":"urbango-api","timestamp":"2025-12-21 22:25:04"}
{"level":"info","message":"DATABASE_CONNECTED","service":"urbango-api","status":"connected","timestamp":"2025-12-21 22:25:04","url":"mongodb://localhost:27017/urbango"}
{"environment":"development","level":"info","message":"APPLICATION_STARTED","port":"3000","serverUrl":"http://localhost:3000","service":"urbango-api","status":"running","timestamp":"2025-12-21 22:25:04"}
{"environment":"development","level":"info","message":"APPLICATION_STARTING","port":"3000","serverUrl":"http://localhost:3000","service":"urbango-api","timestamp":"2025-12-21 22:25:08"}
{"level":"info","message":"DATABASE_CONNECTED","service":"urbango-api","status":"connected","timestamp":"2025-12-21 22:25:08","url":"mongodb://localhost:27017/urbango"}
{"environment":"development","level":"info","message":"APPLICATION_STARTED","port":"3000","serverUrl":"http://localhost:3000","service":"urbango-api","status":"running","timestamp":"2025-12-21 22:25:08"}
{"environment":"development","level":"info","message":"APPLICATION_STARTING","port":"3000","serverUrl":"http://localhost:3000","service":"urbango-api","timestamp":"2025-12-21 22:25:10"}
{"level":"info","message":"DATABASE_CONNECTED","service":"urbango-api","status":"connected","timestamp":"2025-12-21 22:25:10","url":"mongodb://localhost:27017/urbango"}
{"environment":"development","level":"info","message":"APPLICATION_STARTED","port":"3000","serverUrl":"http://localhost:3000","service":"urbango-api","status":"running","timestamp":"2025-12-21 22:25:10"}
{"environment":"development","level":"info","message":"APPLICATION_STARTING","port":"3000","serverUrl":"http://localhost:3000","service":"urbango-api","timestamp":"2025-12-21 22:25:14"}
{"level":"info","message":"DATABASE_CONNECTED","service":"urbango-api","status":"connected","timestamp":"2025-12-21 22:25:14","url":"mongodb://localhost:27017/urbango"}
{"environment":"development","level":"info","message":"APPLICATION_STARTED","port":"3000","serverUrl":"http://localhost:3000","service":"urbango-api","status":"running","timestamp":"2025-12-21 22:25:14"}
{"environment":"development","level":"info","message":"APPLICATION_STARTING","port":"3000","serverUrl":"http://localhost:3000","service":"urbango-api","timestamp":"2025-12-21 22:25:16"}
{"level":"info","message":"DATABASE_CONNECTED","service":"urbango-api","status":"connected","timestamp":"2025-12-21 22:25:16","url":"mongodb://localhost:27017/urbango"}
{"environment":"development","level":"info","message":"APPLICATION_STARTED","port":"3000","serverUrl":"http://localhost:3000","service":"urbango-api","status":"running","timestamp":"2025-12-21 22:25:16"}
{"environment":"development","level":"info","message":"APPLICATION_STARTING","port":"3000","serverUrl":"http://localhost:3000","service":"urbango-api","timestamp":"2025-12-21 22:25:21"}
{"level":"info","message":"DATABASE_CONNECTED","service":"urbango-api","status":"connected","timestamp":"2025-12-21 22:25:21","url":"mongodb://localhost:27017/urbango"}
{"environment":"development","level":"info","message":"APPLICATION_STARTED","port":"3000","serverUrl":"http://localhost:3000","service":"urbango-api","status":"running","timestamp":"2025-12-21 22:25:21"}
{"environment":"development","level":"info","message":"APPLICATION_STARTING","port":"3000","serverUrl":"http://localhost:3000","service":"urbango-api","timestamp":"2025-12-21 22:25:28"}
{"level":"info","message":"DATABASE_CONNECTED","service":"urbango-api","status":"connected","timestamp":"2025-12-21 22:25:28","url":"mongodb://localhost:27017/urbango"}
{"environment":"development","level":"info","message":"APPLICATION_STARTED","port":"3000","serverUrl":"http://localhost:3000","service":"urbango-api","status":"running","timestamp":"2025-12-21 22:25:28"}
{"environment":"development","level":"info","message":"APPLICATION_STARTING","port":"3000","serverUrl":"http://localhost:3000","service":"urbango-api","timestamp":"2025-12-21 22:25:34"}
{"level":"info","message":"DATABASE_CONNECTED","service":"urbango-api","status":"connected","timestamp":"2025-12-21 22:25:34","url":"mongodb://localhost:27017/urbango"}
{"environment":"development","level":"info","message":"APPLICATION_STARTED","port":"3000","serverUrl":"http://localhost:3000","service":"urbango-api","status":"running","timestamp":"2025-12-21 22:25:34"}
{"environment":"development","level":"info","message":"APPLICATION_STARTING","port":"3000","serverUrl":"http://localhost:3000","service":"urbango-api","timestamp":"2025-12-21 22:25:37"}
{"level":"info","message":"DATABASE_CONNECTED","service":"urbango-api","status":"connected","timestamp":"2025-12-21 22:25:37","url":"mongodb://localhost:27017/urbango"}
{"environment":"development","level":"info","message":"APPLICATION_STARTED","port":"3000","serverUrl":"http://localhost:3000","service":"urbango-api","status":"running","timestamp":"2025-12-21 22:25:37"}
{"environment":"development","level":"info","message":"APPLICATION_STARTING","port":"3000","serverUrl":"http://localhost:3000","service":"urbango-api","timestamp":"2025-12-21 22:25:39"}
{"level":"info","message":"DATABASE_CONNECTED","service":"urbango-api","status":"connected","timestamp":"2025-12-21 22:25:39","url":"mongodb://localhost:27017/urbango"}
{"environment":"development","level":"info","message":"APPLICATION_STARTED","port":"3000","serverUrl":"http://localhost:3000","service":"urbango-api","status":"running","timestamp":"2025-12-21 22:25:39"}
{"environment":"development","level":"info","message":"APPLICATION_STARTING","port":"3000","serverUrl":"http://localhost:3000","service":"urbango-api","timestamp":"2025-12-21 22:25:41"}
{"level":"info","message":"DATABASE_CONNECTED","service":"urbango-api","status":"connected","timestamp":"2025-12-21 22:25:41","url":"mongodb://localhost:27017/urbango"}
{"environment":"development","level":"info","message":"APPLICATION_STARTED","port":"3000","serverUrl":"http://localhost:3000","service":"urbango-api","status":"running","timestamp":"2025-12-21 22:25:41"}
{"environment":"development","level":"info","message":"APPLICATION_STARTING","port":"3000","serverUrl":"http://localhost:3000","service":"urbango-api","timestamp":"2025-12-21 22:25:45"}
{"level":"info","message":"DATABASE_CONNECTED","service":"urbango-api","status":"connected","timestamp":"2025-12-21 22:25:45","url":"mongodb://localhost:27017/urbango"}
{"environment":"development","level":"info","message":"APPLICATION_STARTED","port":"3000","serverUrl":"http://localhost:3000","service":"urbango-api","status":"running","timestamp":"2025-12-21 22:25:45"}
{"environment":"development","level":"info","message":"APPLICATION_STARTING","port":"3000","serverUrl":"http://localhost:3000","service":"urbango-api","timestamp":"2025-12-21 22:25:47"}
{"level":"info","message":"DATABASE_CONNECTED","service":"urbango-api","status":"connected","timestamp":"2025-12-21 22:25:47","url":"mongodb://localhost:27017/urbango"}
{"environment":"development","level":"info","message":"APPLICATION_STARTED","port":"3000","serverUrl":"http://localhost:3000","service":"urbango-api","status":"running","timestamp":"2025-12-21 22:25:47"}
{"environment":"development","level":"info","message":"APPLICATION_STARTING","port":"3000","serverUrl":"http://localhost:3000","service":"urbango-api","timestamp":"2025-12-21 22:25:51"}
{"level":"info","message":"DATABASE_CONNECTED","service":"urbango-api","status":"connected","timestamp":"2025-12-21 22:25:51","url":"mongodb://localhost:27017/urbango"}
{"environment":"development","level":"info","message":"APPLICATION_STARTED","port":"3000","serverUrl":"http://localhost:3000","service":"urbango-api","status":"running","timestamp":"2025-12-21 22:25:51"}
{"environment":"development","level":"info","message":"APPLICATION_STARTING","port":"3000","serverUrl":"http://localhost:3000","service":"urbango-api","timestamp":"2025-12-21 22:25:55"}
{"level":"info","message":"DATABASE_CONNECTED","service":"urbango-api","status":"connected","timestamp":"2025-12-21 22:25:55","url":"mongodb://localhost:27017/urbango"}
{"environment":"development","level":"info","message":"APPLICATION_STARTED","port":"3000","serverUrl":"http://localhost:3000","service":"urbango-api","status":"running","timestamp":"2025-12-21 22:25:55"}
{"environment":"development","level":"info","message":"APPLICATION_STARTING","port":"3000","serverUrl":"http://localhost:3000","service":"urbango-api","timestamp":"2025-12-21 22:26:01"}
{"level":"info","message":"DATABASE_CONNECTED","service":"urbango-api","status":"connected","timestamp":"2025-12-21 22:26:01","url":"mongodb://localhost:27017/urbango"}
{"environment":"development","level":"info","message":"APPLICATION_STARTED","port":"3000","serverUrl":"http://localhost:3000","service":"urbango-api","status":"running","timestamp":"2025-12-21 22:26:01"}
{"environment":"development","level":"info","message":"APPLICATION_STARTING","port":"3000","serverUrl":"http://localhost:3000","service":"urbango-api","timestamp":"2025-12-21 22:26:03"}
{"level":"info","message":"DATABASE_CONNECTED","service":"urbango-api","status":"connected","timestamp":"2025-12-21 22:26:03","url":"mongodb://localhost:27017/urbango"}
{"environment":"development","level":"info","message":"APPLICATION_STARTED","port":"3000","serverUrl":"http://localhost:3000","service":"urbango-api","status":"running","timestamp":"2025-12-21 22:26:03"}
{"environment":"development","level":"info","message":"APPLICATION_STARTING","port":"3000","serverUrl":"http://localhost:3000","service":"urbango-api","timestamp":"2025-12-21 22:26:12"}
{"level":"info","message":"DATABASE_CONNECTED","service":"urbango-api","status":"connected","timestamp":"2025-12-21 22:26:12","url":"mongodb://localhost:27017/urbango"}
{"environment":"development","level":"info","message":"APPLICATION_STARTED","port":"3000","serverUrl":"http://localhost:3000","service":"urbango-api","status":"running","timestamp":"2025-12-21 22:26:12"}
{"environment":"development","level":"info","message":"APPLICATION_STARTING","port":"3000","serverUrl":"http://localhost:3000","service":"urbango-api","timestamp":"2025-12-21 22:26:40"}
{"level":"info","message":"DATABASE_CONNECTED","service":"urbango-api","status":"connected","timestamp":"2025-12-21 22:26:40","url":"mongodb://localhost:27017/urbango"}
{"environment":"development","level":"info","message":"APPLICATION_STARTED","port":"3000","serverUrl":"http://localhost:3000","service":"urbango-api","status":"running","timestamp":"2025-12-21 22:26:40"}
{"environment":"development","level":"info","message":"APPLICATION_STARTING","port":"3000","serverUrl":"http://localhost:3000","service":"urbango-api","timestamp":"2025-12-21 22:26:47"}
{"level":"info","message":"DATABASE_CONNECTED","service":"urbango-api","status":"connected","timestamp":"2025-12-21 22:26:47","url":"mongodb://localhost:27017/urbango"}
{"environment":"development","level":"info","message":"APPLICATION_STARTED","port":"3000","serverUrl":"http://localhost:3000","service":"urbango-api","status":"running","timestamp":"2025-12-21 22:26:47"}
{"environment":"development","level":"info","message":"APPLICATION_STARTING","port":"3000","serverUrl":"http://localhost:3000","service":"urbango-api","timestamp":"2025-12-21 22:26:51"}
{"level":"info","message":"DATABASE_CONNECTED","service":"urbango-api","status":"connected","timestamp":"2025-12-21 22:26:51","url":"mongodb://localhost:27017/urbango"}
{"environment":"development","level":"info","message":"APPLICATION_STARTED","port":"3000","serverUrl":"http://localhost:3000","service":"urbango-api","status":"running","timestamp":"2025-12-21 22:26:51"}
{"environment":"development","level":"info","message":"APPLICATION_STARTING","port":"3000","serverUrl":"http://localhost:3000","service":"urbango-api","timestamp":"2025-12-21 22:26:55"}
{"level":"info","message":"DATABASE_CONNECTED","service":"urbango-api","status":"connected","timestamp":"2025-12-21 22:26:56","url":"mongodb://localhost:27017/urbango"}
{"environment":"development","level":"info","message":"APPLICATION_STARTED","port":"3000","serverUrl":"http://localhost:3000","service":"urbango-api","status":"running","timestamp":"2025-12-21 22:26:56"}
{"environment":"development","level":"info","message":"APPLICATION_STARTING","port":"3000","serverUrl":"http://localhost:3000","service":"urbango-api","timestamp":"2025-12-21 22:26:57"}
{"level":"info","message":"DATABASE_CONNECTED","service":"urbango-api","status":"connected","timestamp":"2025-12-21 22:26:57","url":"mongodb://localhost:27017/urbango"}
{"environment":"development","level":"info","message":"APPLICATION_STARTED","port":"3000","serverUrl":"http://localhost:3000","service":"urbango-api","status":"running","timestamp":"2025-12-21 22:26:57"}
{"environment":"development","level":"info","message":"APPLICATION_STARTING","port":"3000","serverUrl":"http://localhost:3000","service":"urbango-api","timestamp":"2025-12-21 22:27:00"}
{"level":"info","message":"DATABASE_CONNECTED","service":"urbango-api","status":"connected","timestamp":"2025-12-21 22:27:00","url":"mongodb://localhost:27017/urbango"}
{"environment":"development","level":"info","message":"APPLICATION_STARTED","port":"3000","serverUrl":"http://localhost:3000","service":"urbango-api","status":"running","timestamp":"2025-12-21 22:27:00"}
{"environment":"development","level":"info","message":"APPLICATION_STARTING","port":"3000","serverUrl":"http://localhost:3000","service":"urbango-api","timestamp":"2025-12-21 22:27:01"}
{"level":"info","message":"DATABASE_CONNECTED","service":"urbango-api","status":"connected","timestamp":"2025-12-21 22:27:01","url":"mongodb://localhost:27017/urbango"}
{"environment":"development","level":"info","message":"APPLICATION_STARTED","port":"3000","serverUrl":"http://localhost:3000","service":"urbango-api","status":"running","timestamp":"2025-12-21 22:27:01"}
{"environment":"development","level":"info","message":"APPLICATION_STARTING","port":"3000","serverUrl":"http://localhost:3000","service":"urbango-api","timestamp":"2025-12-21 22:27:03"}
{"level":"info","message":"DATABASE_CONNECTED","service":"urbango-api","status":"connected","timestamp":"2025-12-21 22:27:03","url":"mongodb://localhost:27017/urbango"}
{"environment":"development","level":"info","message":"APPLICATION_STARTED","port":"3000","serverUrl":"http://localhost:3000","service":"urbango-api","status":"running","timestamp":"2025-12-21 22:27:03"}
{"environment":"development","level":"info","message":"APPLICATION_STARTING","port":"3000","serverUrl":"http://localhost:3000","service":"urbango-api","timestamp":"2025-12-21 22:27:09"}
{"level":"info","message":"DATABASE_CONNECTED","service":"urbango-api","status":"connected","timestamp":"2025-12-21 22:27:09","url":"mongodb://localhost:27017/urbango"}
{"environment":"development","level":"info","message":"APPLICATION_STARTED","port":"3000","serverUrl":"http://localhost:3000","service":"urbango-api","status":"running","timestamp":"2025-12-21 22:27:09"}
{"environment":"development","level":"info","message":"APPLICATION_STARTING","port":"3000","serverUrl":"http://localhost:3000","service":"urbango-api","timestamp":"2025-12-21 22:27:17"}
{"level":"info","message":"DATABASE_CONNECTED","service":"urbango-api","status":"connected","timestamp":"2025-12-21 22:27:17","url":"mongodb://localhost:27017/urbango"}
{"environment":"development","level":"info","message":"APPLICATION_STARTED","port":"3000","serverUrl":"http://localhost:3000","service":"urbango-api","status":"running","timestamp":"2025-12-21 22:27:17"}
{"environment":"development","level":"info","message":"APPLICATION_STARTING","port":"3000","serverUrl":"http://localhost:3000","service":"urbango-api","timestamp":"2025-12-21 22:27:21"}
{"level":"info","message":"DATABASE_CONNECTED","service":"urbango-api","status":"connected","timestamp":"2025-12-21 22:27:21","url":"mongodb://localhost:27017/urbango"}
{"environment":"development","level":"info","message":"APPLICATION_STARTED","port":"3000","serverUrl":"http://localhost:3000","service":"urbango-api","status":"running","timestamp":"2025-12-21 22:27:21"}
{"environment":"development","level":"info","message":"APPLICATION_STARTING","port":"3000","serverUrl":"http://localhost:3000","service":"urbango-api","timestamp":"2025-12-21 22:27:29"}
{"level":"info","message":"DATABASE_CONNECTED","service":"urbango-api","status":"connected","timestamp":"2025-12-21 22:27:29","url":"mongodb://localhost:27017/urbango"}
{"environment":"development","level":"info","message":"APPLICATION_STARTED","port":"3000","serverUrl":"http://localhost:3000","service":"urbango-api","status":"running","timestamp":"2025-12-21 22:27:29"}
{"environment":"development","level":"info","message":"APPLICATION_STARTING","port":"3000","serverUrl":"http://localhost:3000","service":"urbango-api","timestamp":"2025-12-21 22:27:33"}
{"level":"info","message":"DATABASE_CONNECTED","service":"urbango-api","status":"connected","timestamp":"2025-12-21 22:27:33","url":"mongodb://localhost:27017/urbango"}
{"environment":"development","level":"info","message":"APPLICATION_STARTED","port":"3000","serverUrl":"http://localhost:3000","service":"urbango-api","status":"running","timestamp":"2025-12-21 22:27:33"}
{"environment":"development","level":"info","message":"APPLICATION_STARTING","port":"3000","serverUrl":"http://localhost:3000","service":"urbango-api","timestamp":"2025-12-21 22:27:35"}
{"level":"info","message":"DATABASE_CONNECTED","service":"urbango-api","status":"connected","timestamp":"2025-12-21 22:27:35","url":"mongodb://localhost:27017/urbango"}
{"environment":"development","level":"info","message":"APPLICATION_STARTED","port":"3000","serverUrl":"http://localhost:3000","service":"urbango-api","status":"running","timestamp":"2025-12-21 22:27:35"}
{"environment":"development","level":"info","message":"APPLICATION_STARTING","port":"3000","serverUrl":"http://localhost:3000","service":"urbango-api","timestamp":"2025-12-21 22:27:37"}
{"level":"info","message":"DATABASE_CONNECTED","service":"urbango-api","status":"connected","timestamp":"2025-12-21 22:27:37","url":"mongodb://localhost:27017/urbango"}
{"environment":"development","level":"info","message":"APPLICATION_STARTED","port":"3000","serverUrl":"http://localhost:3000","service":"urbango-api","status":"running","timestamp":"2025-12-21 22:27:37"}
{"environment":"development","level":"info","message":"APPLICATION_STARTING","port":"3000","serverUrl":"http://localhost:3000","service":"urbango-api","timestamp":"2025-12-21 22:27:41"}
{"level":"info","message":"DATABASE_CONNECTED","service":"urbango-api","status":"connected","timestamp":"2025-12-21 22:27:41","url":"mongodb://localhost:27017/urbango"}
{"environment":"development","level":"info","message":"APPLICATION_STARTED","port":"3000","serverUrl":"http://localhost:3000","service":"urbango-api","status":"running","timestamp":"2025-12-21 22:27:41"}
{"environment":"development","level":"info","message":"APPLICATION_STARTING","port":"3000","serverUrl":"http://localhost:3000","service":"urbango-api","timestamp":"2025-12-21 22:27:43"}
{"level":"info","message":"DATABASE_CONNECTED","service":"urbango-api","status":"connected","timestamp":"2025-12-21 22:27:43","url":"mongodb://localhost:27017/urbango"}
{"environment":"development","level":"info","message":"APPLICATION_STARTED","port":"3000","serverUrl":"http://localhost:3000","service":"urbango-api","status":"running","timestamp":"2025-12-21 22:27:43"}
{"environment":"development","level":"info","message":"APPLICATION_STARTING","port":"3000","serverUrl":"http://localhost:3000","service":"urbango-api","timestamp":"2025-12-21 22:27:48"}
{"level":"info","message":"DATABASE_CONNECTED","service":"urbango-api","status":"connected","timestamp":"2025-12-21 22:27:48","url":"mongodb://localhost:27017/urbango"}
{"environment":"development","level":"info","message":"APPLICATION_STARTED","port":"3000","serverUrl":"http://localhost:3000","service":"urbango-api","status":"running","timestamp":"2025-12-21 22:27:48"}
{"environment":"development","level":"info","message":"APPLICATION_STARTING","port":"3000","serverUrl":"http://localhost:3000","service":"urbango-api","timestamp":"2025-12-21 22:27:49"}
{"level":"info","message":"DATABASE_CONNECTED","service":"urbango-api","status":"connected","timestamp":"2025-12-21 22:27:50","url":"mongodb://localhost:27017/urbango"}
{"environment":"development","level":"info","message":"APPLICATION_STARTED","port":"3000","serverUrl":"http://localhost:3000","service":"urbango-api","status":"running","timestamp":"2025-12-21 22:27:50"}
{"environment":"development","level":"info","message":"APPLICATION_STARTING","port":"3000","serverUrl":"http://localhost:3000","service":"urbango-api","timestamp":"2025-12-21 22:27:51"}
{"level":"info","message":"DATABASE_CONNECTED","service":"urbango-api","status":"connected","timestamp":"2025-12-21 22:27:51","url":"mongodb://localhost:27017/urbango"}
{"environment":"development","level":"info","message":"APPLICATION_STARTED","port":"3000","serverUrl":"http://localhost:3000","service":"urbango-api","status":"running","timestamp":"2025-12-21 22:27:51"}
{"environment":"development","level":"info","message":"APPLICATION_STARTING","port":"3000","serverUrl":"http://localhost:3000","service":"urbango-api","timestamp":"2025-12-21 22:27:54"}
{"level":"info","message":"DATABASE_CONNECTED","service":"urbango-api","status":"connected","timestamp":"2025-12-21 22:27:54","url":"mongodb://localhost:27017/urbango"}
{"environment":"development","level":"info","message":"APPLICATION_STARTED","port":"3000","serverUrl":"http://localhost:3000","service":"urbango-api","status":"running","timestamp":"2025-12-21 22:27:54"}
{"environment":"development","level":"info","message":"APPLICATION_STARTING","port":"3000","serverUrl":"http://localhost:3000","service":"urbango-api","timestamp":"2025-12-21 22:27:57"}
{"level":"info","message":"DATABASE_CONNECTED","service":"urbango-api","status":"connected","timestamp":"2025-12-21 22:27:57","url":"mongodb://localhost:27017/urbango"}
{"environment":"development","level":"info","message":"APPLICATION_STARTED","port":"3000","serverUrl":"http://localhost:3000","service":"urbango-api","status":"running","timestamp":"2025-12-21 22:27:57"}
{"environment":"development","level":"info","message":"APPLICATION_STARTING","port":"3000","serverUrl":"http://localhost:3000","service":"urbango-api","timestamp":"2025-12-21 22:27:58"}
{"level":"info","message":"DATABASE_CONNECTED","service":"urbango-api","status":"connected","timestamp":"2025-12-21 22:27:59","url":"mongodb://localhost:27017/urbango"}
{"environment":"development","level":"info","message":"APPLICATION_STARTED","port":"3000","serverUrl":"http://localhost:3000","service":"urbango-api","status":"running","timestamp":"2025-12-21 22:27:59"}
{"environment":"development","level":"info","message":"APPLICATION_STARTING","port":"3000","serverUrl":"http://localhost:3000","service":"urbango-api","timestamp":"2025-12-21 22:28:01"}
{"level":"info","message":"DATABASE_CONNECTED","service":"urbango-api","status":"connected","timestamp":"2025-12-21 22:28:01","url":"mongodb://localhost:27017/urbango"}
{"environment":"development","level":"info","message":"APPLICATION_STARTED","port":"3000","serverUrl":"http://localhost:3000","service":"urbango-api","status":"running","timestamp":"2025-12-21 22:28:01"}
{"environment":"development","level":"info","message":"APPLICATION_STARTING","port":"3000","serverUrl":"http://localhost:3000","service":"urbango-api","timestamp":"2025-12-21 22:28:04"}
{"level":"info","message":"DATABASE_CONNECTED","service":"urbango-api","status":"connected","timestamp":"2025-12-21 22:28:04","url":"mongodb://localhost:27017/urbango"}
{"environment":"development","level":"info","message":"APPLICATION_STARTED","port":"3000","serverUrl":"http://localhost:3000","service":"urbango-api","status":"running","timestamp":"2025-12-21 22:28:04"}
{"environment":"development","level":"info","message":"APPLICATION_STARTING","port":"3000","serverUrl":"http://localhost:3000","service":"urbango-api","timestamp":"2025-12-21 22:28:10"}
{"level":"info","message":"DATABASE_CONNECTED","service":"urbango-api","status":"connected","timestamp":"2025-12-21 22:28:10","url":"mongodb://localhost:27017/urbango"}
{"environment":"development","level":"info","message":"APPLICATION_STARTED","port":"3000","serverUrl":"http://localhost:3000","service":"urbango-api","status":"running","timestamp":"2025-12-21 22:28:10"}
{"environment":"development","level":"info","message":"APPLICATION_STARTING","port":"3000","serverUrl":"http://localhost:3000","service":"urbango-api","timestamp":"2025-12-21 22:28:13"}
{"level":"info","message":"DATABASE_CONNECTED","service":"urbango-api","status":"connected","timestamp":"2025-12-21 22:28:13","url":"mongodb://localhost:27017/urbango"}
{"environment":"development","level":"info","message":"APPLICATION_STARTED","port":"3000","serverUrl":"http://localhost:3000","service":"urbango-api","status":"running","timestamp":"2025-12-21 22:28:13"}
{"environment":"development","level":"info","message":"APPLICATION_STARTING","port":"3000","serverUrl":"http://localhost:3000","service":"urbango-api","timestamp":"2025-12-21 22:28:18"}
{"level":"info","message":"DATABASE_CONNECTED","service":"urbango-api","status":"connected","timestamp":"2025-12-21 22:28:18","url":"mongodb://localhost:27017/urbango"}
{"environment":"development","level":"info","message":"APPLICATION_STARTED","port":"3000","serverUrl":"http://localhost:3000","service":"urbango-api","status":"running","timestamp":"2025-12-21 22:28:18"}
{"environment":"development","level":"info","message":"APPLICATION_STARTING","port":"3000","serverUrl":"http://localhost:3000","service":"urbango-api","timestamp":"2025-12-21 22:28:20"}
{"level":"info","message":"DATABASE_CONNECTED","service":"urbango-api","status":"connected","timestamp":"2025-12-21 22:28:20","url":"mongodb://localhost:27017/urbango"}
{"environment":"development","level":"info","message":"APPLICATION_STARTED","port":"3000","serverUrl":"http://localhost:3000","service":"urbango-api","status":"running","timestamp":"2025-12-21 22:28:20"}
{"environment":"development","level":"info","message":"APPLICATION_STARTING","port":"3000","serverUrl":"http://localhost:3000","service":"urbango-api","timestamp":"2025-12-21 22:28:22"}
{"level":"info","message":"DATABASE_CONNECTED","service":"urbango-api","status":"connected","timestamp":"2025-12-21 22:28:22","url":"mongodb://localhost:27017/urbango"}
{"environment":"development","level":"info","message":"APPLICATION_STARTED","port":"3000","serverUrl":"http://localhost:3000","service":"urbango-api","status":"running","timestamp":"2025-12-21 22:28:22"}
{"environment":"development","level":"info","message":"APPLICATION_STARTING","port":"3000","serverUrl":"http://localhost:3000","service":"urbango-api","timestamp":"2025-12-21 22:28:25"}
{"level":"info","message":"DATABASE_CONNECTED","service":"urbango-api","status":"connected","timestamp":"2025-12-21 22:28:25","url":"mongodb://localhost:27017/urbango"}
{"environment":"development","level":"info","message":"APPLICATION_STARTED","port":"3000","serverUrl":"http://localhost:3000","service":"urbango-api","status":"running","timestamp":"2025-12-21 22:28:25"}
{"environment":"development","level":"info","message":"APPLICATION_STARTING","port":"3000","serverUrl":"http://localhost:3000","service":"urbango-api","timestamp":"2025-12-21 22:28:26"}
{"level":"info","message":"DATABASE_CONNECTED","service":"urbango-api","status":"connected","timestamp":"2025-12-21 22:28:26","url":"mongodb://localhost:27017/urbango"}
{"environment":"development","level":"info","message":"APPLICATION_STARTED","port":"3000","serverUrl":"http://localhost:3000","service":"urbango-api","status":"running","timestamp":"2025-12-21 22:28:26"}
{"environment":"development","level":"info","message":"APPLICATION_STARTING","port":"3000","serverUrl":"http://localhost:3000","service":"urbango-api","timestamp":"2025-12-21 22:28:28"}
{"level":"info","message":"DATABASE_CONNECTED","service":"urbango-api","status":"connected","timestamp":"2025-12-21 22:28:28","url":"mongodb://localhost:27017/urbango"}
{"environment":"development","level":"info","message":"APPLICATION_STARTED","port":"3000","serverUrl":"http://localhost:3000","service":"urbango-api","status":"running","timestamp":"2025-12-21 22:28:28"}
{"environment":"development","level":"info","message":"APPLICATION_STARTING","port":"3000","serverUrl":"http://localhost:3000","service":"urbango-api","timestamp":"2025-12-21 22:28:36"}
{"level":"info","message":"DATABASE_CONNECTED","service":"urbango-api","status":"connected","timestamp":"2025-12-21 22:28:36","url":"mongodb://localhost:27017/urbango"}
{"environment":"development","level":"info","message":"APPLICATION_STARTED","port":"3000","serverUrl":"http://localhost:3000","service":"urbango-api","status":"running","timestamp":"2025-12-21 22:28:36"}
{"environment":"development","level":"info","message":"APPLICATION_STARTING","port":"3000","serverUrl":"http://localhost:3000","service":"urbango-api","timestamp":"2025-12-21 22:28:39"}
{"level":"info","message":"DATABASE_CONNECTED","service":"urbango-api","status":"connected","timestamp":"2025-12-21 22:28:39","url":"mongodb://localhost:27017/urbango"}
{"environment":"development","level":"info","message":"APPLICATION_STARTED","port":"3000","serverUrl":"http://localhost:3000","service":"urbango-api","status":"running","timestamp":"2025-12-21 22:28:39"}
{"environment":"development","level":"info","message":"APPLICATION_STARTING","port":"3000","serverUrl":"http://localhost:3000","service":"urbango-api","timestamp":"2025-12-21 22:28:42"}
{"level":"info","message":"DATABASE_CONNECTED","service":"urbango-api","status":"connected","timestamp":"2025-12-21 22:28:42","url":"mongodb://localhost:27017/urbango"}
{"environment":"development","level":"info","message":"APPLICATION_STARTED","port":"3000","serverUrl":"http://localhost:3000","service":"urbango-api","status":"running","timestamp":"2025-12-21 22:28:42"}
{"environment":"development","level":"info","message":"APPLICATION_STARTING","port":"3000","serverUrl":"http://localhost:3000","service":"urbango-api","timestamp":"2025-12-21 22:28:44"}
{"level":"info","message":"DATABASE_CONNECTED","service":"urbango-api","status":"connected","timestamp":"2025-12-21 22:28:44","url":"mongodb://localhost:27017/urbango"}
{"environment":"development","level":"info","message":"APPLICATION_STARTED","port":"3000","serverUrl":"http://localhost:3000","service":"urbango-api","status":"running","timestamp":"2025-12-21 22:28:44"}
{"environment":"development","level":"info","message":"APPLICATION_STARTING","port":"3000","serverUrl":"http://localhost:3000","service":"urbango-api","timestamp":"2025-12-21 22:28:46"}
{"level":"info","message":"DATABASE_CONNECTED","service":"urbango-api","status":"connected","timestamp":"2025-12-21 22:28:47","url":"mongodb://localhost:27017/urbango"}
{"environment":"development","level":"info","message":"APPLICATION_STARTED","port":"3000","serverUrl":"http://localhost:3000","service":"urbango-api","status":"running","timestamp":"2025-12-21 22:28:47"}
{"environment":"development","level":"info","message":"APPLICATION_STARTING","port":"3000","serverUrl":"http://localhost:3000","service":"urbango-api","timestamp":"2025-12-21 22:28:49"}
{"level":"info","message":"DATABASE_CONNECTED","service":"urbango-api","status":"connected","timestamp":"2025-12-21 22:28:49","url":"mongodb://localhost:27017/urbango"}
{"environment":"development","level":"info","message":"APPLICATION_STARTED","port":"3000","serverUrl":"http://localhost:3000","service":"urbango-api","status":"running","timestamp":"2025-12-21 22:28:49"}
{"environment":"development","level":"info","message":"APPLICATION_STARTING","port":"3000","serverUrl":"http://localhost:3000","service":"urbango-api","timestamp":"2025-12-21 22:28:53"}
{"level":"info","message":"DATABASE_CONNECTED","service":"urbango-api","status":"connected","timestamp":"2025-12-21 22:28:53","url":"mongodb://localhost:27017/urbango"}
{"environment":"development","level":"info","message":"APPLICATION_STARTED","port":"3000","serverUrl":"http://localhost:3000","service":"urbango-api","status":"running","timestamp":"2025-12-21 22:28:53"}
{"environment":"development","level":"info","message":"APPLICATION_STARTING","port":"3000","serverUrl":"http://localhost:3000","service":"urbango-api","timestamp":"2025-12-21 22:28:57"}
{"level":"info","message":"DATABASE_CONNECTED","service":"urbango-api","status":"connected","timestamp":"2025-12-21 22:28:57","url":"mongodb://localhost:27017/urbango"}
{"environment":"development","level":"info","message":"APPLICATION_STARTED","port":"3000","serverUrl":"http://localhost:3000","service":"urbango-api","status":"running","timestamp":"2025-12-21 22:28:57"}
{"environment":"development","level":"info","message":"APPLICATION_STARTING","port":"3000","serverUrl":"http://localhost:3000","service":"urbango-api","timestamp":"2025-12-21 22:29:00"}
{"level":"info","message":"DATABASE_CONNECTED","service":"urbango-api","status":"connected","timestamp":"2025-12-21 22:29:00","url":"mongodb://localhost:27017/urbango"}
{"environment":"development","level":"info","message":"APPLICATION_STARTED","port":"3000","serverUrl":"http://localhost:3000","service":"urbango-api","status":"running","timestamp":"2025-12-21 22:29:00"}
{"environment":"development","level":"info","message":"APPLICATION_STARTING","port":"3000","serverUrl":"http://localhost:3000","service":"urbango-api","timestamp":"2025-12-21 22:29:04"}
{"level":"info","message":"DATABASE_CONNECTED","service":"urbango-api","status":"connected","timestamp":"2025-12-21 22:29:04","url":"mongodb://localhost:27017/urbango"}
{"environment":"development","level":"info","message":"APPLICATION_STARTED","port":"3000","serverUrl":"http://localhost:3000","service":"urbango-api","status":"running","timestamp":"2025-12-21 22:29:04"}
{"environment":"development","level":"info","message":"APPLICATION_STARTING","port":"3000","serverUrl":"http://localhost:3000","service":"urbango-api","timestamp":"2025-12-21 22:29:06"}
{"level":"info","message":"DATABASE_CONNECTED","service":"urbango-api","status":"connected","timestamp":"2025-12-21 22:29:06","url":"mongodb://localhost:27017/urbango"}
{"environment":"development","level":"info","message":"APPLICATION_STARTED","port":"3000","serverUrl":"http://localhost:3000","service":"urbango-api","status":"running","timestamp":"2025-12-21 22:29:06"}
{"environment":"development","level":"info","message":"APPLICATION_STARTING","port":"3000","serverUrl":"http://localhost:3000","service":"urbango-api","timestamp":"2025-12-21 22:29:07"}
{"level":"info","message":"DATABASE_CONNECTED","service":"urbango-api","status":"connected","timestamp":"2025-12-21 22:29:07","url":"mongodb://localhost:27017/urbango"}
{"environment":"development","level":"info","message":"APPLICATION_STARTED","port":"3000","serverUrl":"http://localhost:3000","service":"urbango-api","status":"running","timestamp":"2025-12-21 22:29:07"}
{"environment":"development","level":"info","message":"APPLICATION_STARTING","port":"3000","serverUrl":"http://localhost:3000","service":"urbango-api","timestamp":"2025-12-21 22:29:16"}
{"level":"info","message":"DATABASE_CONNECTED","service":"urbango-api","status":"connected","timestamp":"2025-12-21 22:29:16","url":"mongodb://localhost:27017/urbango"}
{"environment":"development","level":"info","message":"APPLICATION_STARTED","port":"3000","serverUrl":"http://localhost:3000","service":"urbango-api","status":"running","timestamp":"2025-12-21 22:29:16"}
{"environment":"development","level":"info","message":"APPLICATION_STARTING","port":"3000","serverUrl":"http://localhost:3000","service":"urbango-api","timestamp":"2025-12-21 22:29:18"}
{"level":"info","message":"DATABASE_CONNECTED","service":"urbango-api","status":"connected","timestamp":"2025-12-21 22:29:18","url":"mongodb://localhost:27017/urbango"}
{"environment":"development","level":"info","message":"APPLICATION_STARTED","port":"3000","serverUrl":"http://localhost:3000","service":"urbango-api","status":"running","timestamp":"2025-12-21 22:29:18"}
{"environment":"development","level":"info","message":"APPLICATION_STARTING","port":"3000","serverUrl":"http://localhost:3000","service":"urbango-api","timestamp":"2025-12-21 22:29:21"}
{"level":"info","message":"DATABASE_CONNECTED","service":"urbango-api","status":"connected","timestamp":"2025-12-21 22:29:21","url":"mongodb://localhost:27017/urbango"}
{"environment":"development","level":"info","message":"APPLICATION_STARTED","port":"3000","serverUrl":"http://localhost:3000","service":"urbango-api","status":"running","timestamp":"2025-12-21 22:29:21"}
{"environment":"development","level":"info","message":"APPLICATION_STARTING","port":"3000","serverUrl":"http://localhost:3000","service":"urbango-api","timestamp":"2025-12-21 22:29:27"}
{"level":"info","message":"DATABASE_CONNECTED","service":"urbango-api","status":"connected","timestamp":"2025-12-21 22:29:27","url":"mongodb://localhost:27017/urbango"}
{"environment":"development","level":"info","message":"APPLICATION_STARTED","port":"3000","serverUrl":"http://localhost:3000","service":"urbango-api","status":"running","timestamp":"2025-12-21 22:29:27"}
{"environment":"development","level":"info","message":"APPLICATION_STARTING","port":"3000","serverUrl":"http://localhost:3000","service":"urbango-api","timestamp":"2025-12-21 22:29:30"}
{"level":"info","message":"DATABASE_CONNECTED","service":"urbango-api","status":"connected","timestamp":"2025-12-21 22:29:30","url":"mongodb://localhost:27017/urbango"}
{"environment":"development","level":"info","message":"APPLICATION_STARTED","port":"3000","serverUrl":"http://localhost:3000","service":"urbango-api","status":"running","timestamp":"2025-12-21 22:29:30"}
{"environment":"development","level":"info","message":"APPLICATION_STARTING","port":"3000","serverUrl":"http://localhost:3000","service":"urbango-api","timestamp":"2025-12-21 22:29:33"}
{"level":"info","message":"DATABASE_CONNECTED","service":"urbango-api","status":"connected","timestamp":"2025-12-21 22:29:33","url":"mongodb://localhost:27017/urbango"}
{"environment":"development","level":"info","message":"APPLICATION_STARTED","port":"3000","serverUrl":"http://localhost:3000","service":"urbango-api","status":"running","timestamp":"2025-12-21 22:29:33"}
{"environment":"development","level":"info","message":"APPLICATION_STARTING","port":"3000","serverUrl":"http://localhost:3000","service":"urbango-api","timestamp":"2025-12-21 22:29:39"}
{"level":"info","message":"DATABASE_CONNECTED","service":"urbango-api","status":"connected","timestamp":"2025-12-21 22:29:39","url":"mongodb://localhost:27017/urbango"}
{"environment":"development","level":"info","message":"APPLICATION_STARTED","port":"3000","serverUrl":"http://localhost:3000","service":"urbango-api","status":"running","timestamp":"2025-12-21 22:29:39"}
{"environment":"development","level":"info","message":"APPLICATION_STARTING","port":"3000","serverUrl":"http://localhost:3000","service":"urbango-api","timestamp":"2025-12-21 22:29:41"}
{"level":"info","message":"DATABASE_CONNECTED","service":"urbango-api","status":"connected","timestamp":"2025-12-21 22:29:41","url":"mongodb://localhost:27017/urbango"}
{"environment":"development","level":"info","message":"APPLICATION_STARTED","port":"3000","serverUrl":"http://localhost:3000","service":"urbango-api","status":"running","timestamp":"2025-12-21 22:29:41"}
{"environment":"development","level":"info","message":"APPLICATION_STARTING","port":"3000","serverUrl":"http://localhost:3000","service":"urbango-api","timestamp":"2025-12-21 22:29:58"}
{"level":"info","message":"DATABASE_CONNECTED","service":"urbango-api","status":"connected","timestamp":"2025-12-21 22:29:58","url":"mongodb://localhost:27017/urbango"}
{"environment":"development","level":"info","message":"APPLICATION_STARTED","port":"3000","serverUrl":"http://localhost:3000","service":"urbango-api","status":"running","timestamp":"2025-12-21 22:29:58"}
{"environment":"development","level":"info","message":"APPLICATION_STARTING","port":"3000","serverUrl":"http://localhost:3000","service":"urbango-api","timestamp":"2025-12-21 22:30:04"}
{"level":"info","message":"DATABASE_CONNECTED","service":"urbango-api","status":"connected","timestamp":"2025-12-21 22:30:04","url":"mongodb://localhost:27017/urbango"}
{"environment":"development","level":"info","message":"APPLICATION_STARTED","port":"3000","serverUrl":"http://localhost:3000","service":"urbango-api","status":"running","timestamp":"2025-12-21 22:30:04"}
{"environment":"development","level":"info","message":"APPLICATION_STARTING","port":"3000","serverUrl":"http://localhost:3000","service":"urbango-api","timestamp":"2025-12-21 22:30:06"}
{"level":"info","message":"DATABASE_CONNECTED","service":"urbango-api","status":"connected","timestamp":"2025-12-21 22:30:06","url":"mongodb://localhost:27017/urbango"}
{"environment":"development","level":"info","message":"APPLICATION_STARTED","port":"3000","serverUrl":"http://localhost:3000","service":"urbango-api","status":"running","timestamp":"2025-12-21 22:30:06"}
{"environment":"development","level":"info","message":"APPLICATION_STARTING","port":"3000","serverUrl":"http://localhost:3000","service":"urbango-api","timestamp":"2025-12-21 22:30:10"}
{"level":"info","message":"DATABASE_CONNECTED","service":"urbango-api","status":"connected","timestamp":"2025-12-21 22:30:10","url":"mongodb://localhost:27017/urbango"}
{"environment":"development","level":"info","message":"APPLICATION_STARTED","port":"3000","serverUrl":"http://localhost:3000","service":"urbango-api","status":"running","timestamp":"2025-12-21 22:30:10"}
{"environment":"development","level":"info","message":"APPLICATION_STARTING","port":"3000","serverUrl":"http://localhost:3000","service":"urbango-api","timestamp":"2025-12-21 22:30:12"}
{"level":"info","message":"DATABASE_CONNECTED","service":"urbango-api","status":"connected","timestamp":"2025-12-21 22:30:12","url":"mongodb://localhost:27017/urbango"}
{"environment":"development","level":"info","message":"APPLICATION_STARTED","port":"3000","serverUrl":"http://localhost:3000","service":"urbango-api","status":"running","timestamp":"2025-12-21 22:30:12"}
{"environment":"development","level":"info","message":"APPLICATION_STARTING","port":"3000","serverUrl":"http://localhost:3000","service":"urbango-api","timestamp":"2025-12-21 22:30:17"}
{"level":"info","message":"DATABASE_CONNECTED","service":"urbango-api","status":"connected","timestamp":"2025-12-21 22:30:17","url":"mongodb://localhost:27017/urbango"}
{"environment":"development","level":"info","message":"APPLICATION_STARTED","port":"3000","serverUrl":"http://localhost:3000","service":"urbango-api","status":"running","timestamp":"2025-12-21 22:30:17"}
{"environment":"development","level":"info","message":"APPLICATION_STARTING","port":"3000","serverUrl":"http://localhost:3000","service":"urbango-api","timestamp":"2025-12-21 22:30:18"}
{"level":"info","message":"DATABASE_CONNECTED","service":"urbango-api","status":"connected","timestamp":"2025-12-21 22:30:18","url":"mongodb://localhost:27017/urbango"}
{"environment":"development","level":"info","message":"APPLICATION_STARTED","port":"3000","serverUrl":"http://localhost:3000","service":"urbango-api","status":"running","timestamp":"2025-12-21 22:30:18"}
{"environment":"development","level":"info","message":"APPLICATION_STARTING","port":"3000","serverUrl":"http://localhost:3000","service":"urbango-api","timestamp":"2025-12-21 22:30:21"}
{"level":"info","message":"DATABASE_CONNECTED","service":"urbango-api","status":"connected","timestamp":"2025-12-21 22:30:21","url":"mongodb://localhost:27017/urbango"}
{"environment":"development","level":"info","message":"APPLICATION_STARTED","port":"3000","serverUrl":"http://localhost:3000","service":"urbango-api","status":"running","timestamp":"2025-12-21 22:30:21"}
{"environment":"development","level":"info","message":"APPLICATION_STARTING","port":"3000","serverUrl":"http://localhost:3000","service":"urbango-api","timestamp":"2025-12-21 22:30:24"}
{"level":"info","message":"DATABASE_CONNECTED","service":"urbango-api","status":"connected","timestamp":"2025-12-21 22:30:24","url":"mongodb://localhost:27017/urbango"}
{"environment":"development","level":"info","message":"APPLICATION_STARTED","port":"3000","serverUrl":"http://localhost:3000","service":"urbango-api","status":"running","timestamp":"2025-12-21 22:30:24"}
{"environment":"development","level":"info","message":"APPLICATION_STARTING","port":"3000","serverUrl":"http://localhost:3000","service":"urbango-api","timestamp":"2025-12-21 22:30:29"}
{"level":"info","message":"DATABASE_CONNECTED","service":"urbango-api","status":"connected","timestamp":"2025-12-21 22:30:29","url":"mongodb://localhost:27017/urbango"}
{"environment":"development","level":"info","message":"APPLICATION_STARTED","port":"3000","serverUrl":"http://localhost:3000","service":"urbango-api","status":"running","timestamp":"2025-12-21 22:30:29"}
{"environment":"development","level":"info","message":"APPLICATION_STARTING","port":"3000","serverUrl":"http://localhost:3000","service":"urbango-api","timestamp":"2025-12-21 22:31:10"}
{"level":"info","message":"DATABASE_CONNECTED","service":"urbango-api","status":"connected","timestamp":"2025-12-21 22:31:10","url":"mongodb://localhost:27017/urbango"}
{"environment":"development","level":"info","message":"APPLICATION_STARTED","port":"3000","serverUrl":"http://localhost:3000","service":"urbango-api","status":"running","timestamp":"2025-12-21 22:31:10"}
{"environment":"development","level":"info","message":"APPLICATION_STARTING","port":"3000","serverUrl":"http://localhost:3000","service":"urbango-api","timestamp":"2025-12-21 22:31:12"}
{"level":"info","message":"DATABASE_CONNECTED","service":"urbango-api","status":"connected","timestamp":"2025-12-21 22:31:12","url":"mongodb://localhost:27017/urbango"}
{"environment":"development","level":"info","message":"APPLICATION_STARTED","port":"3000","serverUrl":"http://localhost:3000","service":"urbango-api","status":"running","timestamp":"2025-12-21 22:31:12"}
{"environment":"development","level":"info","message":"APPLICATION_STARTING","port":"3000","serverUrl":"http://localhost:3000","service":"urbango-api","timestamp":"2025-12-21 22:31:13"}
{"level":"info","message":"DATABASE_CONNECTED","service":"urbango-api","status":"connected","timestamp":"2025-12-21 22:31:13","url":"mongodb://localhost:27017/urbango"}
{"environment":"development","level":"info","message":"APPLICATION_STARTED","port":"3000","serverUrl":"http://localhost:3000","service":"urbango-api","status":"running","timestamp":"2025-12-21 22:31:13"}
{"environment":"development","level":"info","message":"APPLICATION_STARTING","port":"3000","serverUrl":"http://localhost:3000","service":"urbango-api","timestamp":"2025-12-21 22:31:15"}
{"level":"info","message":"DATABASE_CONNECTED","service":"urbango-api","status":"connected","timestamp":"2025-12-21 22:31:15","url":"mongodb://localhost:27017/urbango"}
{"environment":"development","level":"info","message":"APPLICATION_STARTED","port":"3000","serverUrl":"http://localhost:3000","service":"urbango-api","status":"running","timestamp":"2025-12-21 22:31:15"}
{"environment":"development","level":"info","message":"APPLICATION_STARTING","port":"3000","serverUrl":"http://localhost:3000","service":"urbango-api","timestamp":"2025-12-21 22:31:17"}
{"level":"info","message":"DATABASE_CONNECTED","service":"urbango-api","status":"connected","timestamp":"2025-12-21 22:31:17","url":"mongodb://localhost:27017/urbango"}
{"environment":"development","level":"info","message":"APPLICATION_STARTED","port":"3000","serverUrl":"http://localhost:3000","service":"urbango-api","status":"running","timestamp":"2025-12-21 22:31:17"}
{"environment":"development","level":"info","message":"APPLICATION_STARTING","port":"3000","serverUrl":"http://localhost:3000","service":"urbango-api","timestamp":"2025-12-21 22:31:22"}
{"level":"info","message":"DATABASE_CONNECTED","service":"urbango-api","status":"connected","timestamp":"2025-12-21 22:31:22","url":"mongodb://localhost:27017/urbango"}
{"environment":"development","level":"info","message":"APPLICATION_STARTED","port":"3000","serverUrl":"http://localhost:3000","service":"urbango-api","status":"running","timestamp":"2025-12-21 22:31:22"}
{"environment":"development","level":"info","message":"APPLICATION_STARTING","port":"3000","serverUrl":"http://localhost:3000","service":"urbango-api","timestamp":"2025-12-21 22:31:27"}
{"level":"info","message":"DATABASE_CONNECTED","service":"urbango-api","status":"connected","timestamp":"2025-12-21 22:31:27","url":"mongodb://localhost:27017/urbango"}
{"environment":"development","level":"info","message":"APPLICATION_STARTED","port":"3000","serverUrl":"http://localhost:3000","service":"urbango-api","status":"running","timestamp":"2025-12-21 22:31:27"}
{"environment":"development","level":"info","message":"APPLICATION_STARTING","port":"3000","serverUrl":"http://localhost:3000","service":"urbango-api","timestamp":"2025-12-21 22:31:28"}
{"level":"info","message":"DATABASE_CONNECTED","service":"urbango-api","status":"connected","timestamp":"2025-12-21 22:31:28","url":"mongodb://localhost:27017/urbango"}
{"environment":"development","level":"info","message":"APPLICATION_STARTED","port":"3000","serverUrl":"http://localhost:3000","service":"urbango-api","status":"running","timestamp":"2025-12-21 22:31:28"}
{"environment":"development","level":"info","message":"APPLICATION_STARTING","port":"3000","serverUrl":"http://localhost:3000","service":"urbango-api","timestamp":"2025-12-21 22:41:39"}
{"level":"info","message":"DATABASE_CONNECTED","service":"urbango-api","status":"connected","timestamp":"2025-12-21 22:41:39","url":"mongodb://localhost:27017/urbango"}
{"environment":"development","level":"info","message":"APPLICATION_STARTED","port":"3000","serverUrl":"http://localhost:3000","service":"urbango-api","status":"running","timestamp":"2025-12-21 22:41:39"}
{"environment":"development","level":"info","message":"APPLICATION_STARTING","port":"3000","serverUrl":"http://localhost:3000","service":"urbango-api","timestamp":"2025-12-21 22:41:43"}
{"level":"info","message":"DATABASE_CONNECTED","service":"urbango-api","status":"connected","timestamp":"2025-12-21 22:41:43","url":"mongodb://localhost:27017/urbango"}
{"environment":"development","level":"info","message":"APPLICATION_STARTED","port":"3000","serverUrl":"http://localhost:3000","service":"urbango-api","status":"running","timestamp":"2025-12-21 22:41:43"}
{"environment":"development","level":"info","message":"APPLICATION_STARTING","port":"3000","serverUrl":"http://localhost:3000","service":"urbango-api","timestamp":"2025-12-21 22:41:48"}
{"level":"info","message":"DATABASE_CONNECTED","service":"urbango-api","status":"connected","timestamp":"2025-12-21 22:41:48","url":"mongodb://localhost:27017/urbango"}
{"environment":"development","level":"info","message":"APPLICATION_STARTED","port":"3000","serverUrl":"http://localhost:3000","service":"urbango-api","status":"running","timestamp":"2025-12-21 22:41:48"}
{"environment":"development","level":"info","message":"APPLICATION_STARTING","port":"3000","serverUrl":"http://localhost:3000","service":"urbango-api","timestamp":"2025-12-21 22:41:52"}
{"level":"info","message":"DATABASE_CONNECTED","service":"urbango-api","status":"connected","timestamp":"2025-12-21 22:41:52","url":"mongodb://localhost:27017/urbango"}
{"environment":"development","level":"info","message":"APPLICATION_STARTED","port":"3000","serverUrl":"http://localhost:3000","service":"urbango-api","status":"running","timestamp":"2025-12-21 22:41:52"}
{"environment":"development","level":"info","message":"APPLICATION_STARTING","port":"3000","serverUrl":"http://localhost:3000","service":"urbango-api","timestamp":"2025-12-21 22:41:55"}
{"level":"info","message":"DATABASE_CONNECTED","service":"urbango-api","status":"connected","timestamp":"2025-12-21 22:41:55","url":"mongodb://localhost:27017/urbango"}
{"environment":"development","level":"info","message":"APPLICATION_STARTED","port":"3000","serverUrl":"http://localhost:3000","service":"urbango-api","status":"running","timestamp":"2025-12-21 22:41:55"}
{"level":"info","message":"APPLICATION_SHUTDOWN_INITIATED","service":"urbango-api","signal":"SIGINT","timestamp":"2025-12-21 22:42:03"}
{"environment":"development","level":"info","message":"APPLICATION_STARTING","port":"3000","serverUrl":"http://localhost:3000","service":"urbango-api","timestamp":"2025-12-21 23:01:31"}
{"level":"info","message":"DATABASE_CONNECTED","service":"urbango-api","status":"connected","timestamp":"2025-12-21 23:01:31","url":"mongodb://localhost:27017/urbango"}
{"environment":"development","level":"info","message":"APPLICATION_STARTED","port":"3000","serverUrl":"http://localhost:3000","service":"urbango-api","status":"running","timestamp":"2025-12-21 23:01:31"}
{"environment":"development","level":"info","message":"APPLICATION_STARTING","port":"3000","serverUrl":"http://localhost:3000","service":"urbango-api","timestamp":"2025-12-24 19:47:21"}
{"level":"info","message":"DATABASE_CONNECTED","service":"urbango-api","status":"connected","timestamp":"2025-12-24 19:47:21","url":"mongodb://localhost:27017/urbango"}
{"environment":"development","level":"info","message":"APPLICATION_STARTED","port":"3000","serverUrl":"http://localhost:3000","service":"urbango-api","status":"running","timestamp":"2025-12-24 19:47:21"}
{"environment":"development","level":"info","message":"APPLICATION_STARTING","port":"3000","serverUrl":"http://localhost:3000","service":"urbango-api","timestamp":"2025-12-24 19:50:43"}
{"level":"info","message":"DATABASE_CONNECTED","service":"urbango-api","status":"connected","timestamp":"2025-12-24 19:50:43","url":"mongodb://localhost:27017/urbango"}
{"environment":"development","level":"info","message":"APPLICATION_STARTED","port":"3000","serverUrl":"http://localhost:3000","service":"urbango-api","status":"running","timestamp":"2025-12-24 19:50:43"}
{"environment":"development","level":"info","message":"APPLICATION_STARTING","port":"3000","serverUrl":"http://localhost:3000","service":"urbango-api","timestamp":"2025-12-24 19:58:42"}
{"level":"info","message":"DATABASE_CONNECTED","service":"urbango-api","status":"connected","timestamp":"2025-12-24 19:58:42","url":"mongodb://localhost:27017/urbango"}
{"environment":"development","level":"info","message":"APPLICATION_STARTED","port":"3000","serverUrl":"http://localhost:3000","service":"urbango-api","status":"running","timestamp":"2025-12-24 19:58:42"}
{"environment":"development","level":"info","message":"APPLICATION_STARTING","port":"3000","serverUrl":"http://localhost:3000","service":"urbango-api","timestamp":"2025-12-24 19:58:45"}
{"level":"info","message":"DATABASE_CONNECTED","service":"urbango-api","status":"connected","timestamp":"2025-12-24 19:58:45","url":"mongodb://localhost:27017/urbango"}
{"environment":"development","level":"info","message":"APPLICATION_STARTED","port":"3000","serverUrl":"http://localhost:3000","service":"urbango-api","status":"running","timestamp":"2025-12-24 19:58:45"}
{"environment":"development","level":"info","message":"APPLICATION_STARTING","port":"3000","serverUrl":"http://localhost:3000","service":"urbango-api","timestamp":"2025-12-24 19:59:40"}
{"level":"info","message":"DATABASE_CONNECTED","service":"urbango-api","status":"connected","timestamp":"2025-12-24 19:59:40","url":"mongodb://localhost:27017/urbango"}
{"environment":"development","level":"info","message":"APPLICATION_STARTED","port":"3000","serverUrl":"http://localhost:3000","service":"urbango-api","status":"running","timestamp":"2025-12-24 19:59:40"}
{"environment":"development","level":"info","message":"APPLICATION_STARTING","port":"3000","serverUrl":"http://localhost:3000","service":"urbango-api","timestamp":"2025-12-24 20:00:21"}
{"level":"info","message":"DATABASE_CONNECTED","service":"urbango-api","status":"connected","timestamp":"2025-12-24 20:00:21","url":"mongodb://localhost:27017/urbango"}
{"environment":"development","level":"info","message":"APPLICATION_STARTED","port":"3000","serverUrl":"http://localhost:3000","service":"urbango-api","status":"running","timestamp":"2025-12-24 20:00:21"}
{"environment":"development","level":"info","message":"APPLICATION_STARTING","port":"3000","serverUrl":"http://localhost:3000","service":"urbango-api","timestamp":"2025-12-24 20:00:22"}
{"level":"info","message":"DATABASE_CONNECTED","service":"urbango-api","status":"connected","timestamp":"2025-12-24 20:00:22","url":"mongodb://localhost:27017/urbango"}
{"environment":"development","level":"info","message":"APPLICATION_STARTED","port":"3000","serverUrl":"http://localhost:3000","service":"urbango-api","status":"running","timestamp":"2025-12-24 20:00:22"}
{"environment":"development","level":"info","message":"APPLICATION_STARTING","port":"3000","serverUrl":"http://localhost:3000","service":"urbango-api","timestamp":"2025-12-24 20:00:24"}
{"level":"info","message":"DATABASE_CONNECTED","service":"urbango-api","status":"connected","timestamp":"2025-12-24 20:00:24","url":"mongodb://localhost:27017/urbango"}
{"environment":"development","level":"info","message":"APPLICATION_STARTED","port":"3000","serverUrl":"http://localhost:3000","service":"urbango-api","status":"running","timestamp":"2025-12-24 20:00:24"}
{"environment":"development","level":"info","message":"APPLICATION_STARTING","port":"3000","serverUrl":"http://localhost:3000","service":"urbango-api","timestamp":"2025-12-24 20:00:26"}
{"level":"info","message":"DATABASE_CONNECTED","service":"urbango-api","status":"connected","timestamp":"2025-12-24 20:00:26","url":"mongodb://localhost:27017/urbango"}
{"environment":"development","level":"info","message":"APPLICATION_STARTED","port":"3000","serverUrl":"http://localhost:3000","service":"urbango-api","status":"running","timestamp":"2025-12-24 20:00:26"}
{"environment":"development","level":"info","message":"APPLICATION_STARTING","port":"3000","serverUrl":"http://localhost:3000","service":"urbango-api","timestamp":"2025-12-24 20:00:30"}
{"level":"info","message":"DATABASE_CONNECTED","service":"urbango-api","status":"connected","timestamp":"2025-12-24 20:00:30","url":"mongodb://localhost:27017/urbango"}
{"environment":"development","level":"info","message":"APPLICATION_STARTED","port":"3000","serverUrl":"http://localhost:3000","service":"urbango-api","status":"running","timestamp":"2025-12-24 20:00:30"}
{"environment":"development","level":"info","message":"APPLICATION_STARTING","port":"3000","serverUrl":"http://localhost:3000","service":"urbango-api","timestamp":"2025-12-24 20:00:32"}
{"level":"info","message":"DATABASE_CONNECTED","service":"urbango-api","status":"connected","timestamp":"2025-12-24 20:00:32","url":"mongodb://localhost:27017/urbango"}
{"environment":"development","level":"info","message":"APPLICATION_STARTED","port":"3000","serverUrl":"http://localhost:3000","service":"urbango-api","status":"running","timestamp":"2025-12-24 20:00:32"}
{"environment":"development","level":"info","message":"APPLICATION_STARTING","port":"3000","serverUrl":"http://localhost:3000","service":"urbango-api","timestamp":"2025-12-24 20:00:41"}
{"level":"info","message":"DATABASE_CONNECTED","service":"urbango-api","status":"connected","timestamp":"2025-12-24 20:00:41","url":"mongodb://localhost:27017/urbango"}
{"environment":"development","level":"info","message":"APPLICATION_STARTED","port":"3000","serverUrl":"http://localhost:3000","service":"urbango-api","status":"running","timestamp":"2025-12-24 20:00:41"}
{"environment":"development","level":"info","message":"APPLICATION_STARTING","port":"3000","serverUrl":"http://localhost:3000","service":"urbango-api","timestamp":"2025-12-24 20:00:43"}
{"level":"info","message":"DATABASE_CONNECTED","service":"urbango-api","status":"connected","timestamp":"2025-12-24 20:00:43","url":"mongodb://localhost:27017/urbango"}
{"environment":"development","level":"info","message":"APPLICATION_STARTED","port":"3000","serverUrl":"http://localhost:3000","service":"urbango-api","status":"running","timestamp":"2025-12-24 20:00:43"}
{"environment":"development","level":"info","message":"APPLICATION_STARTING","port":"3000","serverUrl":"http://localhost:3000","service":"urbango-api","timestamp":"2025-12-24 20:00:44"}
{"level":"info","message":"DATABASE_CONNECTED","service":"urbango-api","status":"connected","timestamp":"2025-12-24 20:00:44","url":"mongodb://localhost:27017/urbango"}
{"environment":"development","level":"info","message":"APPLICATION_STARTED","port":"3000","serverUrl":"http://localhost:3000","service":"urbango-api","status":"running","timestamp":"2025-12-24 20:00:44"}
{"environment":"development","level":"info","message":"APPLICATION_STARTING","port":"3000","serverUrl":"http://localhost:3000","service":"urbango-api","timestamp":"2025-12-24 20:00:50"}
{"level":"info","message":"DATABASE_CONNECTED","service":"urbango-api","status":"connected","timestamp":"2025-12-24 20:00:50","url":"mongodb://localhost:27017/urbango"}
{"environment":"development","level":"info","message":"APPLICATION_STARTED","port":"3000","serverUrl":"http://localhost:3000","service":"urbango-api","status":"running","timestamp":"2025-12-24 20:00:50"}
{"environment":"development","level":"info","message":"APPLICATION_STARTING","port":"3000","serverUrl":"http://localhost:3000","service":"urbango-api","timestamp":"2025-12-24 20:00:55"}
{"level":"info","message":"DATABASE_CONNECTED","service":"urbango-api","status":"connected","timestamp":"2025-12-24 20:00:55","url":"mongodb://localhost:27017/urbango"}
{"environment":"development","level":"info","message":"APPLICATION_STARTED","port":"3000","serverUrl":"http://localhost:3000","service":"urbango-api","status":"running","timestamp":"2025-12-24 20:00:55"}
{"environment":"development","level":"info","message":"APPLICATION_STARTING","port":"3000","serverUrl":"http://localhost:3000","service":"urbango-api","timestamp":"2025-12-24 20:00:56"}
{"level":"info","message":"DATABASE_CONNECTED","service":"urbango-api","status":"connected","timestamp":"2025-12-24 20:00:56","url":"mongodb://localhost:27017/urbango"}
{"environment":"development","level":"info","message":"APPLICATION_STARTED","port":"3000","serverUrl":"http://localhost:3000","service":"urbango-api","status":"running","timestamp":"2025-12-24 20:00:56"}
{"environment":"development","level":"info","message":"APPLICATION_STARTING","port":"3000","serverUrl":"http://localhost:3000","service":"urbango-api","timestamp":"2025-12-24 20:01:05"}
{"level":"info","message":"DATABASE_CONNECTED","service":"urbango-api","status":"connected","timestamp":"2025-12-24 20:01:05","url":"mongodb://localhost:27017/urbango"}
{"environment":"development","level":"info","message":"APPLICATION_STARTED","port":"3000","serverUrl":"http://localhost:3000","service":"urbango-api","status":"running","timestamp":"2025-12-24 20:01:05"}
{"environment":"development","level":"info","message":"APPLICATION_STARTING","port":"3000","serverUrl":"http://localhost:3000","service":"urbango-api","timestamp":"2025-12-24 20:01:22"}
{"level":"info","message":"DATABASE_CONNECTED","service":"urbango-api","status":"connected","timestamp":"2025-12-24 20:01:22","url":"mongodb://localhost:27017/urbango"}
{"environment":"development","level":"info","message":"APPLICATION_STARTED","port":"3000","serverUrl":"http://localhost:3000","service":"urbango-api","status":"running","timestamp":"2025-12-24 20:01:22"}
{"environment":"development","level":"info","message":"APPLICATION_STARTING","port":"3000","serverUrl":"http://localhost:3000","service":"urbango-api","timestamp":"2025-12-24 20:01:24"}
{"level":"info","message":"DATABASE_CONNECTED","service":"urbango-api","status":"connected","timestamp":"2025-12-24 20:01:24","url":"mongodb://localhost:27017/urbango"}
{"environment":"development","level":"info","message":"APPLICATION_STARTED","port":"3000","serverUrl":"http://localhost:3000","service":"urbango-api","status":"running","timestamp":"2025-12-24 20:01:24"}
{"environment":"development","level":"info","message":"APPLICATION_STARTING","port":"3000","serverUrl":"http://localhost:3000","service":"urbango-api","timestamp":"2025-12-24 20:01:25"}
{"level":"info","message":"DATABASE_CONNECTED","service":"urbango-api","status":"connected","timestamp":"2025-12-24 20:01:25","url":"mongodb://localhost:27017/urbango"}
{"environment":"development","level":"info","message":"APPLICATION_STARTED","port":"3000","serverUrl":"http://localhost:3000","service":"urbango-api","status":"running","timestamp":"2025-12-24 20:01:25"}
{"environment":"development","level":"info","message":"APPLICATION_STARTING","port":"3000","serverUrl":"http://localhost:3000","service":"urbango-api","timestamp":"2025-12-24 20:01:29"}
{"level":"info","message":"DATABASE_CONNECTED","service":"urbango-api","status":"connected","timestamp":"2025-12-24 20:01:29","url":"mongodb://localhost:27017/urbango"}
{"environment":"development","level":"info","message":"APPLICATION_STARTED","port":"3000","serverUrl":"http://localhost:3000","service":"urbango-api","status":"running","timestamp":"2025-12-24 20:01:29"}
{"environment":"development","level":"info","message":"APPLICATION_STARTING","port":"3000","serverUrl":"http://localhost:3000","service":"urbango-api","timestamp":"2025-12-24 20:01:35"}
{"level":"info","message":"DATABASE_CONNECTED","service":"urbango-api","status":"connected","timestamp":"2025-12-24 20:01:36","url":"mongodb://localhost:27017/urbango"}
{"environment":"development","level":"info","message":"APPLICATION_STARTED","port":"3000","serverUrl":"http://localhost:3000","service":"urbango-api","status":"running","timestamp":"2025-12-24 20:01:36"}
{"environment":"development","level":"info","message":"APPLICATION_STARTING","port":"3000","serverUrl":"http://localhost:3000","service":"urbango-api","timestamp":"2025-12-24 20:01:44"}
{"level":"info","message":"DATABASE_CONNECTED","service":"urbango-api","status":"connected","timestamp":"2025-12-24 20:01:44","url":"mongodb://localhost:27017/urbango"}
{"environment":"development","level":"info","message":"APPLICATION_STARTED","port":"3000","serverUrl":"http://localhost:3000","service":"urbango-api","status":"running","timestamp":"2025-12-24 20:01:44"}
{"environment":"development","level":"info","message":"APPLICATION_STARTING","port":"3000","serverUrl":"http://localhost:3000","service":"urbango-api","timestamp":"2025-12-24 20:01:45"}
{"level":"info","message":"DATABASE_CONNECTED","service":"urbango-api","status":"connected","timestamp":"2025-12-24 20:01:45","url":"mongodb://localhost:27017/urbango"}
{"environment":"development","level":"info","message":"APPLICATION_STARTED","port":"3000","serverUrl":"http://localhost:3000","service":"urbango-api","status":"running","timestamp":"2025-12-24 20:01:45"}
{"environment":"development","level":"info","message":"APPLICATION_STARTING","port":"3000","serverUrl":"http://localhost:3000","service":"urbango-api","timestamp":"2025-12-24 20:01:47"}
{"level":"info","message":"DATABASE_CONNECTED","service":"urbango-api","status":"connected","timestamp":"2025-12-24 20:01:47","url":"mongodb://localhost:27017/urbango"}
{"environment":"development","level":"info","message":"APPLICATION_STARTED","port":"3000","serverUrl":"http://localhost:3000","service":"urbango-api","status":"running","timestamp":"2025-12-24 20:01:47"}
{"environment":"development","level":"info","message":"APPLICATION_STARTING","port":"3000","serverUrl":"http://localhost:3000","service":"urbango-api","timestamp":"2025-12-24 20:01:48"}
{"level":"info","message":"DATABASE_CONNECTED","service":"urbango-api","status":"connected","timestamp":"2025-12-24 20:01:48","url":"mongodb://localhost:27017/urbango"}
{"environment":"development","level":"info","message":"APPLICATION_STARTED","port":"3000","serverUrl":"http://localhost:3000","service":"urbango-api","status":"running","timestamp":"2025-12-24 20:01:48"}
{"environment":"development","level":"info","message":"APPLICATION_STARTING","port":"3000","serverUrl":"http://localhost:3000","service":"urbango-api","timestamp":"2025-12-24 20:01:52"}
{"level":"info","message":"DATABASE_CONNECTED","service":"urbango-api","status":"connected","timestamp":"2025-12-24 20:01:52","url":"mongodb://localhost:27017/urbango"}
{"environment":"development","level":"info","message":"APPLICATION_STARTED","port":"3000","serverUrl":"http://localhost:3000","service":"urbango-api","status":"running","timestamp":"2025-12-24 20:01:52"}
{"environment":"development","level":"info","message":"APPLICATION_STARTING","port":"3000","serverUrl":"http://localhost:3000","service":"urbango-api","timestamp":"2025-12-24 20:01:53"}
{"level":"info","message":"DATABASE_CONNECTED","service":"urbango-api","status":"connected","timestamp":"2025-12-24 20:01:53","url":"mongodb://localhost:27017/urbango"}
{"environment":"development","level":"info","message":"APPLICATION_STARTED","port":"3000","serverUrl":"http://localhost:3000","service":"urbango-api","status":"running","timestamp":"2025-12-24 20:01:53"}
{"environment":"development","level":"info","message":"APPLICATION_STARTING","port":"3000","serverUrl":"http://localhost:3000","service":"urbango-api","timestamp":"2025-12-24 20:02:08"}
{"level":"info","message":"DATABASE_CONNECTED","service":"urbango-api","status":"connected","timestamp":"2025-12-24 20:02:08","url":"mongodb://localhost:27017/urbango"}
{"environment":"development","level":"info","message":"APPLICATION_STARTED","port":"3000","serverUrl":"http://localhost:3000","service":"urbango-api","status":"running","timestamp":"2025-12-24 20:02:08"}
{"environment":"development","level":"info","message":"APPLICATION_STARTING","port":"3000","serverUrl":"http://localhost:3000","service":"urbango-api","timestamp":"2025-12-24 20:02:12"}
{"level":"info","message":"DATABASE_CONNECTED","service":"urbango-api","status":"connected","timestamp":"2025-12-24 20:02:12","url":"mongodb://localhost:27017/urbango"}
{"environment":"development","level":"info","message":"APPLICATION_STARTED","port":"3000","serverUrl":"http://localhost:3000","service":"urbango-api","status":"running","timestamp":"2025-12-24 20:02:12"}
{"environment":"development","level":"info","message":"APPLICATION_STARTING","port":"3000","serverUrl":"http://localhost:3000","service":"urbango-api","timestamp":"2025-12-24 20:02:16"}
{"level":"info","message":"DATABASE_CONNECTED","service":"urbango-api","status":"connected","timestamp":"2025-12-24 20:02:16","url":"mongodb://localhost:27017/urbango"}
{"environment":"development","level":"info","message":"APPLICATION_STARTED","port":"3000","serverUrl":"http://localhost:3000","service":"urbango-api","status":"running","timestamp":"2025-12-24 20:02:16"}
{"environment":"development","level":"info","message":"APPLICATION_STARTING","port":"3000","serverUrl":"http://localhost:3000","service":"urbango-api","timestamp":"2025-12-24 20:02:17"}
{"level":"info","message":"DATABASE_CONNECTED","service":"urbango-api","status":"connected","timestamp":"2025-12-24 20:02:17","url":"mongodb://localhost:27017/urbango"}
{"environment":"development","level":"info","message":"APPLICATION_STARTED","port":"3000","serverUrl":"http://localhost:3000","service":"urbango-api","status":"running","timestamp":"2025-12-24 20:02:17"}
{"environment":"development","level":"info","message":"APPLICATION_STARTING","port":"3000","serverUrl":"http://localhost:3000","service":"urbango-api","timestamp":"2025-12-24 20:02:19"}
{"level":"info","message":"DATABASE_CONNECTED","service":"urbango-api","status":"connected","timestamp":"2025-12-24 20:02:19","url":"mongodb://localhost:27017/urbango"}
{"environment":"development","level":"info","message":"APPLICATION_STARTED","port":"3000","serverUrl":"http://localhost:3000","service":"urbango-api","status":"running","timestamp":"2025-12-24 20:02:19"}
{"environment":"development","level":"info","message":"APPLICATION_STARTING","port":"3000","serverUrl":"http://localhost:3000","service":"urbango-api","timestamp":"2025-12-24 20:02:20"}
{"level":"info","message":"DATABASE_CONNECTED","service":"urbango-api","status":"connected","timestamp":"2025-12-24 20:02:20","url":"mongodb://localhost:27017/urbango"}
{"environment":"development","level":"info","message":"APPLICATION_STARTED","port":"3000","serverUrl":"http://localhost:3000","service":"urbango-api","status":"running","timestamp":"2025-12-24 20:02:20"}
{"environment":"development","level":"info","message":"APPLICATION_STARTING","port":"3000","serverUrl":"http://localhost:3000","service":"urbango-api","timestamp":"2025-12-24 20:03:03"}
{"level":"info","message":"DATABASE_CONNECTED","service":"urbango-api","status":"connected","timestamp":"2025-12-24 20:03:03","url":"mongodb://localhost:27017/urbango"}
{"environment":"development","level":"info","message":"APPLICATION_STARTED","port":"3000","serverUrl":"http://localhost:3000","service":"urbango-api","status":"running","timestamp":"2025-12-24 20:03:03"}
{"environment":"development","level":"info","message":"APPLICATION_STARTING","port":"3000","serverUrl":"http://localhost:3000","service":"urbango-api","timestamp":"2025-12-24 20:03:04"}
{"level":"info","message":"DATABASE_CONNECTED","service":"urbango-api","status":"connected","timestamp":"2025-12-24 20:03:04","url":"mongodb://localhost:27017/urbango"}
{"environment":"development","level":"info","message":"APPLICATION_STARTED","port":"3000","serverUrl":"http://localhost:3000","service":"urbango-api","status":"running","timestamp":"2025-12-24 20:03:04"}
{"environment":"development","level":"info","message":"APPLICATION_STARTING","port":"3000","serverUrl":"http://localhost:3000","service":"urbango-api","timestamp":"2025-12-24 20:03:06"}
{"level":"info","message":"DATABASE_CONNECTED","service":"urbango-api","status":"connected","timestamp":"2025-12-24 20:03:06","url":"mongodb://localhost:27017/urbango"}
{"environment":"development","level":"info","message":"APPLICATION_STARTED","port":"3000","serverUrl":"http://localhost:3000","service":"urbango-api","status":"running","timestamp":"2025-12-24 20:03:06"}
{"environment":"development","level":"info","message":"APPLICATION_STARTING","port":"3000","serverUrl":"http://localhost:3000","service":"urbango-api","timestamp":"2025-12-24 20:03:09"}
{"level":"info","message":"DATABASE_CONNECTED","service":"urbango-api","status":"connected","timestamp":"2025-12-24 20:03:09","url":"mongodb://localhost:27017/urbango"}
{"environment":"development","level":"info","message":"APPLICATION_STARTED","port":"3000","serverUrl":"http://localhost:3000","service":"urbango-api","status":"running","timestamp":"2025-12-24 20:03:09"}
{"environment":"development","level":"info","message":"APPLICATION_STARTING","port":"3000","serverUrl":"http://localhost:3000","service":"urbango-api","timestamp":"2025-12-24 20:03:12"}
{"level":"info","message":"DATABASE_CONNECTED","service":"urbango-api","status":"connected","timestamp":"2025-12-24 20:03:12","url":"mongodb://localhost:27017/urbango"}
{"environment":"development","level":"info","message":"APPLICATION_STARTED","port":"3000","serverUrl":"http://localhost:3000","service":"urbango-api","status":"running","timestamp":"2025-12-24 20:03:12"}
{"environment":"development","level":"info","message":"APPLICATION_STARTING","port":"3000","serverUrl":"http://localhost:3000","service":"urbango-api","timestamp":"2025-12-24 20:03:18"}
{"level":"info","message":"DATABASE_CONNECTED","service":"urbango-api","status":"connected","timestamp":"2025-12-24 20:03:18","url":"mongodb://localhost:27017/urbango"}
{"environment":"development","level":"info","message":"APPLICATION_STARTED","port":"3000","serverUrl":"http://localhost:3000","service":"urbango-api","status":"running","timestamp":"2025-12-24 20:03:18"}
{"environment":"development","level":"info","message":"APPLICATION_STARTING","port":"3000","serverUrl":"http://localhost:3000","service":"urbango-api","timestamp":"2025-12-24 20:03:22"}
{"level":"info","message":"DATABASE_CONNECTED","service":"urbango-api","status":"connected","timestamp":"2025-12-24 20:03:22","url":"mongodb://localhost:27017/urbango"}
{"environment":"development","level":"info","message":"APPLICATION_STARTED","port":"3000","serverUrl":"http://localhost:3000","service":"urbango-api","status":"running","timestamp":"2025-12-24 20:03:22"}
{"environment":"development","level":"info","message":"APPLICATION_STARTING","port":"3000","serverUrl":"http://localhost:3000","service":"urbango-api","timestamp":"2025-12-24 20:03:27"}
{"level":"info","message":"DATABASE_CONNECTED","service":"urbango-api","status":"connected","timestamp":"2025-12-24 20:03:27","url":"mongodb://localhost:27017/urbango"}
{"environment":"development","level":"info","message":"APPLICATION_STARTED","port":"3000","serverUrl":"http://localhost:3000","service":"urbango-api","status":"running","timestamp":"2025-12-24 20:03:27"}
{"environment":"development","level":"info","message":"APPLICATION_STARTING","port":"3000","serverUrl":"http://localhost:3000","service":"urbango-api","timestamp":"2025-12-24 20:03:32"}
{"level":"info","message":"DATABASE_CONNECTED","service":"urbango-api","status":"connected","timestamp":"2025-12-24 20:03:32","url":"mongodb://localhost:27017/urbango"}
{"environment":"development","level":"info","message":"APPLICATION_STARTED","port":"3000","serverUrl":"http://localhost:3000","service":"urbango-api","status":"running","timestamp":"2025-12-24 20:03:32"}
{"ip":"::1","level":"error","message":"SERVER_ERROR_500 Cannot read properties of undefined (reading '_id')","method":"POST","originalError":"TypeError","requestBody":{"category":"MANAGE","description":"Create, update and delete permissions","isSystemPermission":true,"key":"PERMISSIONS:MANAGE","module":"PERMISSIONS","name":"Manage Permissions"},"service":"urbango-api","stack":"TypeError: Cannot read properties of undefined (reading '_id')\n    at exports.createPermission (D:\\03_Projects\\Backend\\Movon\\src\\controllers\\permissionController.js:7:17)\n    at Layer.handleRequest (D:\\03_Projects\\Backend\\Movon\\node_modules\\router\\lib\\layer.js:152:17)\n    at next (D:\\03_Projects\\Backend\\Movon\\node_modules\\router\\lib\\route.js:157:13)\n    at bootstrapGuard (D:\\03_Projects\\Backend\\Movon\\src\\middleware\\bootstrapMiddleware.js:6:12)\n    at Layer.handleRequest (D:\\03_Projects\\Backend\\Movon\\node_modules\\router\\lib\\layer.js:152:17)\n    at next (D:\\03_Projects\\Backend\\Movon\\node_modules\\router\\lib\\route.js:157:13)\n    at Route.dispatch (D:\\03_Projects\\Backend\\Movon\\node_modules\\router\\lib\\route.js:117:3)\n    at handle (D:\\03_Projects\\Backend\\Movon\\node_modules\\router\\index.js:435:11)\n    at Layer.handleRequest (D:\\03_Projects\\Backend\\Movon\\node_modules\\router\\lib\\layer.js:152:17)\n    at D:\\03_Projects\\Backend\\Movon\\node_modules\\router\\index.js:295:15","statusCode":500,"timestamp":"2025-12-24 20:04:31","url":"/api/v1/permission","userAgent":"PostmanRuntime/7.51.0","userId":"anonymous"}
{"environment":"development","level":"info","message":"APPLICATION_STARTING","port":"3000","serverUrl":"http://localhost:3000","service":"urbango-api","timestamp":"2025-12-24 20:05:43"}
{"level":"info","message":"DATABASE_CONNECTED","service":"urbango-api","status":"connected","timestamp":"2025-12-24 20:05:44","url":"mongodb://localhost:27017/urbango"}
{"environment":"development","level":"info","message":"APPLICATION_STARTED","port":"3000","serverUrl":"http://localhost:3000","service":"urbango-api","status":"running","timestamp":"2025-12-24 20:05:44"}
{"ip":"::1","level":"error","message":"SERVER_ERROR_500 PermissionService.createPermission is not a function","method":"POST","originalError":"TypeError","requestBody":{"category":"MANAGE","description":"Create, update and delete permissions","isSystemPermission":true,"key":"PERMISSIONS:MANAGE","module":"PERMISSIONS","name":"Manage Permissions"},"service":"urbango-api","stack":"TypeError: PermissionService.createPermission is not a function\n    at exports.createPermission (D:\\03_Projects\\Backend\\Movon\\src\\controllers\\permissionController.js:5:48)\n    at Layer.handleRequest (D:\\03_Projects\\Backend\\Movon\\node_modules\\router\\lib\\layer.js:152:17)\n    at next (D:\\03_Projects\\Backend\\Movon\\node_modules\\router\\lib\\route.js:157:13)\n    at bootstrapGuard (D:\\03_Projects\\Backend\\Movon\\src\\middleware\\bootstrapMiddleware.js:6:12)\n    at Layer.handleRequest (D:\\03_Projects\\Backend\\Movon\\node_modules\\router\\lib\\layer.js:152:17)\n    at next (D:\\03_Projects\\Backend\\Movon\\node_modules\\router\\lib\\route.js:157:13)\n    at Route.dispatch (D:\\03_Projects\\Backend\\Movon\\node_modules\\router\\lib\\route.js:117:3)\n    at handle (D:\\03_Projects\\Backend\\Movon\\node_modules\\router\\index.js:435:11)\n    at Layer.handleRequest (D:\\03_Projects\\Backend\\Movon\\node_modules\\router\\lib\\layer.js:152:17)\n    at D:\\03_Projects\\Backend\\Movon\\node_modules\\router\\index.js:295:15","statusCode":500,"timestamp":"2025-12-24 20:05:48","url":"/api/v1/permission","userAgent":"PostmanRuntime/7.51.0","userId":"anonymous"}
{"environment":"development","level":"info","message":"APPLICATION_STARTING","port":"3000","serverUrl":"http://localhost:3000","service":"urbango-api","timestamp":"2025-12-24 20:05:57"}
{"level":"info","message":"DATABASE_CONNECTED","service":"urbango-api","status":"connected","timestamp":"2025-12-24 20:05:57","url":"mongodb://localhost:27017/urbango"}
{"environment":"development","level":"info","message":"APPLICATION_STARTED","port":"3000","serverUrl":"http://localhost:3000","service":"urbango-api","status":"running","timestamp":"2025-12-24 20:05:57"}
{"environment":"development","level":"info","message":"APPLICATION_STARTING","port":"3000","serverUrl":"http://localhost:3000","service":"urbango-api","timestamp":"2025-12-24 20:06:00"}
{"level":"info","message":"DATABASE_CONNECTED","service":"urbango-api","status":"connected","timestamp":"2025-12-24 20:06:00","url":"mongodb://localhost:27017/urbango"}
{"environment":"development","level":"info","message":"APPLICATION_STARTED","port":"3000","serverUrl":"http://localhost:3000","service":"urbango-api","status":"running","timestamp":"2025-12-24 20:06:00"}
{"environment":"development","level":"info","message":"APPLICATION_STARTING","port":"3000","serverUrl":"http://localhost:3000","service":"urbango-api","timestamp":"2025-12-24 20:06:03"}
{"level":"info","message":"DATABASE_CONNECTED","service":"urbango-api","status":"connected","timestamp":"2025-12-24 20:06:03","url":"mongodb://localhost:27017/urbango"}
{"environment":"development","level":"info","message":"APPLICATION_STARTED","port":"3000","serverUrl":"http://localhost:3000","service":"urbango-api","status":"running","timestamp":"2025-12-24 20:06:03"}
{"environment":"development","level":"info","message":"APPLICATION_STARTING","port":"3000","serverUrl":"http://localhost:3000","service":"urbango-api","timestamp":"2025-12-24 20:06:26"}
{"level":"info","message":"DATABASE_CONNECTED","service":"urbango-api","status":"connected","timestamp":"2025-12-24 20:06:26","url":"mongodb://localhost:27017/urbango"}
{"environment":"development","level":"info","message":"APPLICATION_STARTED","port":"3000","serverUrl":"http://localhost:3000","service":"urbango-api","status":"running","timestamp":"2025-12-24 20:06:26"}
{"ip":"::1","level":"error","message":"SERVER_ERROR_500 PermissionService.createPermission is not a function","method":"POST","originalError":"TypeError","requestBody":{"category":"MANAGE","description":"Create, update and delete permissions","isSystemPermission":true,"key":"PERMISSIONS:MANAGE","module":"PERMISSIONS","name":"Manage Permissions"},"service":"urbango-api","stack":"TypeError: PermissionService.createPermission is not a function\n    at exports.createPermission (D:\\03_Projects\\Backend\\Movon\\src\\controllers\\permissionController.js:7:48)\n    at Layer.handleRequest (D:\\03_Projects\\Backend\\Movon\\node_modules\\router\\lib\\layer.js:152:17)\n    at next (D:\\03_Projects\\Backend\\Movon\\node_modules\\router\\lib\\route.js:157:13)\n    at bootstrapGuard (D:\\03_Projects\\Backend\\Movon\\src\\middleware\\bootstrapMiddleware.js:6:12)\n    at Layer.handleRequest (D:\\03_Projects\\Backend\\Movon\\node_modules\\router\\lib\\layer.js:152:17)\n    at next (D:\\03_Projects\\Backend\\Movon\\node_modules\\router\\lib\\route.js:157:13)\n    at Route.dispatch (D:\\03_Projects\\Backend\\Movon\\node_modules\\router\\lib\\route.js:117:3)\n    at handle (D:\\03_Projects\\Backend\\Movon\\node_modules\\router\\index.js:435:11)\n    at Layer.handleRequest (D:\\03_Projects\\Backend\\Movon\\node_modules\\router\\lib\\layer.js:152:17)\n    at D:\\03_Projects\\Backend\\Movon\\node_modules\\router\\index.js:295:15","statusCode":500,"timestamp":"2025-12-24 20:06:31","url":"/api/v1/permission","userAgent":"PostmanRuntime/7.51.0","userId":"anonymous"}
{"environment":"development","level":"info","message":"APPLICATION_STARTING","port":"3000","serverUrl":"http://localhost:3000","service":"urbango-api","timestamp":"2025-12-24 20:06:59"}
{"level":"info","message":"DATABASE_CONNECTED","service":"urbango-api","status":"connected","timestamp":"2025-12-24 20:06:59","url":"mongodb://localhost:27017/urbango"}
{"environment":"development","level":"info","message":"APPLICATION_STARTED","port":"3000","serverUrl":"http://localhost:3000","service":"urbango-api","status":"running","timestamp":"2025-12-24 20:06:59"}
{"ip":"::1","level":"error","message":"SERVER_ERROR_500 PermissionService.PermissionService is not a function","method":"POST","originalError":"TypeError","requestBody":{"category":"MANAGE","description":"Create, update and delete permissions","isSystemPermission":true,"key":"PERMISSIONS:MANAGE","module":"PERMISSIONS","name":"Manage Permissions"},"service":"urbango-api","stack":"TypeError: PermissionService.PermissionService is not a function\n    at exports.createPermission (D:\\03_Projects\\Backend\\Movon\\src\\controllers\\permissionController.js:7:48)\n    at Layer.handleRequest (D:\\03_Projects\\Backend\\Movon\\node_modules\\router\\lib\\layer.js:152:17)\n    at next (D:\\03_Projects\\Backend\\Movon\\node_modules\\router\\lib\\route.js:157:13)\n    at bootstrapGuard (D:\\03_Projects\\Backend\\Movon\\src\\middleware\\bootstrapMiddleware.js:6:12)\n    at Layer.handleRequest (D:\\03_Projects\\Backend\\Movon\\node_modules\\router\\lib\\layer.js:152:17)\n    at next (D:\\03_Projects\\Backend\\Movon\\node_modules\\router\\lib\\route.js:157:13)\n    at Route.dispatch (D:\\03_Projects\\Backend\\Movon\\node_modules\\router\\lib\\route.js:117:3)\n    at handle (D:\\03_Projects\\Backend\\Movon\\node_modules\\router\\index.js:435:11)\n    at Layer.handleRequest (D:\\03_Projects\\Backend\\Movon\\node_modules\\router\\lib\\layer.js:152:17)\n    at D:\\03_Projects\\Backend\\Movon\\node_modules\\router\\index.js:295:15","statusCode":500,"timestamp":"2025-12-24 20:07:02","url":"/api/v1/permission","userAgent":"PostmanRuntime/7.51.0","userId":"anonymous"}
{"environment":"development","level":"info","message":"APPLICATION_STARTING","port":"3000","serverUrl":"http://localhost:3000","service":"urbango-api","timestamp":"2025-12-24 20:07:31"}
{"level":"info","message":"DATABASE_CONNECTED","service":"urbango-api","status":"connected","timestamp":"2025-12-24 20:07:32","url":"mongodb://localhost:27017/urbango"}
{"environment":"development","level":"info","message":"APPLICATION_STARTED","port":"3000","serverUrl":"http://localhost:3000","service":"urbango-api","status":"running","timestamp":"2025-12-24 20:07:32"}
{"environment":"development","level":"info","message":"APPLICATION_STARTING","port":"3000","serverUrl":"http://localhost:3000","service":"urbango-api","timestamp":"2025-12-24 20:07:44"}
{"level":"info","message":"DATABASE_CONNECTED","service":"urbango-api","status":"connected","timestamp":"2025-12-24 20:07:44","url":"mongodb://localhost:27017/urbango"}
{"environment":"development","level":"info","message":"APPLICATION_STARTED","port":"3000","serverUrl":"http://localhost:3000","service":"urbango-api","status":"running","timestamp":"2025-12-24 20:07:44"}
{"environment":"development","level":"info","message":"APPLICATION_STARTING","port":"3000","serverUrl":"http://localhost:3000","service":"urbango-api","timestamp":"2025-12-24 20:07:58"}
{"level":"info","message":"DATABASE_CONNECTED","service":"urbango-api","status":"connected","timestamp":"2025-12-24 20:07:58","url":"mongodb://localhost:27017/urbango"}
{"environment":"development","level":"info","message":"APPLICATION_STARTED","port":"3000","serverUrl":"http://localhost:3000","service":"urbango-api","status":"running","timestamp":"2025-12-24 20:07:58"}
{"environment":"development","level":"info","message":"APPLICATION_STARTING","port":"3000","serverUrl":"http://localhost:3000","service":"urbango-api","timestamp":"2025-12-24 20:08:05"}
{"level":"info","message":"DATABASE_CONNECTED","service":"urbango-api","status":"connected","timestamp":"2025-12-24 20:08:05","url":"mongodb://localhost:27017/urbango"}
{"environment":"development","level":"info","message":"APPLICATION_STARTED","port":"3000","serverUrl":"http://localhost:3000","service":"urbango-api","status":"running","timestamp":"2025-12-24 20:08:05"}
{"environment":"development","level":"info","message":"APPLICATION_STARTING","port":"3000","serverUrl":"http://localhost:3000","service":"urbango-api","timestamp":"2025-12-24 20:08:22"}
{"level":"info","message":"DATABASE_CONNECTED","service":"urbango-api","status":"connected","timestamp":"2025-12-24 20:08:22","url":"mongodb://localhost:27017/urbango"}
{"environment":"development","level":"info","message":"APPLICATION_STARTED","port":"3000","serverUrl":"http://localhost:3000","service":"urbango-api","status":"running","timestamp":"2025-12-24 20:08:22"}
{"environment":"development","level":"info","message":"APPLICATION_STARTING","port":"3000","serverUrl":"http://localhost:3000","service":"urbango-api","timestamp":"2025-12-24 20:08:39"}
{"level":"info","message":"DATABASE_CONNECTED","service":"urbango-api","status":"connected","timestamp":"2025-12-24 20:08:39","url":"mongodb://localhost:27017/urbango"}
{"environment":"development","level":"info","message":"APPLICATION_STARTED","port":"3000","serverUrl":"http://localhost:3000","service":"urbango-api","status":"running","timestamp":"2025-12-24 20:08:39"}
{"ip":"::1","level":"error","message":"SERVER_ERROR_500 PermissionService.createPermission is not a function","method":"POST","originalError":"TypeError","requestBody":{"category":"MANAGE","description":"Create, update and delete permissions","isSystemPermission":true,"key":"PERMISSIONS:MANAGE","module":"PERMISSIONS","name":"Manage Permissions"},"service":"urbango-api","stack":"TypeError: PermissionService.createPermission is not a function\n    at exports.createPermission (D:\\03_Projects\\Backend\\Movon\\src\\controllers\\permissionController.js:7:48)\n    at Layer.handleRequest (D:\\03_Projects\\Backend\\Movon\\node_modules\\router\\lib\\layer.js:152:17)\n    at next (D:\\03_Projects\\Backend\\Movon\\node_modules\\router\\lib\\route.js:157:13)\n    at bootstrapGuard (D:\\03_Projects\\Backend\\Movon\\src\\middleware\\bootstrapMiddleware.js:6:12)\n    at Layer.handleRequest (D:\\03_Projects\\Backend\\Movon\\node_modules\\router\\lib\\layer.js:152:17)\n    at next (D:\\03_Projects\\Backend\\Movon\\node_modules\\router\\lib\\route.js:157:13)\n    at Route.dispatch (D:\\03_Projects\\Backend\\Movon\\node_modules\\router\\lib\\route.js:117:3)\n    at handle (D:\\03_Projects\\Backend\\Movon\\node_modules\\router\\index.js:435:11)\n    at Layer.handleRequest (D:\\03_Projects\\Backend\\Movon\\node_modules\\router\\lib\\layer.js:152:17)\n    at D:\\03_Projects\\Backend\\Movon\\node_modules\\router\\index.js:295:15","statusCode":500,"timestamp":"2025-12-24 20:08:44","url":"/api/v1/permission","userAgent":"PostmanRuntime/7.51.0","userId":"anonymous"}
{"environment":"development","level":"info","message":"APPLICATION_STARTING","port":"3000","serverUrl":"http://localhost:3000","service":"urbango-api","timestamp":"2025-12-24 20:10:12"}
{"level":"info","message":"DATABASE_CONNECTED","service":"urbango-api","status":"connected","timestamp":"2025-12-24 20:10:12","url":"mongodb://localhost:27017/urbango"}
{"environment":"development","level":"info","message":"APPLICATION_STARTED","port":"3000","serverUrl":"http://localhost:3000","service":"urbango-api","status":"running","timestamp":"2025-12-24 20:10:12"}
{"environment":"development","level":"info","message":"APPLICATION_STARTING","port":"3000","serverUrl":"http://localhost:3000","service":"urbango-api","timestamp":"2025-12-24 20:10:32"}
{"level":"info","message":"DATABASE_CONNECTED","service":"urbango-api","status":"connected","timestamp":"2025-12-24 20:10:32","url":"mongodb://localhost:27017/urbango"}
{"environment":"development","level":"info","message":"APPLICATION_STARTED","port":"3000","serverUrl":"http://localhost:3000","service":"urbango-api","status":"running","timestamp":"2025-12-24 20:10:32"}
{"environment":"development","level":"info","message":"APPLICATION_STARTING","port":"3000","serverUrl":"http://localhost:3000","service":"urbango-api","timestamp":"2025-12-24 20:10:47"}
{"level":"info","message":"DATABASE_CONNECTED","service":"urbango-api","status":"connected","timestamp":"2025-12-24 20:10:47","url":"mongodb://localhost:27017/urbango"}
{"environment":"development","level":"info","message":"APPLICATION_STARTED","port":"3000","serverUrl":"http://localhost:3000","service":"urbango-api","status":"running","timestamp":"2025-12-24 20:10:47"}
{"environment":"development","level":"info","message":"APPLICATION_STARTING","port":"3000","serverUrl":"http://localhost:3000","service":"urbango-api","timestamp":"2025-12-24 20:10:52"}
{"level":"info","message":"DATABASE_CONNECTED","service":"urbango-api","status":"connected","timestamp":"2025-12-24 20:10:52","url":"mongodb://localhost:27017/urbango"}
{"environment":"development","level":"info","message":"APPLICATION_STARTED","port":"3000","serverUrl":"http://localhost:3000","service":"urbango-api","status":"running","timestamp":"2025-12-24 20:10:52"}
{"ip":"::1","level":"warn","message":"CLIENT_ERROR_400 Permission validation failed: createdBy: Path `createdBy` is required.","method":"POST","originalError":"ValidationError","requestBody":{"category":"MANAGE","description":"Create, update and delete permissions","isSystemPermission":true,"key":"PERMISSIONS:MANAGE","module":"PERMISSIONS","name":"Manage Permissions"},"service":"urbango-api","stack":"ValidationError: Permission validation failed: createdBy: Path `createdBy` is required.\n    at Document.invalidate (D:\\03_Projects\\Backend\\Movon\\node_modules\\mongoose\\lib\\document.js:3362:32)\n    at D:\\03_Projects\\Backend\\Movon\\node_modules\\mongoose\\lib\\document.js:3123:17\n    at D:\\03_Projects\\Backend\\Movon\\node_modules\\mongoose\\lib\\schemaType.js:1446:9\n    at process.processTicksAndRejections (node:internal/process/task_queues:77:11)","statusCode":400,"timestamp":"2025-12-24 20:11:01","url":"/api/v1/permission","userAgent":"PostmanRuntime/7.51.0","userId":"anonymous"}
{"environment":"development","level":"info","message":"APPLICATION_STARTING","port":"3000","serverUrl":"http://localhost:3000","service":"urbango-api","timestamp":"2025-12-24 20:12:25"}
{"level":"info","message":"DATABASE_CONNECTED","service":"urbango-api","status":"connected","timestamp":"2025-12-24 20:12:25","url":"mongodb://localhost:27017/urbango"}
{"environment":"development","level":"info","message":"APPLICATION_STARTED","port":"3000","serverUrl":"http://localhost:3000","service":"urbango-api","status":"running","timestamp":"2025-12-24 20:12:25"}
{"ip":"::1","level":"error","message":"SERVER_ERROR_500 SYSTEM_ADMIN_ID is not defined","method":"POST","originalError":"ReferenceError","requestBody":{"category":"MANAGE","description":"Create, update and delete permissions","isSystemPermission":true,"key":"PERMISSIONS:MANAGE","module":"PERMISSIONS","name":"Manage Permissions"},"service":"urbango-api","stack":"ReferenceError: SYSTEM_ADMIN_ID is not defined\n    at PermissionService.createPermission (D:\\03_Projects\\Backend\\Movon\\src\\service\\permissionService.js:12:29)\n    at process.processTicksAndRejections (node:internal/process/task_queues:95:5)\n    at async exports.createPermission (D:\\03_Projects\\Backend\\Movon\\src\\controllers\\permissionController.js:11:24)","statusCode":500,"timestamp":"2025-12-24 20:12:34","url":"/api/v1/permission","userAgent":"PostmanRuntime/7.51.0","userId":"anonymous"}
{"environment":"development","level":"info","message":"APPLICATION_STARTING","port":"3000","serverUrl":"http://localhost:3000","service":"urbango-api","timestamp":"2025-12-24 20:12:52"}
{"level":"info","message":"DATABASE_CONNECTED","service":"urbango-api","status":"connected","timestamp":"2025-12-24 20:12:52","url":"mongodb://localhost:27017/urbango"}
{"environment":"development","level":"info","message":"APPLICATION_STARTED","port":"3000","serverUrl":"http://localhost:3000","service":"urbango-api","status":"running","timestamp":"2025-12-24 20:12:52"}
{"ip":"::1","level":"warn","message":"CLIENT_ERROR_400 Permission validation failed: createdBy: Path `createdBy` is required.","method":"POST","originalError":"ValidationError","requestBody":{"category":"MANAGE","createdBy":"000000000000000000000001","description":"Create, update and delete permissions","isSystemPermission":true,"key":"PERMISSIONS:MANAGE","module":"PERMISSIONS","name":"Manage Permissions"},"service":"urbango-api","stack":"ValidationError: Permission validation failed: createdBy: Path `createdBy` is required.\n    at Document.invalidate (D:\\03_Projects\\Backend\\Movon\\node_modules\\mongoose\\lib\\document.js:3362:32)\n    at D:\\03_Projects\\Backend\\Movon\\node_modules\\mongoose\\lib\\document.js:3123:17\n    at D:\\03_Projects\\Backend\\Movon\\node_modules\\mongoose\\lib\\schemaType.js:1446:9\n    at process.processTicksAndRejections (node:internal/process/task_queues:77:11)","statusCode":400,"timestamp":"2025-12-24 20:13:21","url":"/api/v1/permission","userAgent":"PostmanRuntime/7.51.0","userId":"anonymous"}
{"environment":"development","level":"info","message":"APPLICATION_STARTING","port":"3000","serverUrl":"http://localhost:3000","service":"urbango-api","timestamp":"2025-12-24 20:13:41"}
{"level":"info","message":"DATABASE_CONNECTED","service":"urbango-api","status":"connected","timestamp":"2025-12-24 20:13:41","url":"mongodb://localhost:27017/urbango"}
{"environment":"development","level":"info","message":"APPLICATION_STARTED","port":"3000","serverUrl":"http://localhost:3000","service":"urbango-api","status":"running","timestamp":"2025-12-24 20:13:41"}
{"environment":"development","level":"info","message":"APPLICATION_STARTING","port":"3000","serverUrl":"http://localhost:3000","service":"urbango-api","timestamp":"2025-12-24 20:15:50"}
{"level":"info","message":"DATABASE_CONNECTED","service":"urbango-api","status":"connected","timestamp":"2025-12-24 20:15:50","url":"mongodb://localhost:27017/urbango"}
{"environment":"development","level":"info","message":"APPLICATION_STARTED","port":"3000","serverUrl":"http://localhost:3000","service":"urbango-api","status":"running","timestamp":"2025-12-24 20:15:50"}
{"environment":"development","level":"info","message":"APPLICATION_STARTING","port":"3000","serverUrl":"http://localhost:3000","service":"urbango-api","timestamp":"2025-12-25 14:48:22"}
{"level":"info","message":"DATABASE_CONNECTED","service":"urbango-api","status":"connected","timestamp":"2025-12-25 14:48:22","url":"mongodb://localhost:27017/urbango"}
{"environment":"development","level":"info","message":"APPLICATION_STARTED","port":"3000","serverUrl":"http://localhost:3000","service":"urbango-api","status":"running","timestamp":"2025-12-25 14:48:22"}
{"ip":"::1","level":"warn","message":"CLIENT_ERROR_404 Route /api/v1/bulk not found","method":"POST","originalError":"Error","requestBody":{"permissions":[{"category":"READ","description":"View user profiles and basic information","key":"USERS:READ","module":"USERS","name":"View Users"},{"category":"WRITE","description":"Create new user accounts","key":"USERS:CREATE","module":"USERS","name":"Create Users"},{"category":"WRITE","description":"Update user details and settings","key":"USERS:UPDATE","module":"USERS","name":"Update Users"},{"category":"DELETE","description":"Delete user accounts from the system","key":"USERS:DELETE","module":"USERS","name":"Delete Users"},{"category":"MANAGE","description":"Full management access for users","key":"USERS:MANAGE","module":"USERS","name":"Manage Users"},{"category":"MANAGE","description":"Block or unblock user accounts","key":"USERS:BLOCK","module":"USERS","name":"Block/Unblock Users"},{"category":"READ","description":"Export user data reports","key":"USERS:EXPORT","module":"USERS","name":"Export Users"},{"category":"READ","description":"View driver profiles and details","key":"DRIVERS:READ","module":"DRIVERS","name":"View Drivers"},{"category":"WRITE","description":"Register new drivers","key":"DRIVERS:CREATE","module":"DRIVERS","name":"Create Drivers"},{"category":"WRITE","description":"Update driver information","key":"DRIVERS:UPDATE","module":"DRIVERS","name":"Update Drivers"},{"category":"DELETE","description":"Remove drivers from the system","key":"DRIVERS:DELETE","module":"DRIVERS","name":"Delete Drivers"},{"category":"MANAGE","description":"Full driver management access","key":"DRIVERS:MANAGE","module":"DRIVERS","name":"Manage Drivers"},{"category":"WRITE","description":"Approve or reject driver onboarding","key":"DRIVERS:APPROVE","module":"DRIVERS","name":"Approve Drivers"},{"category":"WRITE","description":"Verify driver documents","key":"DRIVERS:VERIFY","module":"DRIVERS","name":"Verify Drivers"},{"category":"READ","description":"Export driver data","key":"DRIVERS:EXPORT","module":"DRIVERS","name":"Export Drivers"},{"category":"READ","description":"View ride history and details","key":"RIDES:READ","module":"RIDES","name":"View Rides"},{"category":"WRITE","description":"Create rides manually","key":"RIDES:CREATE","module":"RIDES","name":"Create Rides"},{"category":"WRITE","description":"Modify ride details","key":"RIDES:UPDATE","module":"RIDES","name":"Update Rides"},{"category":"DELETE","description":"Delete ride records","key":"RIDES:DELETE","module":"RIDES","name":"Delete Rides"},{"category":"MANAGE","description":"Full ride management access","key":"RIDES:MANAGE","module":"RIDES","name":"Manage Rides"},{"category":"DELETE","description":"Cancel any active ride","key":"RIDES:CANCEL","module":"RIDES","name":"Cancel Rides"},{"category":"WRITE","description":"Process ride refunds","key":"RIDES:REFUND","module":"RIDES","name":"Refund Rides"},{"category":"READ","description":"Export ride reports","key":"RIDES:EXPORT","module":"RIDES","name":"Export Rides"},{"category":"READ","description":"View pricing rules","key":"PRICING:READ","module":"PRICING","name":"View Pricing"},{"category":"WRITE","description":"Create pricing rules","key":"PRICING:CREATE","module":"PRICING","name":"Create Pricing"},{"category":"WRITE","description":"Update pricing rules","key":"PRICING:UPDATE","module":"PRICING","name":"Update Pricing"},{"category":"DELETE","description":"Delete pricing rules","key":"PRICING:DELETE","module":"PRICING","name":"Delete Pricing"},{"category":"MANAGE","description":"Full pricing management","key":"PRICING:MANAGE","module":"PRICING","name":"Manage Pricing"},{"category":"MANAGE","description":"Manage surge pricing","key":"SURGE:MANAGE","module":"PRICING","name":"Manage Surge"},{"category":"WRITE","description":"Override ride fare","key":"FARE:OVERRIDE","module":"PRICING","name":"Override Fare"},{"category":"READ","description":"View finance data","key":"FINANCE:READ","module":"FINANCE","name":"View Finance"},{"category":"WRITE","description":"Update finance records","key":"FINANCE:UPDATE","module":"FINANCE","name":"Update Finance"},{"category":"MANAGE","description":"Full finance management","key":"FINANCE:MANAGE","module":"FINANCE","name":"Manage Finance"},{"category":"WRITE","description":"Process driver payouts","key":"PAYOUTS:PROCESS","module":"FINANCE","name":"Process Payouts"},{"category":"MANAGE","description":"Manage payout operations","key":"PAYOUTS:MANAGE","module":"FINANCE","name":"Manage Payouts"},{"category":"WRITE","description":"Process customer refunds","key":"REFUNDS:PROCESS","module":"FINANCE","name":"Process Refunds"},{"category":"READ","description":"View financial transactions","key":"TRANSACTIONS:VIEW","module":"FINANCE","name":"View Transactions"},{"category":"READ","description":"Analyze revenue metrics","key":"REVENUE:ANALYZE","module":"FINANCE","name":"Analyze Revenue"}]},"service":"urbango-api","stack":"Error: Route /api/v1/bulk not found\n    at D:\\03_Projects\\Backend\\Movon\\src\\app.js:31:17\n    at Layer.handleRequest (D:\\03_Projects\\Backend\\Movon\\node_modules\\router\\lib\\layer.js:152:17)\n    at trimPrefix (D:\\03_Projects\\Backend\\Movon\\node_modules\\router\\index.js:342:13)\n    at D:\\03_Projects\\Backend\\Movon\\node_modules\\router\\index.js:297:9\n    at processParams (D:\\03_Projects\\Backend\\Movon\\node_modules\\router\\index.js:582:12)\n    at next (D:\\03_Projects\\Backend\\Movon\\node_modules\\router\\index.js:291:5)\n    at D:\\03_Projects\\Backend\\Movon\\node_modules\\router\\index.js:688:15\n    at next (D:\\03_Projects\\Backend\\Movon\\node_modules\\router\\index.js:276:14)\n    at Function.handle (D:\\03_Projects\\Backend\\Movon\\node_modules\\router\\index.js:186:3)\n    at router (D:\\03_Projects\\Backend\\Movon\\node_modules\\router\\index.js:60:12)","statusCode":404,"timestamp":"2025-12-25 14:52:20","url":"/api/v1/bulk","userAgent":"PostmanRuntime/7.51.0","userId":"anonymous"}
{"ip":"::1","level":"error","message":"SERVER_ERROR_500 permissions is not defined","method":"POST","originalError":"ReferenceError","requestBody":{"permissions":[{"category":"READ","description":"View user profiles and basic information","key":"USERS:READ","module":"USERS","name":"View Users"},{"category":"WRITE","description":"Create new user accounts","key":"USERS:CREATE","module":"USERS","name":"Create Users"},{"category":"WRITE","description":"Update user details and settings","key":"USERS:UPDATE","module":"USERS","name":"Update Users"},{"category":"DELETE","description":"Delete user accounts from the system","key":"USERS:DELETE","module":"USERS","name":"Delete Users"},{"category":"MANAGE","description":"Full management access for users","key":"USERS:MANAGE","module":"USERS","name":"Manage Users"},{"category":"MANAGE","description":"Block or unblock user accounts","key":"USERS:BLOCK","module":"USERS","name":"Block/Unblock Users"},{"category":"READ","description":"Export user data reports","key":"USERS:EXPORT","module":"USERS","name":"Export Users"},{"category":"READ","description":"View driver profiles and details","key":"DRIVERS:READ","module":"DRIVERS","name":"View Drivers"},{"category":"WRITE","description":"Register new drivers","key":"DRIVERS:CREATE","module":"DRIVERS","name":"Create Drivers"},{"category":"WRITE","description":"Update driver information","key":"DRIVERS:UPDATE","module":"DRIVERS","name":"Update Drivers"},{"category":"DELETE","description":"Remove drivers from the system","key":"DRIVERS:DELETE","module":"DRIVERS","name":"Delete Drivers"},{"category":"MANAGE","description":"Full driver management access","key":"DRIVERS:MANAGE","module":"DRIVERS","name":"Manage Drivers"},{"category":"WRITE","description":"Approve or reject driver onboarding","key":"DRIVERS:APPROVE","module":"DRIVERS","name":"Approve Drivers"},{"category":"WRITE","description":"Verify driver documents","key":"DRIVERS:VERIFY","module":"DRIVERS","name":"Verify Drivers"},{"category":"READ","description":"Export driver data","key":"DRIVERS:EXPORT","module":"DRIVERS","name":"Export Drivers"},{"category":"READ","description":"View ride history and details","key":"RIDES:READ","module":"RIDES","name":"View Rides"},{"category":"WRITE","description":"Create rides manually","key":"RIDES:CREATE","module":"RIDES","name":"Create Rides"},{"category":"WRITE","description":"Modify ride details","key":"RIDES:UPDATE","module":"RIDES","name":"Update Rides"},{"category":"DELETE","description":"Delete ride records","key":"RIDES:DELETE","module":"RIDES","name":"Delete Rides"},{"category":"MANAGE","description":"Full ride management access","key":"RIDES:MANAGE","module":"RIDES","name":"Manage Rides"},{"category":"DELETE","description":"Cancel any active ride","key":"RIDES:CANCEL","module":"RIDES","name":"Cancel Rides"},{"category":"WRITE","description":"Process ride refunds","key":"RIDES:REFUND","module":"RIDES","name":"Refund Rides"},{"category":"READ","description":"Export ride reports","key":"RIDES:EXPORT","module":"RIDES","name":"Export Rides"},{"category":"READ","description":"View pricing rules","key":"PRICING:READ","module":"PRICING","name":"View Pricing"},{"category":"WRITE","description":"Create pricing rules","key":"PRICING:CREATE","module":"PRICING","name":"Create Pricing"},{"category":"WRITE","description":"Update pricing rules","key":"PRICING:UPDATE","module":"PRICING","name":"Update Pricing"},{"category":"DELETE","description":"Delete pricing rules","key":"PRICING:DELETE","module":"PRICING","name":"Delete Pricing"},{"category":"MANAGE","description":"Full pricing management","key":"PRICING:MANAGE","module":"PRICING","name":"Manage Pricing"},{"category":"MANAGE","description":"Manage surge pricing","key":"SURGE:MANAGE","module":"PRICING","name":"Manage Surge"},{"category":"WRITE","description":"Override ride fare","key":"FARE:OVERRIDE","module":"PRICING","name":"Override Fare"},{"category":"READ","description":"View finance data","key":"FINANCE:READ","module":"FINANCE","name":"View Finance"},{"category":"WRITE","description":"Update finance records","key":"FINANCE:UPDATE","module":"FINANCE","name":"Update Finance"},{"category":"MANAGE","description":"Full finance management","key":"FINANCE:MANAGE","module":"FINANCE","name":"Manage Finance"},{"category":"WRITE","description":"Process driver payouts","key":"PAYOUTS:PROCESS","module":"FINANCE","name":"Process Payouts"},{"category":"MANAGE","description":"Manage payout operations","key":"PAYOUTS:MANAGE","module":"FINANCE","name":"Manage Payouts"},{"category":"WRITE","description":"Process customer refunds","key":"REFUNDS:PROCESS","module":"FINANCE","name":"Process Refunds"},{"category":"READ","description":"View financial transactions","key":"TRANSACTIONS:VIEW","module":"FINANCE","name":"View Transactions"},{"category":"READ","description":"Analyze revenue metrics","key":"REVENUE:ANALYZE","module":"FINANCE","name":"Analyze Revenue"}]},"service":"urbango-api","stack":"ReferenceError: permissions is not defined\n    at exports.createBulkPermission (D:\\03_Projects\\Backend\\Movon\\src\\controllers\\permissionController.js:30:24)\n    at Layer.handleRequest (D:\\03_Projects\\Backend\\Movon\\node_modules\\router\\lib\\layer.js:152:17)\n    at next (D:\\03_Projects\\Backend\\Movon\\node_modules\\router\\lib\\route.js:157:13)\n    at bootstrapGuard (D:\\03_Projects\\Backend\\Movon\\src\\middleware\\bootstrapMiddleware.js:6:12)\n    at Layer.handleRequest (D:\\03_Projects\\Backend\\Movon\\node_modules\\router\\lib\\layer.js:152:17)\n    at next (D:\\03_Projects\\Backend\\Movon\\node_modules\\router\\lib\\route.js:157:13)\n    at Route.dispatch (D:\\03_Projects\\Backend\\Movon\\node_modules\\router\\lib\\route.js:117:3)\n    at handle (D:\\03_Projects\\Backend\\Movon\\node_modules\\router\\index.js:435:11)\n    at Layer.handleRequest (D:\\03_Projects\\Backend\\Movon\\node_modules\\router\\lib\\layer.js:152:17)\n    at D:\\03_Projects\\Backend\\Movon\\node_modules\\router\\index.js:295:15","statusCode":500,"timestamp":"2025-12-25 14:52:44","url":"/api/v1/permission/bulk","userAgent":"PostmanRuntime/7.51.0","userId":"anonymous"}
{"environment":"development","level":"info","message":"APPLICATION_STARTING","port":"3000","serverUrl":"http://localhost:3000","service":"urbango-api","timestamp":"2025-12-25 14:53:46"}
{"environment":"development","level":"info","message":"APPLICATION_STARTING","port":"3000","serverUrl":"http://localhost:3000","service":"urbango-api","timestamp":"2025-12-25 14:53:47"}
{"level":"info","message":"DATABASE_CONNECTED","service":"urbango-api","status":"connected","timestamp":"2025-12-25 14:53:47","url":"mongodb://localhost:27017/urbango"}
{"environment":"development","level":"info","message":"APPLICATION_STARTED","port":"3000","serverUrl":"http://localhost:3000","service":"urbango-api","status":"running","timestamp":"2025-12-25 14:53:47"}
{"environment":"development","level":"info","message":"APPLICATION_STARTING","port":"3000","serverUrl":"http://localhost:3000","service":"urbango-api","timestamp":"2025-12-25 14:53:48"}
{"level":"info","message":"DATABASE_CONNECTED","service":"urbango-api","status":"connected","timestamp":"2025-12-25 14:53:48","url":"mongodb://localhost:27017/urbango"}
{"environment":"development","level":"info","message":"APPLICATION_STARTED","port":"3000","serverUrl":"http://localhost:3000","service":"urbango-api","status":"running","timestamp":"2025-12-25 14:53:48"}
{"environment":"development","level":"info","message":"APPLICATION_STARTING","port":"3000","serverUrl":"http://localhost:3000","service":"urbango-api","timestamp":"2025-12-25 14:53:50"}
{"level":"info","message":"DATABASE_CONNECTED","service":"urbango-api","status":"connected","timestamp":"2025-12-25 14:53:50","url":"mongodb://localhost:27017/urbango"}
{"environment":"development","level":"info","message":"APPLICATION_STARTED","port":"3000","serverUrl":"http://localhost:3000","service":"urbango-api","status":"running","timestamp":"2025-12-25 14:53:50"}
{"environment":"development","level":"info","message":"APPLICATION_STARTING","port":"3000","serverUrl":"http://localhost:3000","service":"urbango-api","timestamp":"2025-12-25 14:53:53"}
{"level":"info","message":"DATABASE_CONNECTED","service":"urbango-api","status":"connected","timestamp":"2025-12-25 14:53:53","url":"mongodb://localhost:27017/urbango"}
{"environment":"development","level":"info","message":"APPLICATION_STARTED","port":"3000","serverUrl":"http://localhost:3000","service":"urbango-api","status":"running","timestamp":"2025-12-25 14:53:53"}
{"environment":"development","level":"info","message":"APPLICATION_STARTING","port":"3000","serverUrl":"http://localhost:3000","service":"urbango-api","timestamp":"2025-12-25 15:04:18"}
{"level":"info","message":"DATABASE_CONNECTED","service":"urbango-api","status":"connected","timestamp":"2025-12-25 15:04:18","url":"mongodb://localhost:27017/urbango"}
{"environment":"development","level":"info","message":"APPLICATION_STARTED","port":"3000","serverUrl":"http://localhost:3000","service":"urbango-api","status":"running","timestamp":"2025-12-25 15:04:18"}
{"environment":"development","level":"info","message":"APPLICATION_STARTING","port":"3000","serverUrl":"http://localhost:3000","service":"urbango-api","timestamp":"2025-12-25 15:05:45"}
{"level":"info","message":"DATABASE_CONNECTED","service":"urbango-api","status":"connected","timestamp":"2025-12-25 15:05:45","url":"mongodb://localhost:27017/urbango"}
{"environment":"development","level":"info","message":"APPLICATION_STARTED","port":"3000","serverUrl":"http://localhost:3000","service":"urbango-api","status":"running","timestamp":"2025-12-25 15:05:45"}
{"environment":"development","level":"info","message":"APPLICATION_STARTING","port":"3000","serverUrl":"http://localhost:3000","service":"urbango-api","timestamp":"2025-12-25 15:06:06"}
{"level":"info","message":"DATABASE_CONNECTED","service":"urbango-api","status":"connected","timestamp":"2025-12-25 15:06:06","url":"mongodb://localhost:27017/urbango"}
{"environment":"development","level":"info","message":"APPLICATION_STARTED","port":"3000","serverUrl":"http://localhost:3000","service":"urbango-api","status":"running","timestamp":"2025-12-25 15:06:06"}
{"environment":"development","level":"info","message":"APPLICATION_STARTING","port":"3000","serverUrl":"http://localhost:3000","service":"urbango-api","timestamp":"2025-12-25 15:07:08"}
{"level":"info","message":"DATABASE_CONNECTED","service":"urbango-api","status":"connected","timestamp":"2025-12-25 15:07:08","url":"mongodb://localhost:27017/urbango"}
{"environment":"development","level":"info","message":"APPLICATION_STARTED","port":"3000","serverUrl":"http://localhost:3000","service":"urbango-api","status":"running","timestamp":"2025-12-25 15:07:08"}
{"environment":"development","level":"info","message":"APPLICATION_STARTING","port":"3000","serverUrl":"http://localhost:3000","service":"urbango-api","timestamp":"2025-12-25 15:07:10"}
{"level":"info","message":"DATABASE_CONNECTED","service":"urbango-api","status":"connected","timestamp":"2025-12-25 15:07:11","url":"mongodb://localhost:27017/urbango"}
{"environment":"development","level":"info","message":"APPLICATION_STARTED","port":"3000","serverUrl":"http://localhost:3000","service":"urbango-api","status":"running","timestamp":"2025-12-25 15:07:11"}
{"environment":"development","level":"info","message":"APPLICATION_STARTING","port":"3000","serverUrl":"http://localhost:3000","service":"urbango-api","timestamp":"2025-12-25 15:07:14"}
{"level":"info","message":"DATABASE_CONNECTED","service":"urbango-api","status":"connected","timestamp":"2025-12-25 15:07:14","url":"mongodb://localhost:27017/urbango"}
{"environment":"development","level":"info","message":"APPLICATION_STARTED","port":"3000","serverUrl":"http://localhost:3000","service":"urbango-api","status":"running","timestamp":"2025-12-25 15:07:14"}
{"environment":"development","level":"info","message":"APPLICATION_STARTING","port":"3000","serverUrl":"http://localhost:3000","service":"urbango-api","timestamp":"2025-12-25 15:07:19"}
{"level":"info","message":"DATABASE_CONNECTED","service":"urbango-api","status":"connected","timestamp":"2025-12-25 15:07:19","url":"mongodb://localhost:27017/urbango"}
{"environment":"development","level":"info","message":"APPLICATION_STARTED","port":"3000","serverUrl":"http://localhost:3000","service":"urbango-api","status":"running","timestamp":"2025-12-25 15:07:19"}
{"environment":"development","level":"info","message":"APPLICATION_STARTING","port":"3000","serverUrl":"http://localhost:3000","service":"urbango-api","timestamp":"2025-12-25 15:07:34"}
{"level":"info","message":"DATABASE_CONNECTED","service":"urbango-api","status":"connected","timestamp":"2025-12-25 15:07:34","url":"mongodb://localhost:27017/urbango"}
{"environment":"development","level":"info","message":"APPLICATION_STARTED","port":"3000","serverUrl":"http://localhost:3000","service":"urbango-api","status":"running","timestamp":"2025-12-25 15:07:34"}
{"environment":"development","level":"info","message":"APPLICATION_STARTING","port":"3000","serverUrl":"http://localhost:3000","service":"urbango-api","timestamp":"2025-12-25 15:07:38"}
{"level":"info","message":"DATABASE_CONNECTED","service":"urbango-api","status":"connected","timestamp":"2025-12-25 15:07:38","url":"mongodb://localhost:27017/urbango"}
{"environment":"development","level":"info","message":"APPLICATION_STARTED","port":"3000","serverUrl":"http://localhost:3000","service":"urbango-api","status":"running","timestamp":"2025-12-25 15:07:38"}
{"environment":"development","level":"info","message":"APPLICATION_STARTING","port":"3000","serverUrl":"http://localhost:3000","service":"urbango-api","timestamp":"2025-12-25 15:07:44"}
{"level":"info","message":"DATABASE_CONNECTED","service":"urbango-api","status":"connected","timestamp":"2025-12-25 15:07:44","url":"mongodb://localhost:27017/urbango"}
{"environment":"development","level":"info","message":"APPLICATION_STARTED","port":"3000","serverUrl":"http://localhost:3000","service":"urbango-api","status":"running","timestamp":"2025-12-25 15:07:44"}
{"environment":"development","level":"info","message":"APPLICATION_STARTING","port":"3000","serverUrl":"http://localhost:3000","service":"urbango-api","timestamp":"2025-12-25 15:07:47"}
{"level":"info","message":"DATABASE_CONNECTED","service":"urbango-api","status":"connected","timestamp":"2025-12-25 15:07:47","url":"mongodb://localhost:27017/urbango"}
{"environment":"development","level":"info","message":"APPLICATION_STARTED","port":"3000","serverUrl":"http://localhost:3000","service":"urbango-api","status":"running","timestamp":"2025-12-25 15:07:47"}
{"environment":"development","level":"info","message":"APPLICATION_STARTING","port":"3000","serverUrl":"http://localhost:3000","service":"urbango-api","timestamp":"2025-12-25 15:07:49"}
{"level":"info","message":"DATABASE_CONNECTED","service":"urbango-api","status":"connected","timestamp":"2025-12-25 15:07:49","url":"mongodb://localhost:27017/urbango"}
{"environment":"development","level":"info","message":"APPLICATION_STARTED","port":"3000","serverUrl":"http://localhost:3000","service":"urbango-api","status":"running","timestamp":"2025-12-25 15:07:49"}
{"environment":"development","level":"info","message":"APPLICATION_STARTING","port":"3000","serverUrl":"http://localhost:3000","service":"urbango-api","timestamp":"2025-12-25 15:07:54"}
{"level":"info","message":"DATABASE_CONNECTED","service":"urbango-api","status":"connected","timestamp":"2025-12-25 15:07:54","url":"mongodb://localhost:27017/urbango"}
{"environment":"development","level":"info","message":"APPLICATION_STARTED","port":"3000","serverUrl":"http://localhost:3000","service":"urbango-api","status":"running","timestamp":"2025-12-25 15:07:54"}
{"environment":"development","level":"info","message":"APPLICATION_STARTING","port":"3000","serverUrl":"http://localhost:3000","service":"urbango-api","timestamp":"2025-12-25 15:07:57"}
{"level":"info","message":"DATABASE_CONNECTED","service":"urbango-api","status":"connected","timestamp":"2025-12-25 15:07:57","url":"mongodb://localhost:27017/urbango"}
{"environment":"development","level":"info","message":"APPLICATION_STARTED","port":"3000","serverUrl":"http://localhost:3000","service":"urbango-api","status":"running","timestamp":"2025-12-25 15:07:57"}
{"environment":"development","level":"info","message":"APPLICATION_STARTING","port":"3000","serverUrl":"http://localhost:3000","service":"urbango-api","timestamp":"2025-12-25 15:09:20"}
{"level":"info","message":"DATABASE_CONNECTED","service":"urbango-api","status":"connected","timestamp":"2025-12-25 15:09:20","url":"mongodb://localhost:27017/urbango"}
{"environment":"development","level":"info","message":"APPLICATION_STARTED","port":"3000","serverUrl":"http://localhost:3000","service":"urbango-api","status":"running","timestamp":"2025-12-25 15:09:20"}
{"environment":"development","level":"info","message":"APPLICATION_STARTING","port":"3000","serverUrl":"http://localhost:3000","service":"urbango-api","timestamp":"2025-12-25 15:09:21"}
{"level":"info","message":"DATABASE_CONNECTED","service":"urbango-api","status":"connected","timestamp":"2025-12-25 15:09:21","url":"mongodb://localhost:27017/urbango"}
{"environment":"development","level":"info","message":"APPLICATION_STARTED","port":"3000","serverUrl":"http://localhost:3000","service":"urbango-api","status":"running","timestamp":"2025-12-25 15:09:21"}
{"environment":"development","level":"info","message":"APPLICATION_STARTING","port":"3000","serverUrl":"http://localhost:3000","service":"urbango-api","timestamp":"2025-12-25 15:09:25"}
{"level":"info","message":"DATABASE_CONNECTED","service":"urbango-api","status":"connected","timestamp":"2025-12-25 15:09:25","url":"mongodb://localhost:27017/urbango"}
{"environment":"development","level":"info","message":"APPLICATION_STARTED","port":"3000","serverUrl":"http://localhost:3000","service":"urbango-api","status":"running","timestamp":"2025-12-25 15:09:25"}
{"environment":"development","level":"info","message":"APPLICATION_STARTING","port":"3000","serverUrl":"http://localhost:3000","service":"urbango-api","timestamp":"2025-12-25 15:11:03"}
{"level":"info","message":"DATABASE_CONNECTED","service":"urbango-api","status":"connected","timestamp":"2025-12-25 15:11:03","url":"mongodb://localhost:27017/urbango"}
{"environment":"development","level":"info","message":"APPLICATION_STARTED","port":"3000","serverUrl":"http://localhost:3000","service":"urbango-api","status":"running","timestamp":"2025-12-25 15:11:03"}
{"environment":"development","level":"info","message":"APPLICATION_STARTING","port":"3000","serverUrl":"http://localhost:3000","service":"urbango-api","timestamp":"2025-12-25 15:11:25"}
{"level":"info","message":"DATABASE_CONNECTED","service":"urbango-api","status":"connected","timestamp":"2025-12-25 15:11:25","url":"mongodb://localhost:27017/urbango"}
{"environment":"development","level":"info","message":"APPLICATION_STARTED","port":"3000","serverUrl":"http://localhost:3000","service":"urbango-api","status":"running","timestamp":"2025-12-25 15:11:25"}
{"environment":"development","level":"info","message":"APPLICATION_STARTING","port":"3000","serverUrl":"http://localhost:3000","service":"urbango-api","timestamp":"2025-12-25 15:11:31"}
{"level":"info","message":"DATABASE_CONNECTED","service":"urbango-api","status":"connected","timestamp":"2025-12-25 15:11:31","url":"mongodb://localhost:27017/urbango"}
{"environment":"development","level":"info","message":"APPLICATION_STARTED","port":"3000","serverUrl":"http://localhost:3000","service":"urbango-api","status":"running","timestamp":"2025-12-25 15:11:31"}
{"environment":"development","level":"info","message":"APPLICATION_STARTING","port":"3000","serverUrl":"http://localhost:3000","service":"urbango-api","timestamp":"2025-12-25 15:11:54"}
{"level":"info","message":"DATABASE_CONNECTED","service":"urbango-api","status":"connected","timestamp":"2025-12-25 15:11:54","url":"mongodb://localhost:27017/urbango"}
{"environment":"development","level":"info","message":"APPLICATION_STARTED","port":"3000","serverUrl":"http://localhost:3000","service":"urbango-api","status":"running","timestamp":"2025-12-25 15:11:54"}
{"environment":"development","level":"info","message":"APPLICATION_STARTING","port":"3000","serverUrl":"http://localhost:3000","service":"urbango-api","timestamp":"2025-12-25 15:11:57"}
{"level":"info","message":"DATABASE_CONNECTED","service":"urbango-api","status":"connected","timestamp":"2025-12-25 15:11:57","url":"mongodb://localhost:27017/urbango"}
{"environment":"development","level":"info","message":"APPLICATION_STARTED","port":"3000","serverUrl":"http://localhost:3000","service":"urbango-api","status":"running","timestamp":"2025-12-25 15:11:57"}
{"environment":"development","level":"info","message":"APPLICATION_STARTING","port":"3000","serverUrl":"http://localhost:3000","service":"urbango-api","timestamp":"2025-12-25 15:12:02"}
{"level":"info","message":"DATABASE_CONNECTED","service":"urbango-api","status":"connected","timestamp":"2025-12-25 15:12:02","url":"mongodb://localhost:27017/urbango"}
{"environment":"development","level":"info","message":"APPLICATION_STARTED","port":"3000","serverUrl":"http://localhost:3000","service":"urbango-api","status":"running","timestamp":"2025-12-25 15:12:02"}
{"environment":"development","level":"info","message":"APPLICATION_STARTING","port":"3000","serverUrl":"http://localhost:3000","service":"urbango-api","timestamp":"2025-12-25 15:12:04"}
{"level":"info","message":"DATABASE_CONNECTED","service":"urbango-api","status":"connected","timestamp":"2025-12-25 15:12:04","url":"mongodb://localhost:27017/urbango"}
{"environment":"development","level":"info","message":"APPLICATION_STARTED","port":"3000","serverUrl":"http://localhost:3000","service":"urbango-api","status":"running","timestamp":"2025-12-25 15:12:04"}
{"environment":"development","level":"info","message":"APPLICATION_STARTING","port":"3000","serverUrl":"http://localhost:3000","service":"urbango-api","timestamp":"2025-12-25 15:12:06"}
{"level":"info","message":"DATABASE_CONNECTED","service":"urbango-api","status":"connected","timestamp":"2025-12-25 15:12:06","url":"mongodb://localhost:27017/urbango"}
{"environment":"development","level":"info","message":"APPLICATION_STARTED","port":"3000","serverUrl":"http://localhost:3000","service":"urbango-api","status":"running","timestamp":"2025-12-25 15:12:06"}
{"environment":"development","level":"info","message":"APPLICATION_STARTING","port":"3000","serverUrl":"http://localhost:3000","service":"urbango-api","timestamp":"2025-12-25 15:12:08"}
{"level":"info","message":"DATABASE_CONNECTED","service":"urbango-api","status":"connected","timestamp":"2025-12-25 15:12:08","url":"mongodb://localhost:27017/urbango"}
{"environment":"development","level":"info","message":"APPLICATION_STARTED","port":"3000","serverUrl":"http://localhost:3000","service":"urbango-api","status":"running","timestamp":"2025-12-25 15:12:09"}
{"environment":"development","level":"info","message":"APPLICATION_STARTING","port":"3000","serverUrl":"http://localhost:3000","service":"urbango-api","timestamp":"2025-12-25 15:12:15"}
{"level":"info","message":"DATABASE_CONNECTED","service":"urbango-api","status":"connected","timestamp":"2025-12-25 15:12:15","url":"mongodb://localhost:27017/urbango"}
{"environment":"development","level":"info","message":"APPLICATION_STARTED","port":"3000","serverUrl":"http://localhost:3000","service":"urbango-api","status":"running","timestamp":"2025-12-25 15:12:15"}
{"environment":"development","level":"info","message":"APPLICATION_STARTING","port":"3000","serverUrl":"http://localhost:3000","service":"urbango-api","timestamp":"2025-12-25 15:12:19"}
{"level":"info","message":"DATABASE_CONNECTED","service":"urbango-api","status":"connected","timestamp":"2025-12-25 15:12:19","url":"mongodb://localhost:27017/urbango"}
{"environment":"development","level":"info","message":"APPLICATION_STARTED","port":"3000","serverUrl":"http://localhost:3000","service":"urbango-api","status":"running","timestamp":"2025-12-25 15:12:19"}
{"environment":"development","level":"info","message":"APPLICATION_STARTING","port":"3000","serverUrl":"http://localhost:3000","service":"urbango-api","timestamp":"2025-12-25 15:12:21"}
{"level":"info","message":"DATABASE_CONNECTED","service":"urbango-api","status":"connected","timestamp":"2025-12-25 15:12:21","url":"mongodb://localhost:27017/urbango"}
{"environment":"development","level":"info","message":"APPLICATION_STARTED","port":"3000","serverUrl":"http://localhost:3000","service":"urbango-api","status":"running","timestamp":"2025-12-25 15:12:21"}
{"environment":"development","level":"info","message":"APPLICATION_STARTING","port":"3000","serverUrl":"http://localhost:3000","service":"urbango-api","timestamp":"2025-12-25 15:12:23"}
{"level":"info","message":"DATABASE_CONNECTED","service":"urbango-api","status":"connected","timestamp":"2025-12-25 15:12:23","url":"mongodb://localhost:27017/urbango"}
{"environment":"development","level":"info","message":"APPLICATION_STARTED","port":"3000","serverUrl":"http://localhost:3000","service":"urbango-api","status":"running","timestamp":"2025-12-25 15:12:23"}
{"environment":"development","level":"info","message":"APPLICATION_STARTING","port":"3000","serverUrl":"http://localhost:3000","service":"urbango-api","timestamp":"2025-12-25 15:12:53"}
{"level":"info","message":"DATABASE_CONNECTED","service":"urbango-api","status":"connected","timestamp":"2025-12-25 15:12:53","url":"mongodb://localhost:27017/urbango"}
{"environment":"development","level":"info","message":"APPLICATION_STARTED","port":"3000","serverUrl":"http://localhost:3000","service":"urbango-api","status":"running","timestamp":"2025-12-25 15:12:53"}
{"environment":"development","level":"info","message":"APPLICATION_STARTING","port":"3000","serverUrl":"http://localhost:3000","service":"urbango-api","timestamp":"2025-12-25 15:12:56"}
{"level":"info","message":"DATABASE_CONNECTED","service":"urbango-api","status":"connected","timestamp":"2025-12-25 15:12:56","url":"mongodb://localhost:27017/urbango"}
{"environment":"development","level":"info","message":"APPLICATION_STARTED","port":"3000","serverUrl":"http://localhost:3000","service":"urbango-api","status":"running","timestamp":"2025-12-25 15:12:56"}
{"environment":"development","level":"info","message":"APPLICATION_STARTING","port":"3000","serverUrl":"http://localhost:3000","service":"urbango-api","timestamp":"2025-12-25 15:12:59"}
{"level":"info","message":"DATABASE_CONNECTED","service":"urbango-api","status":"connected","timestamp":"2025-12-25 15:12:59","url":"mongodb://localhost:27017/urbango"}
{"environment":"development","level":"info","message":"APPLICATION_STARTED","port":"3000","serverUrl":"http://localhost:3000","service":"urbango-api","status":"running","timestamp":"2025-12-25 15:12:59"}
{"environment":"development","level":"info","message":"APPLICATION_STARTING","port":"3000","serverUrl":"http://localhost:3000","service":"urbango-api","timestamp":"2025-12-25 15:13:02"}
{"level":"info","message":"DATABASE_CONNECTED","service":"urbango-api","status":"connected","timestamp":"2025-12-25 15:13:02","url":"mongodb://localhost:27017/urbango"}
{"environment":"development","level":"info","message":"APPLICATION_STARTED","port":"3000","serverUrl":"http://localhost:3000","service":"urbango-api","status":"running","timestamp":"2025-12-25 15:13:02"}
{"environment":"development","level":"info","message":"APPLICATION_STARTING","port":"3000","serverUrl":"http://localhost:3000","service":"urbango-api","timestamp":"2025-12-25 15:13:03"}
{"level":"info","message":"DATABASE_CONNECTED","service":"urbango-api","status":"connected","timestamp":"2025-12-25 15:13:03","url":"mongodb://localhost:27017/urbango"}
{"environment":"development","level":"info","message":"APPLICATION_STARTED","port":"3000","serverUrl":"http://localhost:3000","service":"urbango-api","status":"running","timestamp":"2025-12-25 15:13:03"}
{"environment":"development","level":"info","message":"APPLICATION_STARTING","port":"3000","serverUrl":"http://localhost:3000","service":"urbango-api","timestamp":"2025-12-25 15:13:11"}
{"level":"info","message":"DATABASE_CONNECTED","service":"urbango-api","status":"connected","timestamp":"2025-12-25 15:13:11","url":"mongodb://localhost:27017/urbango"}
{"environment":"development","level":"info","message":"APPLICATION_STARTED","port":"3000","serverUrl":"http://localhost:3000","service":"urbango-api","status":"running","timestamp":"2025-12-25 15:13:11"}
{"environment":"development","level":"info","message":"APPLICATION_STARTING","port":"3000","serverUrl":"http://localhost:3000","service":"urbango-api","timestamp":"2025-12-25 15:13:21"}
{"level":"info","message":"DATABASE_CONNECTED","service":"urbango-api","status":"connected","timestamp":"2025-12-25 15:13:21","url":"mongodb://localhost:27017/urbango"}
{"environment":"development","level":"info","message":"APPLICATION_STARTED","port":"3000","serverUrl":"http://localhost:3000","service":"urbango-api","status":"running","timestamp":"2025-12-25 15:13:21"}
{"environment":"development","level":"info","message":"APPLICATION_STARTING","port":"3000","serverUrl":"http://localhost:3000","service":"urbango-api","timestamp":"2025-12-25 15:13:33"}
{"level":"info","message":"DATABASE_CONNECTED","service":"urbango-api","status":"connected","timestamp":"2025-12-25 15:13:33","url":"mongodb://localhost:27017/urbango"}
{"environment":"development","level":"info","message":"APPLICATION_STARTED","port":"3000","serverUrl":"http://localhost:3000","service":"urbango-api","status":"running","timestamp":"2025-12-25 15:13:33"}
{"environment":"development","level":"info","message":"APPLICATION_STARTING","port":"3000","serverUrl":"http://localhost:3000","service":"urbango-api","timestamp":"2025-12-25 15:13:38"}
{"level":"info","message":"DATABASE_CONNECTED","service":"urbango-api","status":"connected","timestamp":"2025-12-25 15:13:38","url":"mongodb://localhost:27017/urbango"}
{"environment":"development","level":"info","message":"APPLICATION_STARTED","port":"3000","serverUrl":"http://localhost:3000","service":"urbango-api","status":"running","timestamp":"2025-12-25 15:13:38"}
{"environment":"development","level":"info","message":"APPLICATION_STARTING","port":"3000","serverUrl":"http://localhost:3000","service":"urbango-api","timestamp":"2025-12-25 15:13:42"}
{"level":"info","message":"DATABASE_CONNECTED","service":"urbango-api","status":"connected","timestamp":"2025-12-25 15:13:42","url":"mongodb://localhost:27017/urbango"}
{"environment":"development","level":"info","message":"APPLICATION_STARTED","port":"3000","serverUrl":"http://localhost:3000","service":"urbango-api","status":"running","timestamp":"2025-12-25 15:13:42"}
{"ip":"::1","level":"warn","message":"CLIENT_ERROR_404 Route /api/v1/permission/get not found","method":"GET","originalError":"Error","service":"urbango-api","stack":"Error: Route /api/v1/permission/get not found\n    at D:\\03_Projects\\Backend\\Movon\\src\\app.js:31:17\n    at Layer.handleRequest (D:\\03_Projects\\Backend\\Movon\\node_modules\\router\\lib\\layer.js:152:17)\n    at trimPrefix (D:\\03_Projects\\Backend\\Movon\\node_modules\\router\\index.js:342:13)\n    at D:\\03_Projects\\Backend\\Movon\\node_modules\\router\\index.js:297:9\n    at processParams (D:\\03_Projects\\Backend\\Movon\\node_modules\\router\\index.js:582:12)\n    at next (D:\\03_Projects\\Backend\\Movon\\node_modules\\router\\index.js:291:5)\n    at D:\\03_Projects\\Backend\\Movon\\node_modules\\router\\index.js:688:15\n    at next (D:\\03_Projects\\Backend\\Movon\\node_modules\\router\\index.js:276:14)\n    at Function.handle (D:\\03_Projects\\Backend\\Movon\\node_modules\\router\\index.js:186:3)\n    at router (D:\\03_Projects\\Backend\\Movon\\node_modules\\router\\index.js:60:12)","statusCode":404,"timestamp":"2025-12-25 15:13:55","url":"/api/v1/permission/get","userAgent":"PostmanRuntime/7.51.0","userId":"anonymous"}
{"environment":"development","level":"info","message":"APPLICATION_STARTING","port":"3000","serverUrl":"http://localhost:3000","service":"urbango-api","timestamp":"2025-12-25 15:14:10"}
{"level":"info","message":"DATABASE_CONNECTED","service":"urbango-api","status":"connected","timestamp":"2025-12-25 15:14:10","url":"mongodb://localhost:27017/urbango"}
{"environment":"development","level":"info","message":"APPLICATION_STARTED","port":"3000","serverUrl":"http://localhost:3000","service":"urbango-api","status":"running","timestamp":"2025-12-25 15:14:10"}
{"environment":"development","level":"info","message":"APPLICATION_STARTING","port":"3000","serverUrl":"http://localhost:3000","service":"urbango-api","timestamp":"2025-12-25 15:39:15"}
{"level":"info","message":"DATABASE_CONNECTED","service":"urbango-api","status":"connected","timestamp":"2025-12-25 15:39:15","url":"mongodb://localhost:27017/urbango"}
{"environment":"development","level":"info","message":"APPLICATION_STARTED","port":"3000","serverUrl":"http://localhost:3000","service":"urbango-api","status":"running","timestamp":"2025-12-25 15:39:15"}
{"environment":"development","level":"info","message":"APPLICATION_STARTING","port":"3000","serverUrl":"http://localhost:3000","service":"urbango-api","timestamp":"2025-12-25 15:49:47"}
{"level":"info","message":"DATABASE_CONNECTED","service":"urbango-api","status":"connected","timestamp":"2025-12-25 15:49:47","url":"mongodb://localhost:27017/urbango"}
{"environment":"development","level":"info","message":"APPLICATION_STARTED","port":"3000","serverUrl":"http://localhost:3000","service":"urbango-api","status":"running","timestamp":"2025-12-25 15:49:47"}
{"environment":"development","level":"info","message":"APPLICATION_STARTING","port":"3000","serverUrl":"http://localhost:3000","service":"urbango-api","timestamp":"2025-12-25 15:49:59"}
{"level":"info","message":"DATABASE_CONNECTED","service":"urbango-api","status":"connected","timestamp":"2025-12-25 15:49:59","url":"mongodb://localhost:27017/urbango"}
{"environment":"development","level":"info","message":"APPLICATION_STARTED","port":"3000","serverUrl":"http://localhost:3000","service":"urbango-api","status":"running","timestamp":"2025-12-25 15:49:59"}
{"environment":"development","level":"info","message":"APPLICATION_STARTING","port":"3000","serverUrl":"http://localhost:3000","service":"urbango-api","timestamp":"2025-12-25 15:53:48"}
{"level":"info","message":"DATABASE_CONNECTED","service":"urbango-api","status":"connected","timestamp":"2025-12-25 15:53:48","url":"mongodb://localhost:27017/urbango"}
{"environment":"development","level":"info","message":"APPLICATION_STARTED","port":"3000","serverUrl":"http://localhost:3000","service":"urbango-api","status":"running","timestamp":"2025-12-25 15:53:48"}
{"environment":"development","level":"info","message":"APPLICATION_STARTING","port":"3000","serverUrl":"http://localhost:3000","service":"urbango-api","timestamp":"2025-12-25 15:53:51"}
{"level":"info","message":"DATABASE_CONNECTED","service":"urbango-api","status":"connected","timestamp":"2025-12-25 15:53:51","url":"mongodb://localhost:27017/urbango"}
{"environment":"development","level":"info","message":"APPLICATION_STARTED","port":"3000","serverUrl":"http://localhost:3000","service":"urbango-api","status":"running","timestamp":"2025-12-25 15:53:51"}
{"environment":"development","level":"info","message":"APPLICATION_STARTING","port":"3000","serverUrl":"http://localhost:3000","service":"urbango-api","timestamp":"2025-12-25 15:54:01"}
{"level":"info","message":"DATABASE_CONNECTED","service":"urbango-api","status":"connected","timestamp":"2025-12-25 15:54:01","url":"mongodb://localhost:27017/urbango"}
{"environment":"development","level":"info","message":"APPLICATION_STARTED","port":"3000","serverUrl":"http://localhost:3000","service":"urbango-api","status":"running","timestamp":"2025-12-25 15:54:01"}
{"environment":"development","level":"info","message":"APPLICATION_STARTING","port":"3000","serverUrl":"http://localhost:3000","service":"urbango-api","timestamp":"2025-12-25 15:54:04"}
{"level":"info","message":"DATABASE_CONNECTED","service":"urbango-api","status":"connected","timestamp":"2025-12-25 15:54:04","url":"mongodb://localhost:27017/urbango"}
{"environment":"development","level":"info","message":"APPLICATION_STARTED","port":"3000","serverUrl":"http://localhost:3000","service":"urbango-api","status":"running","timestamp":"2025-12-25 15:54:04"}
{"environment":"development","level":"info","message":"APPLICATION_STARTING","port":"3000","serverUrl":"http://localhost:3000","service":"urbango-api","timestamp":"2025-12-25 15:54:08"}
{"level":"info","message":"DATABASE_CONNECTED","service":"urbango-api","status":"connected","timestamp":"2025-12-25 15:54:08","url":"mongodb://localhost:27017/urbango"}
{"environment":"development","level":"info","message":"APPLICATION_STARTED","port":"3000","serverUrl":"http://localhost:3000","service":"urbango-api","status":"running","timestamp":"2025-12-25 15:54:08"}
{"environment":"development","level":"info","message":"APPLICATION_STARTING","port":"3000","serverUrl":"http://localhost:3000","service":"urbango-api","timestamp":"2025-12-25 15:54:09"}
{"level":"info","message":"DATABASE_CONNECTED","service":"urbango-api","status":"connected","timestamp":"2025-12-25 15:54:10","url":"mongodb://localhost:27017/urbango"}
{"environment":"development","level":"info","message":"APPLICATION_STARTED","port":"3000","serverUrl":"http://localhost:3000","service":"urbango-api","status":"running","timestamp":"2025-12-25 15:54:10"}
{"environment":"development","level":"info","message":"APPLICATION_STARTING","port":"3000","serverUrl":"http://localhost:3000","service":"urbango-api","timestamp":"2025-12-25 15:54:12"}
{"level":"info","message":"DATABASE_CONNECTED","service":"urbango-api","status":"connected","timestamp":"2025-12-25 15:54:12","url":"mongodb://localhost:27017/urbango"}
{"environment":"development","level":"info","message":"APPLICATION_STARTED","port":"3000","serverUrl":"http://localhost:3000","service":"urbango-api","status":"running","timestamp":"2025-12-25 15:54:12"}
{"environment":"development","level":"info","message":"APPLICATION_STARTING","port":"3000","serverUrl":"http://localhost:3000","service":"urbango-api","timestamp":"2025-12-25 15:54:23"}
{"level":"info","message":"DATABASE_CONNECTED","service":"urbango-api","status":"connected","timestamp":"2025-12-25 15:54:23","url":"mongodb://localhost:27017/urbango"}
{"environment":"development","level":"info","message":"APPLICATION_STARTED","port":"3000","serverUrl":"http://localhost:3000","service":"urbango-api","status":"running","timestamp":"2025-12-25 15:54:23"}
{"environment":"development","level":"info","message":"APPLICATION_STARTING","port":"3000","serverUrl":"http://localhost:3000","service":"urbango-api","timestamp":"2025-12-25 15:54:27"}
{"level":"info","message":"DATABASE_CONNECTED","service":"urbango-api","status":"connected","timestamp":"2025-12-25 15:54:27","url":"mongodb://localhost:27017/urbango"}
{"environment":"development","level":"info","message":"APPLICATION_STARTED","port":"3000","serverUrl":"http://localhost:3000","service":"urbango-api","status":"running","timestamp":"2025-12-25 15:54:27"}
{"environment":"development","level":"info","message":"APPLICATION_STARTING","port":"3000","serverUrl":"http://localhost:3000","service":"urbango-api","timestamp":"2025-12-25 15:54:30"}
{"level":"info","message":"DATABASE_CONNECTED","service":"urbango-api","status":"connected","timestamp":"2025-12-25 15:54:30","url":"mongodb://localhost:27017/urbango"}
{"environment":"development","level":"info","message":"APPLICATION_STARTED","port":"3000","serverUrl":"http://localhost:3000","service":"urbango-api","status":"running","timestamp":"2025-12-25 15:54:30"}
{"environment":"development","level":"info","message":"APPLICATION_STARTING","port":"3000","serverUrl":"http://localhost:3000","service":"urbango-api","timestamp":"2025-12-25 15:54:36"}
{"level":"info","message":"DATABASE_CONNECTED","service":"urbango-api","status":"connected","timestamp":"2025-12-25 15:54:36","url":"mongodb://localhost:27017/urbango"}
{"environment":"development","level":"info","message":"APPLICATION_STARTED","port":"3000","serverUrl":"http://localhost:3000","service":"urbango-api","status":"running","timestamp":"2025-12-25 15:54:36"}
{"environment":"development","level":"info","message":"APPLICATION_STARTING","port":"3000","serverUrl":"http://localhost:3000","service":"urbango-api","timestamp":"2025-12-25 15:57:28"}
{"level":"info","message":"DATABASE_CONNECTED","service":"urbango-api","status":"connected","timestamp":"2025-12-25 15:57:28","url":"mongodb://localhost:27017/urbango"}
{"environment":"development","level":"info","message":"APPLICATION_STARTED","port":"3000","serverUrl":"http://localhost:3000","service":"urbango-api","status":"running","timestamp":"2025-12-25 15:57:28"}
{"environment":"development","level":"info","message":"APPLICATION_STARTING","port":"3000","serverUrl":"http://localhost:3000","service":"urbango-api","timestamp":"2025-12-25 15:57:33"}
{"level":"info","message":"DATABASE_CONNECTED","service":"urbango-api","status":"connected","timestamp":"2025-12-25 15:57:33","url":"mongodb://localhost:27017/urbango"}
{"environment":"development","level":"info","message":"APPLICATION_STARTED","port":"3000","serverUrl":"http://localhost:3000","service":"urbango-api","status":"running","timestamp":"2025-12-25 15:57:33"}
{"environment":"development","level":"info","message":"APPLICATION_STARTING","port":"3000","serverUrl":"http://localhost:3000","service":"urbango-api","timestamp":"2025-12-25 15:57:36"}
{"level":"info","message":"DATABASE_CONNECTED","service":"urbango-api","status":"connected","timestamp":"2025-12-25 15:57:36","url":"mongodb://localhost:27017/urbango"}
{"environment":"development","level":"info","message":"APPLICATION_STARTED","port":"3000","serverUrl":"http://localhost:3000","service":"urbango-api","status":"running","timestamp":"2025-12-25 15:57:36"}
{"environment":"development","level":"info","message":"APPLICATION_STARTING","port":"3000","serverUrl":"http://localhost:3000","service":"urbango-api","timestamp":"2025-12-25 15:57:55"}
{"level":"info","message":"DATABASE_CONNECTED","service":"urbango-api","status":"connected","timestamp":"2025-12-25 15:57:55","url":"mongodb://localhost:27017/urbango"}
{"environment":"development","level":"info","message":"APPLICATION_STARTED","port":"3000","serverUrl":"http://localhost:3000","service":"urbango-api","status":"running","timestamp":"2025-12-25 15:57:55"}
{"environment":"development","level":"info","message":"APPLICATION_STARTING","port":"3000","serverUrl":"http://localhost:3000","service":"urbango-api","timestamp":"2025-12-25 15:57:57"}
{"level":"info","message":"DATABASE_CONNECTED","service":"urbango-api","status":"connected","timestamp":"2025-12-25 15:57:57","url":"mongodb://localhost:27017/urbango"}
{"environment":"development","level":"info","message":"APPLICATION_STARTED","port":"3000","serverUrl":"http://localhost:3000","service":"urbango-api","status":"running","timestamp":"2025-12-25 15:57:57"}
{"environment":"development","level":"info","message":"APPLICATION_STARTING","port":"3000","serverUrl":"http://localhost:3000","service":"urbango-api","timestamp":"2025-12-25 15:58:06"}
{"level":"info","message":"DATABASE_CONNECTED","service":"urbango-api","status":"connected","timestamp":"2025-12-25 15:58:06","url":"mongodb://localhost:27017/urbango"}
{"environment":"development","level":"info","message":"APPLICATION_STARTED","port":"3000","serverUrl":"http://localhost:3000","service":"urbango-api","status":"running","timestamp":"2025-12-25 15:58:06"}
{"environment":"development","level":"info","message":"APPLICATION_STARTING","port":"3000","serverUrl":"http://localhost:3000","service":"urbango-api","timestamp":"2025-12-25 15:58:28"}
{"level":"info","message":"DATABASE_CONNECTED","service":"urbango-api","status":"connected","timestamp":"2025-12-25 15:58:28","url":"mongodb://localhost:27017/urbango"}
{"environment":"development","level":"info","message":"APPLICATION_STARTED","port":"3000","serverUrl":"http://localhost:3000","service":"urbango-api","status":"running","timestamp":"2025-12-25 15:58:28"}
{"environment":"development","level":"info","message":"APPLICATION_STARTING","port":"3000","serverUrl":"http://localhost:3000","service":"urbango-api","timestamp":"2025-12-25 15:58:42"}
{"level":"info","message":"DATABASE_CONNECTED","service":"urbango-api","status":"connected","timestamp":"2025-12-25 15:58:42","url":"mongodb://localhost:27017/urbango"}
{"environment":"development","level":"info","message":"APPLICATION_STARTED","port":"3000","serverUrl":"http://localhost:3000","service":"urbango-api","status":"running","timestamp":"2025-12-25 15:58:42"}
{"environment":"development","level":"info","message":"APPLICATION_STARTING","port":"3000","serverUrl":"http://localhost:3000","service":"urbango-api","timestamp":"2025-12-25 15:58:45"}
{"level":"info","message":"DATABASE_CONNECTED","service":"urbango-api","status":"connected","timestamp":"2025-12-25 15:58:45","url":"mongodb://localhost:27017/urbango"}
{"environment":"development","level":"info","message":"APPLICATION_STARTED","port":"3000","serverUrl":"http://localhost:3000","service":"urbango-api","status":"running","timestamp":"2025-12-25 15:58:45"}
{"environment":"development","level":"info","message":"APPLICATION_STARTING","port":"3000","serverUrl":"http://localhost:3000","service":"urbango-api","timestamp":"2025-12-25 15:58:58"}
{"level":"info","message":"DATABASE_CONNECTED","service":"urbango-api","status":"connected","timestamp":"2025-12-25 15:58:58","url":"mongodb://localhost:27017/urbango"}
{"environment":"development","level":"info","message":"APPLICATION_STARTED","port":"3000","serverUrl":"http://localhost:3000","service":"urbango-api","status":"running","timestamp":"2025-12-25 15:58:58"}
{"environment":"development","level":"info","message":"APPLICATION_STARTING","port":"3000","serverUrl":"http://localhost:3000","service":"urbango-api","timestamp":"2025-12-25 15:59:35"}
{"level":"info","message":"DATABASE_CONNECTED","service":"urbango-api","status":"connected","timestamp":"2025-12-25 15:59:35","url":"mongodb://localhost:27017/urbango"}
{"environment":"development","level":"info","message":"APPLICATION_STARTED","port":"3000","serverUrl":"http://localhost:3000","service":"urbango-api","status":"running","timestamp":"2025-12-25 15:59:35"}
{"environment":"development","level":"info","message":"APPLICATION_STARTING","port":"3000","serverUrl":"http://localhost:3000","service":"urbango-api","timestamp":"2025-12-25 15:59:42"}
{"level":"info","message":"DATABASE_CONNECTED","service":"urbango-api","status":"connected","timestamp":"2025-12-25 15:59:42","url":"mongodb://localhost:27017/urbango"}
{"environment":"development","level":"info","message":"APPLICATION_STARTED","port":"3000","serverUrl":"http://localhost:3000","service":"urbango-api","status":"running","timestamp":"2025-12-25 15:59:42"}
{"environment":"development","level":"info","message":"APPLICATION_STARTING","port":"3000","serverUrl":"http://localhost:3000","service":"urbango-api","timestamp":"2025-12-25 15:59:44"}
{"level":"info","message":"DATABASE_CONNECTED","service":"urbango-api","status":"connected","timestamp":"2025-12-25 15:59:44","url":"mongodb://localhost:27017/urbango"}
{"environment":"development","level":"info","message":"APPLICATION_STARTED","port":"3000","serverUrl":"http://localhost:3000","service":"urbango-api","status":"running","timestamp":"2025-12-25 15:59:44"}
{"environment":"development","level":"info","message":"APPLICATION_STARTING","port":"3000","serverUrl":"http://localhost:3000","service":"urbango-api","timestamp":"2025-12-25 15:59:47"}
{"level":"info","message":"DATABASE_CONNECTED","service":"urbango-api","status":"connected","timestamp":"2025-12-25 15:59:47","url":"mongodb://localhost:27017/urbango"}
{"environment":"development","level":"info","message":"APPLICATION_STARTED","port":"3000","serverUrl":"http://localhost:3000","service":"urbango-api","status":"running","timestamp":"2025-12-25 15:59:47"}
{"environment":"development","level":"info","message":"APPLICATION_STARTING","port":"3000","serverUrl":"http://localhost:3000","service":"urbango-api","timestamp":"2025-12-25 15:59:57"}
{"level":"info","message":"DATABASE_CONNECTED","service":"urbango-api","status":"connected","timestamp":"2025-12-25 15:59:57","url":"mongodb://localhost:27017/urbango"}
{"environment":"development","level":"info","message":"APPLICATION_STARTED","port":"3000","serverUrl":"http://localhost:3000","service":"urbango-api","status":"running","timestamp":"2025-12-25 15:59:57"}
{"environment":"development","level":"info","message":"APPLICATION_STARTING","port":"3000","serverUrl":"http://localhost:3000","service":"urbango-api","timestamp":"2025-12-25 16:00:15"}
{"level":"info","message":"DATABASE_CONNECTED","service":"urbango-api","status":"connected","timestamp":"2025-12-25 16:00:15","url":"mongodb://localhost:27017/urbango"}
{"environment":"development","level":"info","message":"APPLICATION_STARTED","port":"3000","serverUrl":"http://localhost:3000","service":"urbango-api","status":"running","timestamp":"2025-12-25 16:00:15"}
{"environment":"development","level":"info","message":"APPLICATION_STARTING","port":"3000","serverUrl":"http://localhost:3000","service":"urbango-api","timestamp":"2025-12-25 16:00:18"}
{"level":"info","message":"DATABASE_CONNECTED","service":"urbango-api","status":"connected","timestamp":"2025-12-25 16:00:18","url":"mongodb://localhost:27017/urbango"}
{"environment":"development","level":"info","message":"APPLICATION_STARTED","port":"3000","serverUrl":"http://localhost:3000","service":"urbango-api","status":"running","timestamp":"2025-12-25 16:00:18"}
{"environment":"development","level":"info","message":"APPLICATION_STARTING","port":"3000","serverUrl":"http://localhost:3000","service":"urbango-api","timestamp":"2025-12-25 16:00:19"}
{"level":"info","message":"DATABASE_CONNECTED","service":"urbango-api","status":"connected","timestamp":"2025-12-25 16:00:19","url":"mongodb://localhost:27017/urbango"}
{"environment":"development","level":"info","message":"APPLICATION_STARTED","port":"3000","serverUrl":"http://localhost:3000","service":"urbango-api","status":"running","timestamp":"2025-12-25 16:00:19"}
{"environment":"development","level":"info","message":"APPLICATION_STARTING","port":"3000","serverUrl":"http://localhost:3000","service":"urbango-api","timestamp":"2025-12-25 16:00:21"}
{"level":"info","message":"DATABASE_CONNECTED","service":"urbango-api","status":"connected","timestamp":"2025-12-25 16:00:22","url":"mongodb://localhost:27017/urbango"}
{"environment":"development","level":"info","message":"APPLICATION_STARTED","port":"3000","serverUrl":"http://localhost:3000","service":"urbango-api","status":"running","timestamp":"2025-12-25 16:00:22"}
{"environment":"development","level":"info","message":"APPLICATION_STARTING","port":"3000","serverUrl":"http://localhost:3000","service":"urbango-api","timestamp":"2025-12-25 16:00:24"}
{"level":"info","message":"DATABASE_CONNECTED","service":"urbango-api","status":"connected","timestamp":"2025-12-25 16:00:24","url":"mongodb://localhost:27017/urbango"}
{"environment":"development","level":"info","message":"APPLICATION_STARTED","port":"3000","serverUrl":"http://localhost:3000","service":"urbango-api","status":"running","timestamp":"2025-12-25 16:00:24"}
{"environment":"development","level":"info","message":"APPLICATION_STARTING","port":"3000","serverUrl":"http://localhost:3000","service":"urbango-api","timestamp":"2025-12-25 16:00:29"}
{"level":"info","message":"DATABASE_CONNECTED","service":"urbango-api","status":"connected","timestamp":"2025-12-25 16:00:29","url":"mongodb://localhost:27017/urbango"}
{"environment":"development","level":"info","message":"APPLICATION_STARTED","port":"3000","serverUrl":"http://localhost:3000","service":"urbango-api","status":"running","timestamp":"2025-12-25 16:00:29"}
{"environment":"development","level":"info","message":"APPLICATION_STARTING","port":"3000","serverUrl":"http://localhost:3000","service":"urbango-api","timestamp":"2025-12-25 16:00:30"}
{"level":"info","message":"DATABASE_CONNECTED","service":"urbango-api","status":"connected","timestamp":"2025-12-25 16:00:30","url":"mongodb://localhost:27017/urbango"}
{"environment":"development","level":"info","message":"APPLICATION_STARTED","port":"3000","serverUrl":"http://localhost:3000","service":"urbango-api","status":"running","timestamp":"2025-12-25 16:00:30"}
{"environment":"development","level":"info","message":"APPLICATION_STARTING","port":"3000","serverUrl":"http://localhost:3000","service":"urbango-api","timestamp":"2025-12-25 16:00:33"}
{"level":"info","message":"DATABASE_CONNECTED","service":"urbango-api","status":"connected","timestamp":"2025-12-25 16:00:33","url":"mongodb://localhost:27017/urbango"}
{"environment":"development","level":"info","message":"APPLICATION_STARTED","port":"3000","serverUrl":"http://localhost:3000","service":"urbango-api","status":"running","timestamp":"2025-12-25 16:00:33"}
{"environment":"development","level":"info","message":"APPLICATION_STARTING","port":"3000","serverUrl":"http://localhost:3000","service":"urbango-api","timestamp":"2025-12-25 16:00:34"}
{"level":"info","message":"DATABASE_CONNECTED","service":"urbango-api","status":"connected","timestamp":"2025-12-25 16:00:34","url":"mongodb://localhost:27017/urbango"}
{"environment":"development","level":"info","message":"APPLICATION_STARTED","port":"3000","serverUrl":"http://localhost:3000","service":"urbango-api","status":"running","timestamp":"2025-12-25 16:00:34"}
{"environment":"development","level":"info","message":"APPLICATION_STARTING","port":"3000","serverUrl":"http://localhost:3000","service":"urbango-api","timestamp":"2025-12-25 16:00:37"}
{"level":"info","message":"DATABASE_CONNECTED","service":"urbango-api","status":"connected","timestamp":"2025-12-25 16:00:37","url":"mongodb://localhost:27017/urbango"}
{"environment":"development","level":"info","message":"APPLICATION_STARTED","port":"3000","serverUrl":"http://localhost:3000","service":"urbango-api","status":"running","timestamp":"2025-12-25 16:00:37"}
{"environment":"development","level":"info","message":"APPLICATION_STARTING","port":"3000","serverUrl":"http://localhost:3000","service":"urbango-api","timestamp":"2025-12-25 16:00:39"}
{"level":"info","message":"DATABASE_CONNECTED","service":"urbango-api","status":"connected","timestamp":"2025-12-25 16:00:39","url":"mongodb://localhost:27017/urbango"}
{"environment":"development","level":"info","message":"APPLICATION_STARTED","port":"3000","serverUrl":"http://localhost:3000","service":"urbango-api","status":"running","timestamp":"2025-12-25 16:00:39"}
{"environment":"development","level":"info","message":"APPLICATION_STARTING","port":"3000","serverUrl":"http://localhost:3000","service":"urbango-api","timestamp":"2025-12-25 16:00:41"}
{"level":"info","message":"DATABASE_CONNECTED","service":"urbango-api","status":"connected","timestamp":"2025-12-25 16:00:41","url":"mongodb://localhost:27017/urbango"}
{"environment":"development","level":"info","message":"APPLICATION_STARTED","port":"3000","serverUrl":"http://localhost:3000","service":"urbango-api","status":"running","timestamp":"2025-12-25 16:00:41"}
{"environment":"development","level":"info","message":"APPLICATION_STARTING","port":"3000","serverUrl":"http://localhost:3000","service":"urbango-api","timestamp":"2025-12-25 16:00:55"}
{"level":"info","message":"DATABASE_CONNECTED","service":"urbango-api","status":"connected","timestamp":"2025-12-25 16:00:55","url":"mongodb://localhost:27017/urbango"}
{"environment":"development","level":"info","message":"APPLICATION_STARTED","port":"3000","serverUrl":"http://localhost:3000","service":"urbango-api","status":"running","timestamp":"2025-12-25 16:00:55"}
{"environment":"development","level":"info","message":"APPLICATION_STARTING","port":"3000","serverUrl":"http://localhost:3000","service":"urbango-api","timestamp":"2025-12-25 16:00:56"}
{"level":"info","message":"DATABASE_CONNECTED","service":"urbango-api","status":"connected","timestamp":"2025-12-25 16:00:56","url":"mongodb://localhost:27017/urbango"}
{"environment":"development","level":"info","message":"APPLICATION_STARTED","port":"3000","serverUrl":"http://localhost:3000","service":"urbango-api","status":"running","timestamp":"2025-12-25 16:00:56"}
{"environment":"development","level":"info","message":"APPLICATION_STARTING","port":"3000","serverUrl":"http://localhost:3000","service":"urbango-api","timestamp":"2025-12-25 16:03:00"}
{"level":"info","message":"DATABASE_CONNECTED","service":"urbango-api","status":"connected","timestamp":"2025-12-25 16:03:00","url":"mongodb://localhost:27017/urbango"}
{"environment":"development","level":"info","message":"APPLICATION_STARTED","port":"3000","serverUrl":"http://localhost:3000","service":"urbango-api","status":"running","timestamp":"2025-12-25 16:03:00"}
{"environment":"development","level":"info","message":"APPLICATION_STARTING","port":"3000","serverUrl":"http://localhost:3000","service":"urbango-api","timestamp":"2025-12-25 16:03:29"}
{"level":"info","message":"DATABASE_CONNECTED","service":"urbango-api","status":"connected","timestamp":"2025-12-25 16:03:29","url":"mongodb://localhost:27017/urbango"}
{"environment":"development","level":"info","message":"APPLICATION_STARTED","port":"3000","serverUrl":"http://localhost:3000","service":"urbango-api","status":"running","timestamp":"2025-12-25 16:03:29"}
{"environment":"development","level":"info","message":"APPLICATION_STARTING","port":"3000","serverUrl":"http://localhost:3000","service":"urbango-api","timestamp":"2025-12-25 16:05:04"}
{"level":"info","message":"DATABASE_CONNECTED","service":"urbango-api","status":"connected","timestamp":"2025-12-25 16:05:04","url":"mongodb://localhost:27017/urbango"}
{"environment":"development","level":"info","message":"APPLICATION_STARTED","port":"3000","serverUrl":"http://localhost:3000","service":"urbango-api","status":"running","timestamp":"2025-12-25 16:05:04"}
{"environment":"development","level":"info","message":"APPLICATION_STARTING","port":"3000","serverUrl":"http://localhost:3000","service":"urbango-api","timestamp":"2025-12-25 16:05:15"}
{"level":"info","message":"DATABASE_CONNECTED","service":"urbango-api","status":"connected","timestamp":"2025-12-25 16:05:15","url":"mongodb://localhost:27017/urbango"}
{"environment":"development","level":"info","message":"APPLICATION_STARTED","port":"3000","serverUrl":"http://localhost:3000","service":"urbango-api","status":"running","timestamp":"2025-12-25 16:05:15"}
{"environment":"development","level":"info","message":"APPLICATION_STARTING","port":"3000","serverUrl":"http://localhost:3000","service":"urbango-api","timestamp":"2025-12-25 16:05:21"}
{"level":"info","message":"DATABASE_CONNECTED","service":"urbango-api","status":"connected","timestamp":"2025-12-25 16:05:21","url":"mongodb://localhost:27017/urbango"}
{"environment":"development","level":"info","message":"APPLICATION_STARTED","port":"3000","serverUrl":"http://localhost:3000","service":"urbango-api","status":"running","timestamp":"2025-12-25 16:05:21"}
{"environment":"development","level":"info","message":"APPLICATION_STARTING","port":"3000","serverUrl":"http://localhost:3000","service":"urbango-api","timestamp":"2025-12-25 16:05:28"}
{"level":"info","message":"DATABASE_CONNECTED","service":"urbango-api","status":"connected","timestamp":"2025-12-25 16:05:28","url":"mongodb://localhost:27017/urbango"}
{"environment":"development","level":"info","message":"APPLICATION_STARTED","port":"3000","serverUrl":"http://localhost:3000","service":"urbango-api","status":"running","timestamp":"2025-12-25 16:05:28"}
{"environment":"development","level":"info","message":"APPLICATION_STARTING","port":"3000","serverUrl":"http://localhost:3000","service":"urbango-api","timestamp":"2025-12-25 16:08:31"}
{"level":"info","message":"DATABASE_CONNECTED","service":"urbango-api","status":"connected","timestamp":"2025-12-25 16:08:31","url":"mongodb://localhost:27017/urbango"}
{"environment":"development","level":"info","message":"APPLICATION_STARTED","port":"3000","serverUrl":"http://localhost:3000","service":"urbango-api","status":"running","timestamp":"2025-12-25 16:08:31"}
{"environment":"development","level":"info","message":"APPLICATION_STARTING","port":"3000","serverUrl":"http://localhost:3000","service":"urbango-api","timestamp":"2025-12-27 12:38:30"}
{"level":"info","message":"DATABASE_CONNECTED","service":"urbango-api","status":"connected","timestamp":"2025-12-27 12:38:31","url":"mongodb://localhost:27017/urbango"}
{"environment":"development","level":"info","message":"APPLICATION_STARTED","port":"3000","serverUrl":"http://localhost:3000","service":"urbango-api","status":"running","timestamp":"2025-12-27 12:38:31"}
{"ip":"::1","level":"warn","message":"CLIENT_ERROR_404 Route /api/v1/permission/get/694bfc241c092eba2b934729 not found","method":"PUT","originalError":"Error","requestBody":{"key":"PERMISSIONS:MANAGEs"},"service":"urbango-api","stack":"Error: Route /api/v1/permission/get/694bfc241c092eba2b934729 not found\n    at D:\\03_Projects\\Backend\\Movon\\src\\app.js:31:17\n    at Layer.handleRequest (D:\\03_Projects\\Backend\\Movon\\node_modules\\router\\lib\\layer.js:152:17)\n    at trimPrefix (D:\\03_Projects\\Backend\\Movon\\node_modules\\router\\index.js:342:13)\n    at D:\\03_Projects\\Backend\\Movon\\node_modules\\router\\index.js:297:9\n    at processParams (D:\\03_Projects\\Backend\\Movon\\node_modules\\router\\index.js:582:12)\n    at next (D:\\03_Projects\\Backend\\Movon\\node_modules\\router\\index.js:291:5)\n    at D:\\03_Projects\\Backend\\Movon\\node_modules\\router\\index.js:688:15\n    at next (D:\\03_Projects\\Backend\\Movon\\node_modules\\router\\index.js:276:14)\n    at Function.handle (D:\\03_Projects\\Backend\\Movon\\node_modules\\router\\index.js:186:3)\n    at router (D:\\03_Projects\\Backend\\Movon\\node_modules\\router\\index.js:60:12)","statusCode":404,"timestamp":"2025-12-27 12:40:19","url":"/api/v1/permission/get/694bfc241c092eba2b934729","userAgent":"PostmanRuntime/7.51.0","userId":"anonymous"}
{"environment":"development","level":"info","message":"APPLICATION_STARTING","port":"3000","serverUrl":"http://localhost:3000","service":"urbango-api","timestamp":"2025-12-27 12:43:35"}
{"level":"info","message":"DATABASE_CONNECTED","service":"urbango-api","status":"connected","timestamp":"2025-12-27 12:43:35","url":"mongodb://localhost:27017/urbango"}
{"environment":"development","level":"info","message":"APPLICATION_STARTED","port":"3000","serverUrl":"http://localhost:3000","service":"urbango-api","status":"running","timestamp":"2025-12-27 12:43:35"}
{"environment":"development","level":"info","message":"APPLICATION_STARTING","port":"3000","serverUrl":"http://localhost:3000","service":"urbango-api","timestamp":"2025-12-27 12:43:46"}
{"level":"info","message":"DATABASE_CONNECTED","service":"urbango-api","status":"connected","timestamp":"2025-12-27 12:43:46","url":"mongodb://localhost:27017/urbango"}
{"environment":"development","level":"info","message":"APPLICATION_STARTED","port":"3000","serverUrl":"http://localhost:3000","service":"urbango-api","status":"running","timestamp":"2025-12-27 12:43:46"}
{"environment":"development","level":"info","message":"APPLICATION_STARTING","port":"3000","serverUrl":"http://localhost:3000","service":"urbango-api","timestamp":"2025-12-27 12:44:44"}
{"level":"info","message":"DATABASE_CONNECTED","service":"urbango-api","status":"connected","timestamp":"2025-12-27 12:44:44","url":"mongodb://localhost:27017/urbango"}
{"environment":"development","level":"info","message":"APPLICATION_STARTED","port":"3000","serverUrl":"http://localhost:3000","service":"urbango-api","status":"running","timestamp":"2025-12-27 12:44:44"}
{"environment":"development","level":"info","message":"APPLICATION_STARTING","port":"3000","serverUrl":"http://localhost:3000","service":"urbango-api","timestamp":"2025-12-27 12:44:45"}
{"level":"info","message":"DATABASE_CONNECTED","service":"urbango-api","status":"connected","timestamp":"2025-12-27 12:44:45","url":"mongodb://localhost:27017/urbango"}
{"environment":"development","level":"info","message":"APPLICATION_STARTED","port":"3000","serverUrl":"http://localhost:3000","service":"urbango-api","status":"running","timestamp":"2025-12-27 12:44:45"}
{"environment":"development","level":"info","message":"APPLICATION_STARTING","port":"3000","serverUrl":"http://localhost:3000","service":"urbango-api","timestamp":"2025-12-27 12:45:23"}
{"level":"info","message":"DATABASE_CONNECTED","service":"urbango-api","status":"connected","timestamp":"2025-12-27 12:45:23","url":"mongodb://localhost:27017/urbango"}
{"environment":"development","level":"info","message":"APPLICATION_STARTED","port":"3000","serverUrl":"http://localhost:3000","service":"urbango-api","status":"running","timestamp":"2025-12-27 12:45:23"}
{"environment":"development","level":"info","message":"APPLICATION_STARTING","port":"3000","serverUrl":"http://localhost:3000","service":"urbango-api","timestamp":"2025-12-27 12:45:33"}
{"level":"info","message":"DATABASE_CONNECTED","service":"urbango-api","status":"connected","timestamp":"2025-12-27 12:45:33","url":"mongodb://localhost:27017/urbango"}
{"environment":"development","level":"info","message":"APPLICATION_STARTED","port":"3000","serverUrl":"http://localhost:3000","service":"urbango-api","status":"running","timestamp":"2025-12-27 12:45:33"}
{"environment":"development","level":"info","message":"APPLICATION_STARTING","port":"3000","serverUrl":"http://localhost:3000","service":"urbango-api","timestamp":"2025-12-27 12:49:26"}
{"level":"info","message":"DATABASE_CONNECTED","service":"urbango-api","status":"connected","timestamp":"2025-12-27 12:49:26","url":"mongodb://localhost:27017/urbango"}
{"environment":"development","level":"info","message":"APPLICATION_STARTED","port":"3000","serverUrl":"http://localhost:3000","service":"urbango-api","status":"running","timestamp":"2025-12-27 12:49:26"}
{"environment":"development","level":"info","message":"APPLICATION_STARTING","port":"3000","serverUrl":"http://localhost:3000","service":"urbango-api","timestamp":"2025-12-27 12:49:28"}
{"level":"info","message":"DATABASE_CONNECTED","service":"urbango-api","status":"connected","timestamp":"2025-12-27 12:49:28","url":"mongodb://localhost:27017/urbango"}
{"environment":"development","level":"info","message":"APPLICATION_STARTED","port":"3000","serverUrl":"http://localhost:3000","service":"urbango-api","status":"running","timestamp":"2025-12-27 12:49:28"}
{"environment":"development","level":"info","message":"APPLICATION_STARTING","port":"3000","serverUrl":"http://localhost:3000","service":"urbango-api","timestamp":"2025-12-27 12:49:34"}
{"level":"info","message":"DATABASE_CONNECTED","service":"urbango-api","status":"connected","timestamp":"2025-12-27 12:49:34","url":"mongodb://localhost:27017/urbango"}
{"environment":"development","level":"info","message":"APPLICATION_STARTED","port":"3000","serverUrl":"http://localhost:3000","service":"urbango-api","status":"running","timestamp":"2025-12-27 12:49:34"}
{"environment":"development","level":"info","message":"APPLICATION_STARTING","port":"3000","serverUrl":"http://localhost:3000","service":"urbango-api","timestamp":"2025-12-27 12:49:35"}
{"level":"info","message":"DATABASE_CONNECTED","service":"urbango-api","status":"connected","timestamp":"2025-12-27 12:49:35","url":"mongodb://localhost:27017/urbango"}
{"environment":"development","level":"info","message":"APPLICATION_STARTED","port":"3000","serverUrl":"http://localhost:3000","service":"urbango-api","status":"running","timestamp":"2025-12-27 12:49:35"}
{"environment":"development","level":"info","message":"APPLICATION_STARTING","port":"3000","serverUrl":"http://localhost:3000","service":"urbango-api","timestamp":"2025-12-27 12:49:42"}
{"level":"info","message":"DATABASE_CONNECTED","service":"urbango-api","status":"connected","timestamp":"2025-12-27 12:49:42","url":"mongodb://localhost:27017/urbango"}
{"environment":"development","level":"info","message":"APPLICATION_STARTED","port":"3000","serverUrl":"http://localhost:3000","service":"urbango-api","status":"running","timestamp":"2025-12-27 12:49:42"}
{"environment":"development","level":"info","message":"APPLICATION_STARTING","port":"3000","serverUrl":"http://localhost:3000","service":"urbango-api","timestamp":"2025-12-27 12:49:45"}
{"level":"info","message":"DATABASE_CONNECTED","service":"urbango-api","status":"connected","timestamp":"2025-12-27 12:49:45","url":"mongodb://localhost:27017/urbango"}
{"environment":"development","level":"info","message":"APPLICATION_STARTED","port":"3000","serverUrl":"http://localhost:3000","service":"urbango-api","status":"running","timestamp":"2025-12-27 12:49:45"}
{"environment":"development","level":"info","message":"APPLICATION_STARTING","port":"3000","serverUrl":"http://localhost:3000","service":"urbango-api","timestamp":"2025-12-27 12:51:41"}
{"level":"info","message":"DATABASE_CONNECTED","service":"urbango-api","status":"connected","timestamp":"2025-12-27 12:51:41","url":"mongodb://localhost:27017/urbango"}
{"environment":"development","level":"info","message":"APPLICATION_STARTED","port":"3000","serverUrl":"http://localhost:3000","service":"urbango-api","status":"running","timestamp":"2025-12-27 12:51:41"}
{"environment":"development","level":"info","message":"APPLICATION_STARTING","port":"3000","serverUrl":"http://localhost:3000","service":"urbango-api","timestamp":"2025-12-27 13:06:54"}
{"level":"info","message":"DATABASE_CONNECTED","service":"urbango-api","status":"connected","timestamp":"2025-12-27 13:06:54","url":"mongodb://localhost:27017/urbango"}
{"environment":"development","level":"info","message":"APPLICATION_STARTED","port":"3000","serverUrl":"http://localhost:3000","service":"urbango-api","status":"running","timestamp":"2025-12-27 13:06:54"}
{"environment":"development","level":"info","message":"APPLICATION_STARTING","port":"3000","serverUrl":"http://localhost:3000","service":"urbango-api","timestamp":"2025-12-27 13:07:04"}
{"level":"info","message":"DATABASE_CONNECTED","service":"urbango-api","status":"connected","timestamp":"2025-12-27 13:07:04","url":"mongodb://localhost:27017/urbango"}
{"environment":"development","level":"info","message":"APPLICATION_STARTED","port":"3000","serverUrl":"http://localhost:3000","service":"urbango-api","status":"running","timestamp":"2025-12-27 13:07:04"}
{"environment":"development","level":"info","message":"APPLICATION_STARTING","port":"3000","serverUrl":"http://localhost:3000","service":"urbango-api","timestamp":"2025-12-27 13:07:07"}
{"level":"info","message":"DATABASE_CONNECTED","service":"urbango-api","status":"connected","timestamp":"2025-12-27 13:07:07","url":"mongodb://localhost:27017/urbango"}
{"environment":"development","level":"info","message":"APPLICATION_STARTED","port":"3000","serverUrl":"http://localhost:3000","service":"urbango-api","status":"running","timestamp":"2025-12-27 13:07:07"}
{"environment":"development","level":"info","message":"APPLICATION_STARTING","port":"3000","serverUrl":"http://localhost:3000","service":"urbango-api","timestamp":"2025-12-27 13:07:09"}
{"level":"info","message":"DATABASE_CONNECTED","service":"urbango-api","status":"connected","timestamp":"2025-12-27 13:07:09","url":"mongodb://localhost:27017/urbango"}
{"environment":"development","level":"info","message":"APPLICATION_STARTED","port":"3000","serverUrl":"http://localhost:3000","service":"urbango-api","status":"running","timestamp":"2025-12-27 13:07:09"}
{"environment":"development","level":"info","message":"APPLICATION_STARTING","port":"3000","serverUrl":"http://localhost:3000","service":"urbango-api","timestamp":"2025-12-27 13:09:04"}
{"level":"info","message":"DATABASE_CONNECTED","service":"urbango-api","status":"connected","timestamp":"2025-12-27 13:09:04","url":"mongodb://localhost:27017/urbango"}
{"environment":"development","level":"info","message":"APPLICATION_STARTED","port":"3000","serverUrl":"http://localhost:3000","service":"urbango-api","status":"running","timestamp":"2025-12-27 13:09:04"}
{"environment":"development","level":"info","message":"APPLICATION_STARTING","port":"3000","serverUrl":"http://localhost:3000","service":"urbango-api","timestamp":"2025-12-27 13:09:06"}
{"level":"info","message":"DATABASE_CONNECTED","service":"urbango-api","status":"connected","timestamp":"2025-12-27 13:09:06","url":"mongodb://localhost:27017/urbango"}
{"environment":"development","level":"info","message":"APPLICATION_STARTED","port":"3000","serverUrl":"http://localhost:3000","service":"urbango-api","status":"running","timestamp":"2025-12-27 13:09:06"}
{"environment":"development","level":"info","message":"APPLICATION_STARTING","port":"3000","serverUrl":"http://localhost:3000","service":"urbango-api","timestamp":"2025-12-27 13:11:38"}
{"level":"info","message":"DATABASE_CONNECTED","service":"urbango-api","status":"connected","timestamp":"2025-12-27 13:11:38","url":"mongodb://localhost:27017/urbango"}
{"environment":"development","level":"info","message":"APPLICATION_STARTED","port":"3000","serverUrl":"http://localhost:3000","service":"urbango-api","status":"running","timestamp":"2025-12-27 13:11:38"}
{"environment":"development","level":"info","message":"APPLICATION_STARTING","port":"3000","serverUrl":"http://localhost:3000","service":"urbango-api","timestamp":"2025-12-27 13:11:42"}
{"level":"info","message":"DATABASE_CONNECTED","service":"urbango-api","status":"connected","timestamp":"2025-12-27 13:11:42","url":"mongodb://localhost:27017/urbango"}
{"environment":"development","level":"info","message":"APPLICATION_STARTED","port":"3000","serverUrl":"http://localhost:3000","service":"urbango-api","status":"running","timestamp":"2025-12-27 13:11:42"}
{"environment":"development","level":"info","message":"APPLICATION_STARTING","port":"3000","serverUrl":"http://localhost:3000","service":"urbango-api","timestamp":"2025-12-27 13:11:44"}
{"level":"info","message":"DATABASE_CONNECTED","service":"urbango-api","status":"connected","timestamp":"2025-12-27 13:11:44","url":"mongodb://localhost:27017/urbango"}
{"environment":"development","level":"info","message":"APPLICATION_STARTED","port":"3000","serverUrl":"http://localhost:3000","service":"urbango-api","status":"running","timestamp":"2025-12-27 13:11:44"}
{"environment":"development","level":"info","message":"APPLICATION_STARTING","port":"3000","serverUrl":"http://localhost:3000","service":"urbango-api","timestamp":"2025-12-27 13:11:46"}
{"level":"info","message":"DATABASE_CONNECTED","service":"urbango-api","status":"connected","timestamp":"2025-12-27 13:11:46","url":"mongodb://localhost:27017/urbango"}
{"environment":"development","level":"info","message":"APPLICATION_STARTED","port":"3000","serverUrl":"http://localhost:3000","service":"urbango-api","status":"running","timestamp":"2025-12-27 13:11:46"}
{"environment":"development","level":"info","message":"APPLICATION_STARTING","port":"3000","serverUrl":"http://localhost:3000","service":"urbango-api","timestamp":"2025-12-27 13:11:53"}
{"level":"info","message":"DATABASE_CONNECTED","service":"urbango-api","status":"connected","timestamp":"2025-12-27 13:11:53","url":"mongodb://localhost:27017/urbango"}
{"environment":"development","level":"info","message":"APPLICATION_STARTED","port":"3000","serverUrl":"http://localhost:3000","service":"urbango-api","status":"running","timestamp":"2025-12-27 13:11:53"}
{"environment":"development","level":"info","message":"APPLICATION_STARTING","port":"3000","serverUrl":"http://localhost:3000","service":"urbango-api","timestamp":"2025-12-27 13:12:00"}
{"level":"info","message":"DATABASE_CONNECTED","service":"urbango-api","status":"connected","timestamp":"2025-12-27 13:12:00","url":"mongodb://localhost:27017/urbango"}
{"environment":"development","level":"info","message":"APPLICATION_STARTED","port":"3000","serverUrl":"http://localhost:3000","service":"urbango-api","status":"running","timestamp":"2025-12-27 13:12:00"}
{"environment":"development","level":"info","message":"APPLICATION_STARTING","port":"3000","serverUrl":"http://localhost:3000","service":"urbango-api","timestamp":"2025-12-27 13:12:03"}
{"level":"info","message":"DATABASE_CONNECTED","service":"urbango-api","status":"connected","timestamp":"2025-12-27 13:12:04","url":"mongodb://localhost:27017/urbango"}
{"environment":"development","level":"info","message":"APPLICATION_STARTED","port":"3000","serverUrl":"http://localhost:3000","service":"urbango-api","status":"running","timestamp":"2025-12-27 13:12:04"}
{"environment":"development","level":"info","message":"APPLICATION_STARTING","port":"3000","serverUrl":"http://localhost:3000","service":"urbango-api","timestamp":"2025-12-27 13:12:08"}
{"level":"info","message":"DATABASE_CONNECTED","service":"urbango-api","status":"connected","timestamp":"2025-12-27 13:12:08","url":"mongodb://localhost:27017/urbango"}
{"environment":"development","level":"info","message":"APPLICATION_STARTED","port":"3000","serverUrl":"http://localhost:3000","service":"urbango-api","status":"running","timestamp":"2025-12-27 13:12:08"}
{"environment":"development","level":"info","message":"APPLICATION_STARTING","port":"3000","serverUrl":"http://localhost:3000","service":"urbango-api","timestamp":"2025-12-27 13:12:19"}
{"level":"info","message":"DATABASE_CONNECTED","service":"urbango-api","status":"connected","timestamp":"2025-12-27 13:12:19","url":"mongodb://localhost:27017/urbango"}
{"environment":"development","level":"info","message":"APPLICATION_STARTED","port":"3000","serverUrl":"http://localhost:3000","service":"urbango-api","status":"running","timestamp":"2025-12-27 13:12:19"}
{"environment":"development","level":"info","message":"APPLICATION_STARTING","port":"3000","serverUrl":"http://localhost:3000","service":"urbango-api","timestamp":"2025-12-27 13:12:27"}
{"level":"info","message":"DATABASE_CONNECTED","service":"urbango-api","status":"connected","timestamp":"2025-12-27 13:12:27","url":"mongodb://localhost:27017/urbango"}
{"environment":"development","level":"info","message":"APPLICATION_STARTED","port":"3000","serverUrl":"http://localhost:3000","service":"urbango-api","status":"running","timestamp":"2025-12-27 13:12:27"}
{"environment":"development","level":"info","message":"APPLICATION_STARTING","port":"3000","serverUrl":"http://localhost:3000","service":"urbango-api","timestamp":"2025-12-27 13:12:29"}
{"level":"info","message":"DATABASE_CONNECTED","service":"urbango-api","status":"connected","timestamp":"2025-12-27 13:12:29","url":"mongodb://localhost:27017/urbango"}
{"environment":"development","level":"info","message":"APPLICATION_STARTED","port":"3000","serverUrl":"http://localhost:3000","service":"urbango-api","status":"running","timestamp":"2025-12-27 13:12:29"}
{"environment":"development","level":"info","message":"APPLICATION_STARTING","port":"3000","serverUrl":"http://localhost:3000","service":"urbango-api","timestamp":"2025-12-27 13:12:35"}
{"level":"info","message":"DATABASE_CONNECTED","service":"urbango-api","status":"connected","timestamp":"2025-12-27 13:12:35","url":"mongodb://localhost:27017/urbango"}
{"environment":"development","level":"info","message":"APPLICATION_STARTED","port":"3000","serverUrl":"http://localhost:3000","service":"urbango-api","status":"running","timestamp":"2025-12-27 13:12:35"}
{"environment":"development","level":"info","message":"APPLICATION_STARTING","port":"3000","serverUrl":"http://localhost:3000","service":"urbango-api","timestamp":"2025-12-27 13:12:41"}
{"level":"info","message":"DATABASE_CONNECTED","service":"urbango-api","status":"connected","timestamp":"2025-12-27 13:12:42","url":"mongodb://localhost:27017/urbango"}
{"environment":"development","level":"info","message":"APPLICATION_STARTED","port":"3000","serverUrl":"http://localhost:3000","service":"urbango-api","status":"running","timestamp":"2025-12-27 13:12:42"}
{"environment":"development","level":"info","message":"APPLICATION_STARTING","port":"3000","serverUrl":"http://localhost:3000","service":"urbango-api","timestamp":"2025-12-27 13:12:51"}
{"level":"info","message":"DATABASE_CONNECTED","service":"urbango-api","status":"connected","timestamp":"2025-12-27 13:12:51","url":"mongodb://localhost:27017/urbango"}
{"environment":"development","level":"info","message":"APPLICATION_STARTED","port":"3000","serverUrl":"http://localhost:3000","service":"urbango-api","status":"running","timestamp":"2025-12-27 13:12:51"}
{"environment":"development","level":"info","message":"APPLICATION_STARTING","port":"3000","serverUrl":"http://localhost:3000","service":"urbango-api","timestamp":"2025-12-27 13:12:52"}
{"level":"info","message":"DATABASE_CONNECTED","service":"urbango-api","status":"connected","timestamp":"2025-12-27 13:12:53","url":"mongodb://localhost:27017/urbango"}
{"environment":"development","level":"info","message":"APPLICATION_STARTED","port":"3000","serverUrl":"http://localhost:3000","service":"urbango-api","status":"running","timestamp":"2025-12-27 13:12:53"}
{"environment":"development","level":"info","message":"APPLICATION_STARTING","port":"3000","serverUrl":"http://localhost:3000","service":"urbango-api","timestamp":"2025-12-27 13:12:56"}
{"level":"info","message":"DATABASE_CONNECTED","service":"urbango-api","status":"connected","timestamp":"2025-12-27 13:12:56","url":"mongodb://localhost:27017/urbango"}
{"environment":"development","level":"info","message":"APPLICATION_STARTED","port":"3000","serverUrl":"http://localhost:3000","service":"urbango-api","status":"running","timestamp":"2025-12-27 13:12:56"}
{"environment":"development","level":"info","message":"APPLICATION_STARTING","port":"3000","serverUrl":"http://localhost:3000","service":"urbango-api","timestamp":"2025-12-27 13:12:57"}
{"level":"info","message":"DATABASE_CONNECTED","service":"urbango-api","status":"connected","timestamp":"2025-12-27 13:12:57","url":"mongodb://localhost:27017/urbango"}
{"environment":"development","level":"info","message":"APPLICATION_STARTED","port":"3000","serverUrl":"http://localhost:3000","service":"urbango-api","status":"running","timestamp":"2025-12-27 13:12:57"}
{"environment":"development","level":"info","message":"APPLICATION_STARTING","port":"3000","serverUrl":"http://localhost:3000","service":"urbango-api","timestamp":"2025-12-27 13:13:01"}
{"level":"info","message":"DATABASE_CONNECTED","service":"urbango-api","status":"connected","timestamp":"2025-12-27 13:13:01","url":"mongodb://localhost:27017/urbango"}
{"environment":"development","level":"info","message":"APPLICATION_STARTED","port":"3000","serverUrl":"http://localhost:3000","service":"urbango-api","status":"running","timestamp":"2025-12-27 13:13:01"}
{"environment":"development","level":"info","message":"APPLICATION_STARTING","port":"3000","serverUrl":"http://localhost:3000","service":"urbango-api","timestamp":"2025-12-27 13:13:12"}
{"level":"info","message":"DATABASE_CONNECTED","service":"urbango-api","status":"connected","timestamp":"2025-12-27 13:13:12","url":"mongodb://localhost:27017/urbango"}
{"environment":"development","level":"info","message":"APPLICATION_STARTED","port":"3000","serverUrl":"http://localhost:3000","service":"urbango-api","status":"running","timestamp":"2025-12-27 13:13:12"}
{"environment":"development","level":"info","message":"APPLICATION_STARTING","port":"3000","serverUrl":"http://localhost:3000","service":"urbango-api","timestamp":"2025-12-27 13:13:18"}
{"level":"info","message":"DATABASE_CONNECTED","service":"urbango-api","status":"connected","timestamp":"2025-12-27 13:13:18","url":"mongodb://localhost:27017/urbango"}
{"environment":"development","level":"info","message":"APPLICATION_STARTED","port":"3000","serverUrl":"http://localhost:3000","service":"urbango-api","status":"running","timestamp":"2025-12-27 13:13:18"}
{"environment":"development","level":"info","message":"APPLICATION_STARTING","port":"3000","serverUrl":"http://localhost:3000","service":"urbango-api","timestamp":"2025-12-27 13:13:36"}
{"level":"info","message":"DATABASE_CONNECTED","service":"urbango-api","status":"connected","timestamp":"2025-12-27 13:13:36","url":"mongodb://localhost:27017/urbango"}
{"environment":"development","level":"info","message":"APPLICATION_STARTED","port":"3000","serverUrl":"http://localhost:3000","service":"urbango-api","status":"running","timestamp":"2025-12-27 13:13:36"}
{"environment":"development","level":"info","message":"APPLICATION_STARTING","port":"3000","serverUrl":"http://localhost:3000","service":"urbango-api","timestamp":"2025-12-27 13:13:41"}
{"level":"info","message":"DATABASE_CONNECTED","service":"urbango-api","status":"connected","timestamp":"2025-12-27 13:13:41","url":"mongodb://localhost:27017/urbango"}
{"environment":"development","level":"info","message":"APPLICATION_STARTED","port":"3000","serverUrl":"http://localhost:3000","service":"urbango-api","status":"running","timestamp":"2025-12-27 13:13:41"}
{"environment":"development","level":"info","message":"APPLICATION_STARTING","port":"3000","serverUrl":"http://localhost:3000","service":"urbango-api","timestamp":"2025-12-27 13:13:42"}
{"level":"info","message":"DATABASE_CONNECTED","service":"urbango-api","status":"connected","timestamp":"2025-12-27 13:13:43","url":"mongodb://localhost:27017/urbango"}
{"environment":"development","level":"info","message":"APPLICATION_STARTED","port":"3000","serverUrl":"http://localhost:3000","service":"urbango-api","status":"running","timestamp":"2025-12-27 13:13:43"}
{"environment":"development","level":"info","message":"APPLICATION_STARTING","port":"3000","serverUrl":"http://localhost:3000","service":"urbango-api","timestamp":"2025-12-27 13:13:57"}
{"level":"info","message":"DATABASE_CONNECTED","service":"urbango-api","status":"connected","timestamp":"2025-12-27 13:13:57","url":"mongodb://localhost:27017/urbango"}
{"environment":"development","level":"info","message":"APPLICATION_STARTED","port":"3000","serverUrl":"http://localhost:3000","service":"urbango-api","status":"running","timestamp":"2025-12-27 13:13:57"}
{"environment":"development","level":"info","message":"APPLICATION_STARTING","port":"3000","serverUrl":"http://localhost:3000","service":"urbango-api","timestamp":"2025-12-27 13:14:04"}
{"level":"info","message":"DATABASE_CONNECTED","service":"urbango-api","status":"connected","timestamp":"2025-12-27 13:14:04","url":"mongodb://localhost:27017/urbango"}
{"environment":"development","level":"info","message":"APPLICATION_STARTED","port":"3000","serverUrl":"http://localhost:3000","service":"urbango-api","status":"running","timestamp":"2025-12-27 13:14:04"}
{"environment":"development","level":"info","message":"APPLICATION_STARTING","port":"3000","serverUrl":"http://localhost:3000","service":"urbango-api","timestamp":"2025-12-27 13:14:05"}
{"level":"info","message":"DATABASE_CONNECTED","service":"urbango-api","status":"connected","timestamp":"2025-12-27 13:14:05","url":"mongodb://localhost:27017/urbango"}
{"environment":"development","level":"info","message":"APPLICATION_STARTED","port":"3000","serverUrl":"http://localhost:3000","service":"urbango-api","status":"running","timestamp":"2025-12-27 13:14:05"}
{"environment":"development","level":"info","message":"APPLICATION_STARTING","port":"3000","serverUrl":"http://localhost:3000","service":"urbango-api","timestamp":"2025-12-27 13:14:11"}
{"level":"info","message":"DATABASE_CONNECTED","service":"urbango-api","status":"connected","timestamp":"2025-12-27 13:14:11","url":"mongodb://localhost:27017/urbango"}
{"environment":"development","level":"info","message":"APPLICATION_STARTED","port":"3000","serverUrl":"http://localhost:3000","service":"urbango-api","status":"running","timestamp":"2025-12-27 13:14:11"}
{"environment":"development","level":"info","message":"APPLICATION_STARTING","port":"3000","serverUrl":"http://localhost:3000","service":"urbango-api","timestamp":"2025-12-27 13:14:13"}
{"level":"info","message":"DATABASE_CONNECTED","service":"urbango-api","status":"connected","timestamp":"2025-12-27 13:14:14","url":"mongodb://localhost:27017/urbango"}
{"environment":"development","level":"info","message":"APPLICATION_STARTED","port":"3000","serverUrl":"http://localhost:3000","service":"urbango-api","status":"running","timestamp":"2025-12-27 13:14:14"}
{"environment":"development","level":"info","message":"APPLICATION_STARTING","port":"3000","serverUrl":"http://localhost:3000","service":"urbango-api","timestamp":"2025-12-27 13:14:17"}
{"level":"info","message":"DATABASE_CONNECTED","service":"urbango-api","status":"connected","timestamp":"2025-12-27 13:14:17","url":"mongodb://localhost:27017/urbango"}
{"environment":"development","level":"info","message":"APPLICATION_STARTED","port":"3000","serverUrl":"http://localhost:3000","service":"urbango-api","status":"running","timestamp":"2025-12-27 13:14:17"}
{"environment":"development","level":"info","message":"APPLICATION_STARTING","port":"3000","serverUrl":"http://localhost:3000","service":"urbango-api","timestamp":"2025-12-27 13:14:21"}
{"level":"info","message":"DATABASE_CONNECTED","service":"urbango-api","status":"connected","timestamp":"2025-12-27 13:14:21","url":"mongodb://localhost:27017/urbango"}
{"environment":"development","level":"info","message":"APPLICATION_STARTED","port":"3000","serverUrl":"http://localhost:3000","service":"urbango-api","status":"running","timestamp":"2025-12-27 13:14:21"}
{"environment":"development","level":"info","message":"APPLICATION_STARTING","port":"3000","serverUrl":"http://localhost:3000","service":"urbango-api","timestamp":"2025-12-27 13:14:27"}
{"level":"info","message":"DATABASE_CONNECTED","service":"urbango-api","status":"connected","timestamp":"2025-12-27 13:14:27","url":"mongodb://localhost:27017/urbango"}
{"environment":"development","level":"info","message":"APPLICATION_STARTED","port":"3000","serverUrl":"http://localhost:3000","service":"urbango-api","status":"running","timestamp":"2025-12-27 13:14:27"}
{"environment":"development","level":"info","message":"APPLICATION_STARTING","port":"3000","serverUrl":"http://localhost:3000","service":"urbango-api","timestamp":"2025-12-27 13:14:39"}
{"level":"info","message":"DATABASE_CONNECTED","service":"urbango-api","status":"connected","timestamp":"2025-12-27 13:14:39","url":"mongodb://localhost:27017/urbango"}
{"environment":"development","level":"info","message":"APPLICATION_STARTED","port":"3000","serverUrl":"http://localhost:3000","service":"urbango-api","status":"running","timestamp":"2025-12-27 13:14:39"}
{"environment":"development","level":"info","message":"APPLICATION_STARTING","port":"3000","serverUrl":"http://localhost:3000","service":"urbango-api","timestamp":"2025-12-27 13:15:26"}
{"level":"info","message":"DATABASE_CONNECTED","service":"urbango-api","status":"connected","timestamp":"2025-12-27 13:15:26","url":"mongodb://localhost:27017/urbango"}
{"environment":"development","level":"info","message":"APPLICATION_STARTED","port":"3000","serverUrl":"http://localhost:3000","service":"urbango-api","status":"running","timestamp":"2025-12-27 13:15:26"}
{"environment":"development","level":"info","message":"APPLICATION_STARTING","port":"3000","serverUrl":"http://localhost:3000","service":"urbango-api","timestamp":"2025-12-27 13:15:32"}
{"level":"info","message":"DATABASE_CONNECTED","service":"urbango-api","status":"connected","timestamp":"2025-12-27 13:15:32","url":"mongodb://localhost:27017/urbango"}
{"environment":"development","level":"info","message":"APPLICATION_STARTED","port":"3000","serverUrl":"http://localhost:3000","service":"urbango-api","status":"running","timestamp":"2025-12-27 13:15:32"}
{"environment":"development","level":"info","message":"APPLICATION_STARTING","port":"3000","serverUrl":"http://localhost:3000","service":"urbango-api","timestamp":"2025-12-27 13:15:41"}
{"level":"info","message":"DATABASE_CONNECTED","service":"urbango-api","status":"connected","timestamp":"2025-12-27 13:15:41","url":"mongodb://localhost:27017/urbango"}
{"environment":"development","level":"info","message":"APPLICATION_STARTED","port":"3000","serverUrl":"http://localhost:3000","service":"urbango-api","status":"running","timestamp":"2025-12-27 13:15:41"}
{"environment":"development","level":"info","message":"APPLICATION_STARTING","port":"3000","serverUrl":"http://localhost:3000","service":"urbango-api","timestamp":"2025-12-27 13:15:54"}
{"level":"info","message":"DATABASE_CONNECTED","service":"urbango-api","status":"connected","timestamp":"2025-12-27 13:15:54","url":"mongodb://localhost:27017/urbango"}
{"environment":"development","level":"info","message":"APPLICATION_STARTED","port":"3000","serverUrl":"http://localhost:3000","service":"urbango-api","status":"running","timestamp":"2025-12-27 13:15:54"}
{"environment":"development","level":"info","message":"APPLICATION_STARTING","port":"3000","serverUrl":"http://localhost:3000","service":"urbango-api","timestamp":"2025-12-27 13:16:02"}
{"level":"info","message":"DATABASE_CONNECTED","service":"urbango-api","status":"connected","timestamp":"2025-12-27 13:16:02","url":"mongodb://localhost:27017/urbango"}
{"environment":"development","level":"info","message":"APPLICATION_STARTED","port":"3000","serverUrl":"http://localhost:3000","service":"urbango-api","status":"running","timestamp":"2025-12-27 13:16:02"}
{"environment":"development","level":"info","message":"APPLICATION_STARTING","port":"3000","serverUrl":"http://localhost:3000","service":"urbango-api","timestamp":"2025-12-27 13:16:03"}
{"level":"info","message":"DATABASE_CONNECTED","service":"urbango-api","status":"connected","timestamp":"2025-12-27 13:16:03","url":"mongodb://localhost:27017/urbango"}
{"environment":"development","level":"info","message":"APPLICATION_STARTED","port":"3000","serverUrl":"http://localhost:3000","service":"urbango-api","status":"running","timestamp":"2025-12-27 13:16:03"}
{"ip":"::1","level":"warn","message":"CLIENT_ERROR_400 Permission validation failed: module: DEMO PERMISSIONS is not a valid module, category: `DEMO` is not a valid enum value for path `category`.","method":"POST","originalError":"ValidationError","requestBody":{"category":"DEMO","description":"Create, update and delete permissions for demo","isSystemPermission":true,"key":"PERMISSIONS:DEMO","module":"DEMO PERMISSIONS","name":"DEMO Permissions"},"service":"urbango-api","stack":"ValidationError: Permission validation failed: module: DEMO PERMISSIONS is not a valid module, category: `DEMO` is not a valid enum value for path `category`.\n    at Document.invalidate (D:\\03_Projects\\Backend\\Movon\\node_modules\\mongoose\\lib\\document.js:3362:32)\n    at D:\\03_Projects\\Backend\\Movon\\node_modules\\mongoose\\lib\\document.js:3123:17\n    at D:\\03_Projects\\Backend\\Movon\\node_modules\\mongoose\\lib\\schemaType.js:1446:9\n    at process.processTicksAndRejections (node:internal/process/task_queues:77:11)","statusCode":400,"timestamp":"2025-12-27 13:17:13","url":"/api/v1/permission","userAgent":"PostmanRuntime/7.51.0","userId":"anonymous"}
{"environment":"development","level":"info","message":"APPLICATION_STARTING","port":"3000","serverUrl":"http://localhost:3000","service":"urbango-api","timestamp":"2025-12-27 13:17:49"}
{"level":"info","message":"DATABASE_CONNECTED","service":"urbango-api","status":"connected","timestamp":"2025-12-27 13:17:49","url":"mongodb://localhost:27017/urbango"}
{"environment":"development","level":"info","message":"APPLICATION_STARTED","port":"3000","serverUrl":"http://localhost:3000","service":"urbango-api","status":"running","timestamp":"2025-12-27 13:17:49"}
{"environment":"development","level":"info","message":"APPLICATION_STARTING","port":"3000","serverUrl":"http://localhost:3000","service":"urbango-api","timestamp":"2025-12-27 13:17:51"}
{"level":"info","message":"DATABASE_CONNECTED","service":"urbango-api","status":"connected","timestamp":"2025-12-27 13:17:51","url":"mongodb://localhost:27017/urbango"}
{"environment":"development","level":"info","message":"APPLICATION_STARTED","port":"3000","serverUrl":"http://localhost:3000","service":"urbango-api","status":"running","timestamp":"2025-12-27 13:17:51"}
{"ip":"::1","level":"warn","message":"CLIENT_ERROR_400 Permission validation failed: module: DEMO PERMISSIONS is not a valid module, category: `DEMO` is not a valid enum value for path `category`.","method":"POST","originalError":"ValidationError","requestBody":{"category":"DEMO","description":"Create, update and delete permissions for demo","isSystemPermission":true,"key":"PERMISSIONS:DEMO","module":"DEMO PERMISSIONS","name":"DEMO Permissions"},"service":"urbango-api","stack":"ValidationError: Permission validation failed: module: DEMO PERMISSIONS is not a valid module, category: `DEMO` is not a valid enum value for path `category`.\n    at Document.invalidate (D:\\03_Projects\\Backend\\Movon\\node_modules\\mongoose\\lib\\document.js:3362:32)\n    at D:\\03_Projects\\Backend\\Movon\\node_modules\\mongoose\\lib\\document.js:3123:17\n    at D:\\03_Projects\\Backend\\Movon\\node_modules\\mongoose\\lib\\schemaType.js:1446:9\n    at process.processTicksAndRejections (node:internal/process/task_queues:77:11)","statusCode":400,"timestamp":"2025-12-27 13:17:53","url":"/api/v1/permission","userAgent":"PostmanRuntime/7.51.0","userId":"anonymous"}
{"environment":"development","level":"info","message":"APPLICATION_STARTING","port":"3000","serverUrl":"http://localhost:3000","service":"urbango-api","timestamp":"2025-12-27 13:19:02"}
{"level":"info","message":"DATABASE_CONNECTED","service":"urbango-api","status":"connected","timestamp":"2025-12-27 13:19:02","url":"mongodb://localhost:27017/urbango"}
{"environment":"development","level":"info","message":"APPLICATION_STARTED","port":"3000","serverUrl":"http://localhost:3000","service":"urbango-api","status":"running","timestamp":"2025-12-27 13:19:02"}
{"environment":"development","level":"info","message":"APPLICATION_STARTING","port":"3000","serverUrl":"http://localhost:3000","service":"urbango-api","timestamp":"2025-12-27 13:19:14"}
{"level":"info","message":"DATABASE_CONNECTED","service":"urbango-api","status":"connected","timestamp":"2025-12-27 13:19:14","url":"mongodb://localhost:27017/urbango"}
{"environment":"development","level":"info","message":"APPLICATION_STARTED","port":"3000","serverUrl":"http://localhost:3000","service":"urbango-api","status":"running","timestamp":"2025-12-27 13:19:14"}
{"environment":"development","level":"info","message":"APPLICATION_STARTING","port":"3000","serverUrl":"http://localhost:3000","service":"urbango-api","timestamp":"2025-12-27 13:19:15"}
{"level":"info","message":"DATABASE_CONNECTED","service":"urbango-api","status":"connected","timestamp":"2025-12-27 13:19:15","url":"mongodb://localhost:27017/urbango"}
{"environment":"development","level":"info","message":"APPLICATION_STARTED","port":"3000","serverUrl":"http://localhost:3000","service":"urbango-api","status":"running","timestamp":"2025-12-27 13:19:15"}
{"environment":"development","level":"info","message":"APPLICATION_STARTING","port":"3000","serverUrl":"http://localhost:3000","service":"urbango-api","timestamp":"2025-12-27 13:19:18"}
{"level":"info","message":"DATABASE_CONNECTED","service":"urbango-api","status":"connected","timestamp":"2025-12-27 13:19:18","url":"mongodb://localhost:27017/urbango"}
{"environment":"development","level":"info","message":"APPLICATION_STARTED","port":"3000","serverUrl":"http://localhost:3000","service":"urbango-api","status":"running","timestamp":"2025-12-27 13:19:18"}
{"environment":"development","level":"info","message":"APPLICATION_STARTING","port":"3000","serverUrl":"http://localhost:3000","service":"urbango-api","timestamp":"2025-12-27 13:19:21"}
{"level":"info","message":"DATABASE_CONNECTED","service":"urbango-api","status":"connected","timestamp":"2025-12-27 13:19:21","url":"mongodb://localhost:27017/urbango"}
{"environment":"development","level":"info","message":"APPLICATION_STARTED","port":"3000","serverUrl":"http://localhost:3000","service":"urbango-api","status":"running","timestamp":"2025-12-27 13:19:21"}
{"environment":"development","level":"info","message":"APPLICATION_STARTING","port":"3000","serverUrl":"http://localhost:3000","service":"urbango-api","timestamp":"2025-12-27 13:19:30"}
{"level":"info","message":"DATABASE_CONNECTED","service":"urbango-api","status":"connected","timestamp":"2025-12-27 13:19:30","url":"mongodb://localhost:27017/urbango"}
{"environment":"development","level":"info","message":"APPLICATION_STARTED","port":"3000","serverUrl":"http://localhost:3000","service":"urbango-api","status":"running","timestamp":"2025-12-27 13:19:30"}
{"environment":"development","level":"info","message":"APPLICATION_STARTING","port":"3000","serverUrl":"http://localhost:3000","service":"urbango-api","timestamp":"2025-12-27 13:19:32"}
{"level":"info","message":"DATABASE_CONNECTED","service":"urbango-api","status":"connected","timestamp":"2025-12-27 13:19:32","url":"mongodb://localhost:27017/urbango"}
{"environment":"development","level":"info","message":"APPLICATION_STARTED","port":"3000","serverUrl":"http://localhost:3000","service":"urbango-api","status":"running","timestamp":"2025-12-27 13:19:32"}
{"ip":"::1","level":"warn","message":"CLIENT_ERROR_400 Permission validation failed: module: DEMO PERMISSIONS is not a valid module, category: `DEMO` is not a valid enum value for path `category`.","method":"POST","originalError":"ValidationError","requestBody":{"category":"DEMO","description":"Create, update and delete permissions for demo","isSystemPermission":true,"key":"PERMISSIONS:DEMO","module":"DEMO PERMISSIONS","name":"DEMO Permissions"},"service":"urbango-api","stack":"ValidationError: Permission validation failed: module: DEMO PERMISSIONS is not a valid module, category: `DEMO` is not a valid enum value for path `category`.\n    at Document.invalidate (D:\\03_Projects\\Backend\\Movon\\node_modules\\mongoose\\lib\\document.js:3362:32)\n    at D:\\03_Projects\\Backend\\Movon\\node_modules\\mongoose\\lib\\document.js:3123:17\n    at D:\\03_Projects\\Backend\\Movon\\node_modules\\mongoose\\lib\\schemaType.js:1446:9\n    at process.processTicksAndRejections (node:internal/process/task_queues:77:11)","statusCode":400,"timestamp":"2025-12-27 13:19:33","url":"/api/v1/permission","userAgent":"PostmanRuntime/7.51.0","userId":"anonymous"}
{"environment":"development","level":"info","message":"APPLICATION_STARTING","port":"3000","serverUrl":"http://localhost:3000","service":"urbango-api","timestamp":"2025-12-27 13:19:47"}
{"level":"info","message":"DATABASE_CONNECTED","service":"urbango-api","status":"connected","timestamp":"2025-12-27 13:19:47","url":"mongodb://localhost:27017/urbango"}
{"environment":"development","level":"info","message":"APPLICATION_STARTED","port":"3000","serverUrl":"http://localhost:3000","service":"urbango-api","status":"running","timestamp":"2025-12-27 13:19:47"}
{"ip":"::1","level":"warn","message":"CLIENT_ERROR_400 Permission validation failed: module: DEMO PERMISSIONS is not a valid module","method":"POST","originalError":"ValidationError","requestBody":{"category":"DEMO","description":"Create, update and delete permissions for demo","isSystemPermission":true,"key":"PERMISSIONS:DEMO","module":"DEMO PERMISSIONS","name":"DEMO Permissions"},"service":"urbango-api","stack":"ValidationError: Permission validation failed: module: DEMO PERMISSIONS is not a valid module\n    at Document.invalidate (D:\\03_Projects\\Backend\\Movon\\node_modules\\mongoose\\lib\\document.js:3362:32)\n    at D:\\03_Projects\\Backend\\Movon\\node_modules\\mongoose\\lib\\document.js:3123:17\n    at D:\\03_Projects\\Backend\\Movon\\node_modules\\mongoose\\lib\\schemaType.js:1446:9\n    at process.processTicksAndRejections (node:internal/process/task_queues:77:11)","statusCode":400,"timestamp":"2025-12-27 13:19:48","url":"/api/v1/permission","userAgent":"PostmanRuntime/7.51.0","userId":"anonymous"}
{"ip":"::1","level":"warn","message":"CLIENT_ERROR_404 Route /api/v1/delete/694f8fad765cedb90a840ca7 not found","method":"DELETE","originalError":"Error","service":"urbango-api","stack":"Error: Route /api/v1/delete/694f8fad765cedb90a840ca7 not found\n    at D:\\03_Projects\\Backend\\Movon\\src\\app.js:31:17\n    at Layer.handleRequest (D:\\03_Projects\\Backend\\Movon\\node_modules\\router\\lib\\layer.js:152:17)\n    at trimPrefix (D:\\03_Projects\\Backend\\Movon\\node_modules\\router\\index.js:342:13)\n    at D:\\03_Projects\\Backend\\Movon\\node_modules\\router\\index.js:297:9\n    at processParams (D:\\03_Projects\\Backend\\Movon\\node_modules\\router\\index.js:582:12)\n    at next (D:\\03_Projects\\Backend\\Movon\\node_modules\\router\\index.js:291:5)\n    at D:\\03_Projects\\Backend\\Movon\\node_modules\\router\\index.js:688:15\n    at next (D:\\03_Projects\\Backend\\Movon\\node_modules\\router\\index.js:276:14)\n    at Function.handle (D:\\03_Projects\\Backend\\Movon\\node_modules\\router\\index.js:186:3)\n    at router (D:\\03_Projects\\Backend\\Movon\\node_modules\\router\\index.js:60:12)","statusCode":404,"timestamp":"2025-12-27 13:21:28","url":"/api/v1/delete/694f8fad765cedb90a840ca7","userAgent":"PostmanRuntime/7.51.0","userId":"anonymous"}
{"environment":"development","level":"info","message":"APPLICATION_STARTING","port":"3000","serverUrl":"http://localhost:3000","service":"urbango-api","timestamp":"2025-12-27 13:36:32"}
{"level":"info","message":"DATABASE_CONNECTED","service":"urbango-api","status":"connected","timestamp":"2025-12-27 13:36:32","url":"mongodb://localhost:27017/urbango"}
{"environment":"development","level":"info","message":"APPLICATION_STARTED","port":"3000","serverUrl":"http://localhost:3000","service":"urbango-api","status":"running","timestamp":"2025-12-27 13:36:32"}
{"environment":"development","level":"info","message":"APPLICATION_STARTING","port":"3000","serverUrl":"http://localhost:3000","service":"urbango-api","timestamp":"2025-12-27 13:36:37"}
{"level":"info","message":"DATABASE_CONNECTED","service":"urbango-api","status":"connected","timestamp":"2025-12-27 13:36:37","url":"mongodb://localhost:27017/urbango"}
{"environment":"development","level":"info","message":"APPLICATION_STARTED","port":"3000","serverUrl":"http://localhost:3000","service":"urbango-api","status":"running","timestamp":"2025-12-27 13:36:37"}
{"environment":"development","level":"info","message":"APPLICATION_STARTING","port":"3000","serverUrl":"http://localhost:3000","service":"urbango-api","timestamp":"2025-12-27 13:36:52"}
{"level":"info","message":"DATABASE_CONNECTED","service":"urbango-api","status":"connected","timestamp":"2025-12-27 13:36:52","url":"mongodb://localhost:27017/urbango"}
{"environment":"development","level":"info","message":"APPLICATION_STARTED","port":"3000","serverUrl":"http://localhost:3000","service":"urbango-api","status":"running","timestamp":"2025-12-27 13:36:52"}
{"environment":"development","level":"info","message":"APPLICATION_STARTING","port":"3000","serverUrl":"http://localhost:3000","service":"urbango-api","timestamp":"2025-12-27 13:36:54"}
{"level":"info","message":"DATABASE_CONNECTED","service":"urbango-api","status":"connected","timestamp":"2025-12-27 13:36:54","url":"mongodb://localhost:27017/urbango"}
{"environment":"development","level":"info","message":"APPLICATION_STARTED","port":"3000","serverUrl":"http://localhost:3000","service":"urbango-api","status":"running","timestamp":"2025-12-27 13:36:54"}
{"environment":"development","level":"info","message":"APPLICATION_STARTING","port":"3000","serverUrl":"http://localhost:3000","service":"urbango-api","timestamp":"2025-12-27 13:36:56"}
{"level":"info","message":"DATABASE_CONNECTED","service":"urbango-api","status":"connected","timestamp":"2025-12-27 13:36:56","url":"mongodb://localhost:27017/urbango"}
{"environment":"development","level":"info","message":"APPLICATION_STARTED","port":"3000","serverUrl":"http://localhost:3000","service":"urbango-api","status":"running","timestamp":"2025-12-27 13:36:56"}
{"environment":"development","level":"info","message":"APPLICATION_STARTING","port":"3000","serverUrl":"http://localhost:3000","service":"urbango-api","timestamp":"2025-12-27 13:36:59"}
{"level":"info","message":"DATABASE_CONNECTED","service":"urbango-api","status":"connected","timestamp":"2025-12-27 13:36:59","url":"mongodb://localhost:27017/urbango"}
{"environment":"development","level":"info","message":"APPLICATION_STARTED","port":"3000","serverUrl":"http://localhost:3000","service":"urbango-api","status":"running","timestamp":"2025-12-27 13:36:59"}
{"environment":"development","level":"info","message":"APPLICATION_STARTING","port":"3000","serverUrl":"http://localhost:3000","service":"urbango-api","timestamp":"2025-12-27 13:37:01"}
{"level":"info","message":"DATABASE_CONNECTED","service":"urbango-api","status":"connected","timestamp":"2025-12-27 13:37:01","url":"mongodb://localhost:27017/urbango"}
{"environment":"development","level":"info","message":"APPLICATION_STARTED","port":"3000","serverUrl":"http://localhost:3000","service":"urbango-api","status":"running","timestamp":"2025-12-27 13:37:01"}
{"environment":"development","level":"info","message":"APPLICATION_STARTING","port":"3000","serverUrl":"http://localhost:3000","service":"urbango-api","timestamp":"2025-12-27 13:37:04"}
{"level":"info","message":"DATABASE_CONNECTED","service":"urbango-api","status":"connected","timestamp":"2025-12-27 13:37:04","url":"mongodb://localhost:27017/urbango"}
{"environment":"development","level":"info","message":"APPLICATION_STARTED","port":"3000","serverUrl":"http://localhost:3000","service":"urbango-api","status":"running","timestamp":"2025-12-27 13:37:04"}
{"environment":"development","level":"info","message":"APPLICATION_STARTING","port":"3000","serverUrl":"http://localhost:3000","service":"urbango-api","timestamp":"2025-12-27 13:37:07"}
{"level":"info","message":"DATABASE_CONNECTED","service":"urbango-api","status":"connected","timestamp":"2025-12-27 13:37:07","url":"mongodb://localhost:27017/urbango"}
{"environment":"development","level":"info","message":"APPLICATION_STARTED","port":"3000","serverUrl":"http://localhost:3000","service":"urbango-api","status":"running","timestamp":"2025-12-27 13:37:07"}
{"environment":"development","level":"info","message":"APPLICATION_STARTING","port":"3000","serverUrl":"http://localhost:3000","service":"urbango-api","timestamp":"2025-12-27 13:37:13"}
{"level":"info","message":"DATABASE_CONNECTED","service":"urbango-api","status":"connected","timestamp":"2025-12-27 13:37:13","url":"mongodb://localhost:27017/urbango"}
{"environment":"development","level":"info","message":"APPLICATION_STARTED","port":"3000","serverUrl":"http://localhost:3000","service":"urbango-api","status":"running","timestamp":"2025-12-27 13:37:13"}
{"environment":"development","level":"info","message":"APPLICATION_STARTING","port":"3000","serverUrl":"http://localhost:3000","service":"urbango-api","timestamp":"2025-12-27 13:37:15"}
{"level":"info","message":"DATABASE_CONNECTED","service":"urbango-api","status":"connected","timestamp":"2025-12-27 13:37:16","url":"mongodb://localhost:27017/urbango"}
{"environment":"development","level":"info","message":"APPLICATION_STARTED","port":"3000","serverUrl":"http://localhost:3000","service":"urbango-api","status":"running","timestamp":"2025-12-27 13:37:16"}
{"environment":"development","level":"info","message":"APPLICATION_STARTING","port":"3000","serverUrl":"http://localhost:3000","service":"urbango-api","timestamp":"2025-12-27 13:37:18"}
{"level":"info","message":"DATABASE_CONNECTED","service":"urbango-api","status":"connected","timestamp":"2025-12-27 13:37:18","url":"mongodb://localhost:27017/urbango"}
{"environment":"development","level":"info","message":"APPLICATION_STARTED","port":"3000","serverUrl":"http://localhost:3000","service":"urbango-api","status":"running","timestamp":"2025-12-27 13:37:18"}
{"environment":"development","level":"info","message":"APPLICATION_STARTING","port":"3000","serverUrl":"http://localhost:3000","service":"urbango-api","timestamp":"2025-12-27 13:37:21"}
{"level":"info","message":"DATABASE_CONNECTED","service":"urbango-api","status":"connected","timestamp":"2025-12-27 13:37:21","url":"mongodb://localhost:27017/urbango"}
{"environment":"development","level":"info","message":"APPLICATION_STARTED","port":"3000","serverUrl":"http://localhost:3000","service":"urbango-api","status":"running","timestamp":"2025-12-27 13:37:21"}
{"environment":"development","level":"info","message":"APPLICATION_STARTING","port":"3000","serverUrl":"http://localhost:3000","service":"urbango-api","timestamp":"2025-12-27 13:37:26"}
{"level":"info","message":"DATABASE_CONNECTED","service":"urbango-api","status":"connected","timestamp":"2025-12-27 13:37:26","url":"mongodb://localhost:27017/urbango"}
{"environment":"development","level":"info","message":"APPLICATION_STARTED","port":"3000","serverUrl":"http://localhost:3000","service":"urbango-api","status":"running","timestamp":"2025-12-27 13:37:26"}
{"environment":"development","level":"info","message":"APPLICATION_STARTING","port":"3000","serverUrl":"http://localhost:3000","service":"urbango-api","timestamp":"2025-12-27 13:37:28"}
{"level":"info","message":"DATABASE_CONNECTED","service":"urbango-api","status":"connected","timestamp":"2025-12-27 13:37:28","url":"mongodb://localhost:27017/urbango"}
{"environment":"development","level":"info","message":"APPLICATION_STARTED","port":"3000","serverUrl":"http://localhost:3000","service":"urbango-api","status":"running","timestamp":"2025-12-27 13:37:28"}
{"environment":"development","level":"info","message":"APPLICATION_STARTING","port":"3000","serverUrl":"http://localhost:3000","service":"urbango-api","timestamp":"2025-12-27 13:37:30"}
{"level":"info","message":"DATABASE_CONNECTED","service":"urbango-api","status":"connected","timestamp":"2025-12-27 13:37:30","url":"mongodb://localhost:27017/urbango"}
{"environment":"development","level":"info","message":"APPLICATION_STARTED","port":"3000","serverUrl":"http://localhost:3000","service":"urbango-api","status":"running","timestamp":"2025-12-27 13:37:30"}
{"environment":"development","level":"info","message":"APPLICATION_STARTING","port":"3000","serverUrl":"http://localhost:3000","service":"urbango-api","timestamp":"2025-12-27 13:37:34"}
{"level":"info","message":"DATABASE_CONNECTED","service":"urbango-api","status":"connected","timestamp":"2025-12-27 13:37:34","url":"mongodb://localhost:27017/urbango"}
{"environment":"development","level":"info","message":"APPLICATION_STARTED","port":"3000","serverUrl":"http://localhost:3000","service":"urbango-api","status":"running","timestamp":"2025-12-27 13:37:34"}
{"environment":"development","level":"info","message":"APPLICATION_STARTING","port":"3000","serverUrl":"http://localhost:3000","service":"urbango-api","timestamp":"2025-12-27 13:37:38"}
{"level":"info","message":"DATABASE_CONNECTED","service":"urbango-api","status":"connected","timestamp":"2025-12-27 13:37:38","url":"mongodb://localhost:27017/urbango"}
{"environment":"development","level":"info","message":"APPLICATION_STARTED","port":"3000","serverUrl":"http://localhost:3000","service":"urbango-api","status":"running","timestamp":"2025-12-27 13:37:38"}
{"environment":"development","level":"info","message":"APPLICATION_STARTING","port":"3000","serverUrl":"http://localhost:3000","service":"urbango-api","timestamp":"2025-12-27 13:37:43"}
{"level":"info","message":"DATABASE_CONNECTED","service":"urbango-api","status":"connected","timestamp":"2025-12-27 13:37:43","url":"mongodb://localhost:27017/urbango"}
{"environment":"development","level":"info","message":"APPLICATION_STARTED","port":"3000","serverUrl":"http://localhost:3000","service":"urbango-api","status":"running","timestamp":"2025-12-27 13:37:43"}
{"environment":"development","level":"info","message":"APPLICATION_STARTING","port":"3000","serverUrl":"http://localhost:3000","service":"urbango-api","timestamp":"2025-12-27 13:38:08"}
{"level":"info","message":"DATABASE_CONNECTED","service":"urbango-api","status":"connected","timestamp":"2025-12-27 13:38:08","url":"mongodb://localhost:27017/urbango"}
{"environment":"development","level":"info","message":"APPLICATION_STARTED","port":"3000","serverUrl":"http://localhost:3000","service":"urbango-api","status":"running","timestamp":"2025-12-27 13:38:08"}
{"environment":"development","level":"info","message":"APPLICATION_STARTING","port":"3000","serverUrl":"http://localhost:3000","service":"urbango-api","timestamp":"2025-12-27 13:46:53"}
{"level":"info","message":"DATABASE_CONNECTED","service":"urbango-api","status":"connected","timestamp":"2025-12-27 13:46:53","url":"mongodb://localhost:27017/urbango"}
{"environment":"development","level":"info","message":"APPLICATION_STARTED","port":"3000","serverUrl":"http://localhost:3000","service":"urbango-api","status":"running","timestamp":"2025-12-27 13:46:53"}
{"environment":"development","level":"info","message":"APPLICATION_STARTING","port":"3000","serverUrl":"http://localhost:3000","service":"urbango-api","timestamp":"2025-12-27 13:46:55"}
{"level":"info","message":"DATABASE_CONNECTED","service":"urbango-api","status":"connected","timestamp":"2025-12-27 13:46:55","url":"mongodb://localhost:27017/urbango"}
{"environment":"development","level":"info","message":"APPLICATION_STARTED","port":"3000","serverUrl":"http://localhost:3000","service":"urbango-api","status":"running","timestamp":"2025-12-27 13:46:55"}
{"environment":"development","level":"info","message":"APPLICATION_STARTING","port":"3000","serverUrl":"http://localhost:3000","service":"urbango-api","timestamp":"2025-12-27 13:46:56"}
{"level":"info","message":"DATABASE_CONNECTED","service":"urbango-api","status":"connected","timestamp":"2025-12-27 13:46:56","url":"mongodb://localhost:27017/urbango"}
{"environment":"development","level":"info","message":"APPLICATION_STARTED","port":"3000","serverUrl":"http://localhost:3000","service":"urbango-api","status":"running","timestamp":"2025-12-27 13:46:56"}
{"environment":"development","level":"info","message":"APPLICATION_STARTING","port":"3000","serverUrl":"http://localhost:3000","service":"urbango-api","timestamp":"2025-12-27 13:46:58"}
{"level":"info","message":"DATABASE_CONNECTED","service":"urbango-api","status":"connected","timestamp":"2025-12-27 13:46:58","url":"mongodb://localhost:27017/urbango"}
{"environment":"development","level":"info","message":"APPLICATION_STARTED","port":"3000","serverUrl":"http://localhost:3000","service":"urbango-api","status":"running","timestamp":"2025-12-27 13:46:58"}
{"environment":"development","level":"info","message":"APPLICATION_STARTING","port":"3000","serverUrl":"http://localhost:3000","service":"urbango-api","timestamp":"2025-12-27 13:47:04"}
{"level":"info","message":"DATABASE_CONNECTED","service":"urbango-api","status":"connected","timestamp":"2025-12-27 13:47:04","url":"mongodb://localhost:27017/urbango"}
{"environment":"development","level":"info","message":"APPLICATION_STARTED","port":"3000","serverUrl":"http://localhost:3000","service":"urbango-api","status":"running","timestamp":"2025-12-27 13:47:04"}
{"environment":"development","level":"info","message":"APPLICATION_STARTING","port":"3000","serverUrl":"http://localhost:3000","service":"urbango-api","timestamp":"2025-12-27 13:47:07"}
{"level":"info","message":"DATABASE_CONNECTED","service":"urbango-api","status":"connected","timestamp":"2025-12-27 13:47:07","url":"mongodb://localhost:27017/urbango"}
{"environment":"development","level":"info","message":"APPLICATION_STARTED","port":"3000","serverUrl":"http://localhost:3000","service":"urbango-api","status":"running","timestamp":"2025-12-27 13:47:07"}
{"environment":"development","level":"info","message":"APPLICATION_STARTING","port":"3000","serverUrl":"http://localhost:3000","service":"urbango-api","timestamp":"2025-12-27 13:47:09"}
{"level":"info","message":"DATABASE_CONNECTED","service":"urbango-api","status":"connected","timestamp":"2025-12-27 13:47:10","url":"mongodb://localhost:27017/urbango"}
{"environment":"development","level":"info","message":"APPLICATION_STARTED","port":"3000","serverUrl":"http://localhost:3000","service":"urbango-api","status":"running","timestamp":"2025-12-27 13:47:10"}
{"environment":"development","level":"info","message":"APPLICATION_STARTING","port":"3000","serverUrl":"http://localhost:3000","service":"urbango-api","timestamp":"2025-12-27 13:47:12"}
{"level":"info","message":"DATABASE_CONNECTED","service":"urbango-api","status":"connected","timestamp":"2025-12-27 13:47:12","url":"mongodb://localhost:27017/urbango"}
{"environment":"development","level":"info","message":"APPLICATION_STARTED","port":"3000","serverUrl":"http://localhost:3000","service":"urbango-api","status":"running","timestamp":"2025-12-27 13:47:12"}
{"environment":"development","level":"info","message":"APPLICATION_STARTING","port":"3000","serverUrl":"http://localhost:3000","service":"urbango-api","timestamp":"2025-12-27 13:47:13"}
{"level":"info","message":"DATABASE_CONNECTED","service":"urbango-api","status":"connected","timestamp":"2025-12-27 13:47:13","url":"mongodb://localhost:27017/urbango"}
{"environment":"development","level":"info","message":"APPLICATION_STARTED","port":"3000","serverUrl":"http://localhost:3000","service":"urbango-api","status":"running","timestamp":"2025-12-27 13:47:13"}
{"environment":"development","level":"info","message":"APPLICATION_STARTING","port":"3000","serverUrl":"http://localhost:3000","service":"urbango-api","timestamp":"2025-12-27 13:47:17"}
{"level":"info","message":"DATABASE_CONNECTED","service":"urbango-api","status":"connected","timestamp":"2025-12-27 13:47:17","url":"mongodb://localhost:27017/urbango"}
{"environment":"development","level":"info","message":"APPLICATION_STARTED","port":"3000","serverUrl":"http://localhost:3000","service":"urbango-api","status":"running","timestamp":"2025-12-27 13:47:17"}
{"environment":"development","level":"info","message":"APPLICATION_STARTING","port":"3000","serverUrl":"http://localhost:3000","service":"urbango-api","timestamp":"2025-12-27 13:47:19"}
{"level":"info","message":"DATABASE_CONNECTED","service":"urbango-api","status":"connected","timestamp":"2025-12-27 13:47:19","url":"mongodb://localhost:27017/urbango"}
{"environment":"development","level":"info","message":"APPLICATION_STARTED","port":"3000","serverUrl":"http://localhost:3000","service":"urbango-api","status":"running","timestamp":"2025-12-27 13:47:19"}
{"environment":"development","level":"info","message":"APPLICATION_STARTING","port":"3000","serverUrl":"http://localhost:3000","service":"urbango-api","timestamp":"2025-12-27 13:47:23"}
{"level":"info","message":"DATABASE_CONNECTED","service":"urbango-api","status":"connected","timestamp":"2025-12-27 13:47:23","url":"mongodb://localhost:27017/urbango"}
{"environment":"development","level":"info","message":"APPLICATION_STARTED","port":"3000","serverUrl":"http://localhost:3000","service":"urbango-api","status":"running","timestamp":"2025-12-27 13:47:23"}
{"environment":"development","level":"info","message":"APPLICATION_STARTING","port":"3000","serverUrl":"http://localhost:3000","service":"urbango-api","timestamp":"2025-12-27 13:47:24"}
{"level":"info","message":"DATABASE_CONNECTED","service":"urbango-api","status":"connected","timestamp":"2025-12-27 13:47:24","url":"mongodb://localhost:27017/urbango"}
{"environment":"development","level":"info","message":"APPLICATION_STARTED","port":"3000","serverUrl":"http://localhost:3000","service":"urbango-api","status":"running","timestamp":"2025-12-27 13:47:25"}
{"environment":"development","level":"info","message":"APPLICATION_STARTING","port":"3000","serverUrl":"http://localhost:3000","service":"urbango-api","timestamp":"2025-12-27 13:47:32"}
{"level":"info","message":"DATABASE_CONNECTED","service":"urbango-api","status":"connected","timestamp":"2025-12-27 13:47:32","url":"mongodb://localhost:27017/urbango"}
{"environment":"development","level":"info","message":"APPLICATION_STARTED","port":"3000","serverUrl":"http://localhost:3000","service":"urbango-api","status":"running","timestamp":"2025-12-27 13:47:32"}
{"environment":"development","level":"info","message":"APPLICATION_STARTING","port":"3000","serverUrl":"http://localhost:3000","service":"urbango-api","timestamp":"2025-12-27 13:47:33"}
{"level":"info","message":"DATABASE_CONNECTED","service":"urbango-api","status":"connected","timestamp":"2025-12-27 13:47:34","url":"mongodb://localhost:27017/urbango"}
{"environment":"development","level":"info","message":"APPLICATION_STARTED","port":"3000","serverUrl":"http://localhost:3000","service":"urbango-api","status":"running","timestamp":"2025-12-27 13:47:34"}
{"environment":"development","level":"info","message":"APPLICATION_STARTING","port":"3000","serverUrl":"http://localhost:3000","service":"urbango-api","timestamp":"2025-12-27 13:47:38"}
{"level":"info","message":"DATABASE_CONNECTED","service":"urbango-api","status":"connected","timestamp":"2025-12-27 13:47:39","url":"mongodb://localhost:27017/urbango"}
{"environment":"development","level":"info","message":"APPLICATION_STARTED","port":"3000","serverUrl":"http://localhost:3000","service":"urbango-api","status":"running","timestamp":"2025-12-27 13:47:39"}
{"environment":"development","level":"info","message":"APPLICATION_STARTING","port":"3000","serverUrl":"http://localhost:3000","service":"urbango-api","timestamp":"2025-12-27 13:47:41"}
{"level":"info","message":"DATABASE_CONNECTED","service":"urbango-api","status":"connected","timestamp":"2025-12-27 13:47:41","url":"mongodb://localhost:27017/urbango"}
{"environment":"development","level":"info","message":"APPLICATION_STARTED","port":"3000","serverUrl":"http://localhost:3000","service":"urbango-api","status":"running","timestamp":"2025-12-27 13:47:41"}
{"environment":"development","level":"info","message":"APPLICATION_STARTING","port":"3000","serverUrl":"http://localhost:3000","service":"urbango-api","timestamp":"2025-12-27 13:47:42"}
{"level":"info","message":"DATABASE_CONNECTED","service":"urbango-api","status":"connected","timestamp":"2025-12-27 13:47:42","url":"mongodb://localhost:27017/urbango"}
{"environment":"development","level":"info","message":"APPLICATION_STARTED","port":"3000","serverUrl":"http://localhost:3000","service":"urbango-api","status":"running","timestamp":"2025-12-27 13:47:42"}
{"environment":"development","level":"info","message":"APPLICATION_STARTING","port":"3000","serverUrl":"http://localhost:3000","service":"urbango-api","timestamp":"2025-12-27 13:47:45"}
{"level":"info","message":"DATABASE_CONNECTED","service":"urbango-api","status":"connected","timestamp":"2025-12-27 13:47:45","url":"mongodb://localhost:27017/urbango"}
{"environment":"development","level":"info","message":"APPLICATION_STARTED","port":"3000","serverUrl":"http://localhost:3000","service":"urbango-api","status":"running","timestamp":"2025-12-27 13:47:45"}
{"environment":"development","level":"info","message":"APPLICATION_STARTING","port":"3000","serverUrl":"http://localhost:3000","service":"urbango-api","timestamp":"2025-12-27 13:47:47"}
{"level":"info","message":"DATABASE_CONNECTED","service":"urbango-api","status":"connected","timestamp":"2025-12-27 13:47:47","url":"mongodb://localhost:27017/urbango"}
{"environment":"development","level":"info","message":"APPLICATION_STARTED","port":"3000","serverUrl":"http://localhost:3000","service":"urbango-api","status":"running","timestamp":"2025-12-27 13:47:47"}
{"environment":"development","level":"info","message":"APPLICATION_STARTING","port":"3000","serverUrl":"http://localhost:3000","service":"urbango-api","timestamp":"2025-12-27 13:47:49"}
{"level":"info","message":"DATABASE_CONNECTED","service":"urbango-api","status":"connected","timestamp":"2025-12-27 13:47:49","url":"mongodb://localhost:27017/urbango"}
{"environment":"development","level":"info","message":"APPLICATION_STARTED","port":"3000","serverUrl":"http://localhost:3000","service":"urbango-api","status":"running","timestamp":"2025-12-27 13:47:50"}
{"environment":"development","level":"info","message":"APPLICATION_STARTING","port":"3000","serverUrl":"http://localhost:3000","service":"urbango-api","timestamp":"2025-12-27 13:47:51"}
{"level":"info","message":"DATABASE_CONNECTED","service":"urbango-api","status":"connected","timestamp":"2025-12-27 13:47:51","url":"mongodb://localhost:27017/urbango"}
{"environment":"development","level":"info","message":"APPLICATION_STARTED","port":"3000","serverUrl":"http://localhost:3000","service":"urbango-api","status":"running","timestamp":"2025-12-27 13:47:51"}
{"environment":"development","level":"info","message":"APPLICATION_STARTING","port":"3000","serverUrl":"http://localhost:3000","service":"urbango-api","timestamp":"2025-12-27 13:47:53"}
{"level":"info","message":"DATABASE_CONNECTED","service":"urbango-api","status":"connected","timestamp":"2025-12-27 13:47:53","url":"mongodb://localhost:27017/urbango"}
{"environment":"development","level":"info","message":"APPLICATION_STARTED","port":"3000","serverUrl":"http://localhost:3000","service":"urbango-api","status":"running","timestamp":"2025-12-27 13:47:53"}
{"environment":"development","level":"info","message":"APPLICATION_STARTING","port":"3000","serverUrl":"http://localhost:3000","service":"urbango-api","timestamp":"2025-12-27 13:47:55"}
{"level":"info","message":"DATABASE_CONNECTED","service":"urbango-api","status":"connected","timestamp":"2025-12-27 13:47:55","url":"mongodb://localhost:27017/urbango"}
{"environment":"development","level":"info","message":"APPLICATION_STARTED","port":"3000","serverUrl":"http://localhost:3000","service":"urbango-api","status":"running","timestamp":"2025-12-27 13:47:55"}
{"environment":"development","level":"info","message":"APPLICATION_STARTING","port":"3000","serverUrl":"http://localhost:3000","service":"urbango-api","timestamp":"2025-12-27 13:47:59"}
{"level":"info","message":"DATABASE_CONNECTED","service":"urbango-api","status":"connected","timestamp":"2025-12-27 13:47:59","url":"mongodb://localhost:27017/urbango"}
{"environment":"development","level":"info","message":"APPLICATION_STARTED","port":"3000","serverUrl":"http://localhost:3000","service":"urbango-api","status":"running","timestamp":"2025-12-27 13:47:59"}
{"environment":"development","level":"info","message":"APPLICATION_STARTING","port":"3000","serverUrl":"http://localhost:3000","service":"urbango-api","timestamp":"2025-12-27 13:48:03"}
{"level":"info","message":"DATABASE_CONNECTED","service":"urbango-api","status":"connected","timestamp":"2025-12-27 13:48:03","url":"mongodb://localhost:27017/urbango"}
{"environment":"development","level":"info","message":"APPLICATION_STARTED","port":"3000","serverUrl":"http://localhost:3000","service":"urbango-api","status":"running","timestamp":"2025-12-27 13:48:03"}
{"environment":"development","level":"info","message":"APPLICATION_STARTING","port":"3000","serverUrl":"http://localhost:3000","service":"urbango-api","timestamp":"2025-12-27 13:48:06"}
{"level":"info","message":"DATABASE_CONNECTED","service":"urbango-api","status":"connected","timestamp":"2025-12-27 13:48:06","url":"mongodb://localhost:27017/urbango"}
{"environment":"development","level":"info","message":"APPLICATION_STARTED","port":"3000","serverUrl":"http://localhost:3000","service":"urbango-api","status":"running","timestamp":"2025-12-27 13:48:06"}
{"environment":"development","level":"info","message":"APPLICATION_STARTING","port":"3000","serverUrl":"http://localhost:3000","service":"urbango-api","timestamp":"2025-12-27 13:48:09"}
{"level":"info","message":"DATABASE_CONNECTED","service":"urbango-api","status":"connected","timestamp":"2025-12-27 13:48:09","url":"mongodb://localhost:27017/urbango"}
{"environment":"development","level":"info","message":"APPLICATION_STARTED","port":"3000","serverUrl":"http://localhost:3000","service":"urbango-api","status":"running","timestamp":"2025-12-27 13:48:09"}
{"environment":"development","level":"info","message":"APPLICATION_STARTING","port":"3000","serverUrl":"http://localhost:3000","service":"urbango-api","timestamp":"2025-12-27 13:48:10"}
{"level":"info","message":"DATABASE_CONNECTED","service":"urbango-api","status":"connected","timestamp":"2025-12-27 13:48:10","url":"mongodb://localhost:27017/urbango"}
{"environment":"development","level":"info","message":"APPLICATION_STARTED","port":"3000","serverUrl":"http://localhost:3000","service":"urbango-api","status":"running","timestamp":"2025-12-27 13:48:10"}
{"environment":"development","level":"info","message":"APPLICATION_STARTING","port":"3000","serverUrl":"http://localhost:3000","service":"urbango-api","timestamp":"2025-12-27 13:48:25"}
{"level":"info","message":"DATABASE_CONNECTED","service":"urbango-api","status":"connected","timestamp":"2025-12-27 13:48:25","url":"mongodb://localhost:27017/urbango"}
{"environment":"development","level":"info","message":"APPLICATION_STARTED","port":"3000","serverUrl":"http://localhost:3000","service":"urbango-api","status":"running","timestamp":"2025-12-27 13:48:25"}
{"environment":"development","level":"info","message":"APPLICATION_STARTING","port":"3000","serverUrl":"http://localhost:3000","service":"urbango-api","timestamp":"2025-12-27 13:48:27"}
{"level":"info","message":"DATABASE_CONNECTED","service":"urbango-api","status":"connected","timestamp":"2025-12-27 13:48:27","url":"mongodb://localhost:27017/urbango"}
{"environment":"development","level":"info","message":"APPLICATION_STARTED","port":"3000","serverUrl":"http://localhost:3000","service":"urbango-api","status":"running","timestamp":"2025-12-27 13:48:27"}
{"environment":"development","level":"info","message":"APPLICATION_STARTING","port":"3000","serverUrl":"http://localhost:3000","service":"urbango-api","timestamp":"2025-12-27 13:48:30"}
{"level":"info","message":"DATABASE_CONNECTED","service":"urbango-api","status":"connected","timestamp":"2025-12-27 13:48:30","url":"mongodb://localhost:27017/urbango"}
{"environment":"development","level":"info","message":"APPLICATION_STARTED","port":"3000","serverUrl":"http://localhost:3000","service":"urbango-api","status":"running","timestamp":"2025-12-27 13:48:30"}
{"environment":"development","level":"info","message":"APPLICATION_STARTING","port":"3000","serverUrl":"http://localhost:3000","service":"urbango-api","timestamp":"2025-12-27 13:48:35"}
{"level":"info","message":"DATABASE_CONNECTED","service":"urbango-api","status":"connected","timestamp":"2025-12-27 13:48:35","url":"mongodb://localhost:27017/urbango"}
{"environment":"development","level":"info","message":"APPLICATION_STARTED","port":"3000","serverUrl":"http://localhost:3000","service":"urbango-api","status":"running","timestamp":"2025-12-27 13:48:35"}
{"environment":"development","level":"info","message":"APPLICATION_STARTING","port":"3000","serverUrl":"http://localhost:3000","service":"urbango-api","timestamp":"2025-12-27 13:48:37"}
{"level":"info","message":"DATABASE_CONNECTED","service":"urbango-api","status":"connected","timestamp":"2025-12-27 13:48:37","url":"mongodb://localhost:27017/urbango"}
{"environment":"development","level":"info","message":"APPLICATION_STARTED","port":"3000","serverUrl":"http://localhost:3000","service":"urbango-api","status":"running","timestamp":"2025-12-27 13:48:37"}
{"environment":"development","level":"info","message":"APPLICATION_STARTING","port":"3000","serverUrl":"http://localhost:3000","service":"urbango-api","timestamp":"2025-12-27 13:48:45"}
{"level":"info","message":"DATABASE_CONNECTED","service":"urbango-api","status":"connected","timestamp":"2025-12-27 13:48:45","url":"mongodb://localhost:27017/urbango"}
{"environment":"development","level":"info","message":"APPLICATION_STARTED","port":"3000","serverUrl":"http://localhost:3000","service":"urbango-api","status":"running","timestamp":"2025-12-27 13:48:45"}
{"environment":"development","level":"info","message":"APPLICATION_STARTING","port":"3000","serverUrl":"http://localhost:3000","service":"urbango-api","timestamp":"2025-12-27 13:48:49"}
{"level":"info","message":"DATABASE_CONNECTED","service":"urbango-api","status":"connected","timestamp":"2025-12-27 13:48:49","url":"mongodb://localhost:27017/urbango"}
{"environment":"development","level":"info","message":"APPLICATION_STARTED","port":"3000","serverUrl":"http://localhost:3000","service":"urbango-api","status":"running","timestamp":"2025-12-27 13:48:49"}
{"environment":"development","level":"info","message":"APPLICATION_STARTING","port":"3000","serverUrl":"http://localhost:3000","service":"urbango-api","timestamp":"2025-12-27 13:48:55"}
{"level":"info","message":"DATABASE_CONNECTED","service":"urbango-api","status":"connected","timestamp":"2025-12-27 13:48:55","url":"mongodb://localhost:27017/urbango"}
{"environment":"development","level":"info","message":"APPLICATION_STARTED","port":"3000","serverUrl":"http://localhost:3000","service":"urbango-api","status":"running","timestamp":"2025-12-27 13:48:55"}
{"environment":"development","level":"info","message":"APPLICATION_STARTING","port":"3000","serverUrl":"http://localhost:3000","service":"urbango-api","timestamp":"2025-12-27 13:48:57"}
{"level":"info","message":"DATABASE_CONNECTED","service":"urbango-api","status":"connected","timestamp":"2025-12-27 13:48:57","url":"mongodb://localhost:27017/urbango"}
{"environment":"development","level":"info","message":"APPLICATION_STARTED","port":"3000","serverUrl":"http://localhost:3000","service":"urbango-api","status":"running","timestamp":"2025-12-27 13:48:57"}
{"environment":"development","level":"info","message":"APPLICATION_STARTING","port":"3000","serverUrl":"http://localhost:3000","service":"urbango-api","timestamp":"2025-12-27 13:48:59"}
{"level":"info","message":"DATABASE_CONNECTED","service":"urbango-api","status":"connected","timestamp":"2025-12-27 13:48:59","url":"mongodb://localhost:27017/urbango"}
{"environment":"development","level":"info","message":"APPLICATION_STARTED","port":"3000","serverUrl":"http://localhost:3000","service":"urbango-api","status":"running","timestamp":"2025-12-27 13:48:59"}
{"environment":"development","level":"info","message":"APPLICATION_STARTING","port":"3000","serverUrl":"http://localhost:3000","service":"urbango-api","timestamp":"2025-12-27 13:49:02"}
{"level":"info","message":"DATABASE_CONNECTED","service":"urbango-api","status":"connected","timestamp":"2025-12-27 13:49:02","url":"mongodb://localhost:27017/urbango"}
{"environment":"development","level":"info","message":"APPLICATION_STARTED","port":"3000","serverUrl":"http://localhost:3000","service":"urbango-api","status":"running","timestamp":"2025-12-27 13:49:02"}
{"environment":"development","level":"info","message":"APPLICATION_STARTING","port":"3000","serverUrl":"http://localhost:3000","service":"urbango-api","timestamp":"2025-12-27 13:49:03"}
{"level":"info","message":"DATABASE_CONNECTED","service":"urbango-api","status":"connected","timestamp":"2025-12-27 13:49:03","url":"mongodb://localhost:27017/urbango"}
{"environment":"development","level":"info","message":"APPLICATION_STARTED","port":"3000","serverUrl":"http://localhost:3000","service":"urbango-api","status":"running","timestamp":"2025-12-27 13:49:03"}
{"environment":"development","level":"info","message":"APPLICATION_STARTING","port":"3000","serverUrl":"http://localhost:3000","service":"urbango-api","timestamp":"2025-12-27 13:49:06"}
{"level":"info","message":"DATABASE_CONNECTED","service":"urbango-api","status":"connected","timestamp":"2025-12-27 13:49:06","url":"mongodb://localhost:27017/urbango"}
{"environment":"development","level":"info","message":"APPLICATION_STARTED","port":"3000","serverUrl":"http://localhost:3000","service":"urbango-api","status":"running","timestamp":"2025-12-27 13:49:06"}
{"environment":"development","level":"info","message":"APPLICATION_STARTING","port":"3000","serverUrl":"http://localhost:3000","service":"urbango-api","timestamp":"2025-12-27 13:49:11"}
{"level":"info","message":"DATABASE_CONNECTED","service":"urbango-api","status":"connected","timestamp":"2025-12-27 13:49:11","url":"mongodb://localhost:27017/urbango"}
{"environment":"development","level":"info","message":"APPLICATION_STARTED","port":"3000","serverUrl":"http://localhost:3000","service":"urbango-api","status":"running","timestamp":"2025-12-27 13:49:11"}
{"environment":"development","level":"info","message":"APPLICATION_STARTING","port":"3000","serverUrl":"http://localhost:3000","service":"urbango-api","timestamp":"2025-12-27 13:57:20"}
{"level":"info","message":"DATABASE_CONNECTED","service":"urbango-api","status":"connected","timestamp":"2025-12-27 13:57:20","url":"mongodb://localhost:27017/urbango"}
{"environment":"development","level":"info","message":"APPLICATION_STARTED","port":"3000","serverUrl":"http://localhost:3000","service":"urbango-api","status":"running","timestamp":"2025-12-27 13:57:20"}
{"environment":"development","level":"info","message":"APPLICATION_STARTING","port":"3000","serverUrl":"http://localhost:3000","service":"urbango-api","timestamp":"2025-12-27 13:57:23"}
{"level":"info","message":"DATABASE_CONNECTED","service":"urbango-api","status":"connected","timestamp":"2025-12-27 13:57:23","url":"mongodb://localhost:27017/urbango"}
{"environment":"development","level":"info","message":"APPLICATION_STARTED","port":"3000","serverUrl":"http://localhost:3000","service":"urbango-api","status":"running","timestamp":"2025-12-27 13:57:23"}
{"environment":"development","level":"info","message":"APPLICATION_STARTING","port":"3000","serverUrl":"http://localhost:3000","service":"urbango-api","timestamp":"2025-12-27 13:57:46"}
{"level":"info","message":"DATABASE_CONNECTED","service":"urbango-api","status":"connected","timestamp":"2025-12-27 13:57:46","url":"mongodb://localhost:27017/urbango"}
{"environment":"development","level":"info","message":"APPLICATION_STARTED","port":"3000","serverUrl":"http://localhost:3000","service":"urbango-api","status":"running","timestamp":"2025-12-27 13:57:46"}
{"environment":"development","level":"info","message":"APPLICATION_STARTING","port":"3000","serverUrl":"http://localhost:3000","service":"urbango-api","timestamp":"2025-12-27 13:57:49"}
{"level":"info","message":"DATABASE_CONNECTED","service":"urbango-api","status":"connected","timestamp":"2025-12-27 13:57:49","url":"mongodb://localhost:27017/urbango"}
{"environment":"development","level":"info","message":"APPLICATION_STARTED","port":"3000","serverUrl":"http://localhost:3000","service":"urbango-api","status":"running","timestamp":"2025-12-27 13:57:49"}
{"environment":"development","level":"info","message":"APPLICATION_STARTING","port":"3000","serverUrl":"http://localhost:3000","service":"urbango-api","timestamp":"2025-12-27 13:57:51"}
{"level":"info","message":"DATABASE_CONNECTED","service":"urbango-api","status":"connected","timestamp":"2025-12-27 13:57:51","url":"mongodb://localhost:27017/urbango"}
{"environment":"development","level":"info","message":"APPLICATION_STARTED","port":"3000","serverUrl":"http://localhost:3000","service":"urbango-api","status":"running","timestamp":"2025-12-27 13:57:51"}
{"environment":"development","level":"info","message":"APPLICATION_STARTING","port":"3000","serverUrl":"http://localhost:3000","service":"urbango-api","timestamp":"2025-12-27 13:57:56"}
{"level":"info","message":"DATABASE_CONNECTED","service":"urbango-api","status":"connected","timestamp":"2025-12-27 13:57:56","url":"mongodb://localhost:27017/urbango"}
{"environment":"development","level":"info","message":"APPLICATION_STARTED","port":"3000","serverUrl":"http://localhost:3000","service":"urbango-api","status":"running","timestamp":"2025-12-27 13:57:56"}
{"environment":"development","level":"info","message":"APPLICATION_STARTING","port":"3000","serverUrl":"http://localhost:3000","service":"urbango-api","timestamp":"2025-12-27 13:58:01"}
{"level":"info","message":"DATABASE_CONNECTED","service":"urbango-api","status":"connected","timestamp":"2025-12-27 13:58:01","url":"mongodb://localhost:27017/urbango"}
{"environment":"development","level":"info","message":"APPLICATION_STARTED","port":"3000","serverUrl":"http://localhost:3000","service":"urbango-api","status":"running","timestamp":"2025-12-27 13:58:01"}
{"environment":"development","level":"info","message":"APPLICATION_STARTING","port":"3000","serverUrl":"http://localhost:3000","service":"urbango-api","timestamp":"2025-12-27 13:58:19"}
{"level":"info","message":"DATABASE_CONNECTED","service":"urbango-api","status":"connected","timestamp":"2025-12-27 13:58:19","url":"mongodb://localhost:27017/urbango"}
{"environment":"development","level":"info","message":"APPLICATION_STARTED","port":"3000","serverUrl":"http://localhost:3000","service":"urbango-api","status":"running","timestamp":"2025-12-27 13:58:19"}
{"environment":"development","level":"info","message":"APPLICATION_STARTING","port":"3000","serverUrl":"http://localhost:3000","service":"urbango-api","timestamp":"2025-12-27 13:58:21"}
{"level":"info","message":"DATABASE_CONNECTED","service":"urbango-api","status":"connected","timestamp":"2025-12-27 13:58:21","url":"mongodb://localhost:27017/urbango"}
{"environment":"development","level":"info","message":"APPLICATION_STARTED","port":"3000","serverUrl":"http://localhost:3000","service":"urbango-api","status":"running","timestamp":"2025-12-27 13:58:21"}
{"environment":"development","level":"info","message":"APPLICATION_STARTING","port":"3000","serverUrl":"http://localhost:3000","service":"urbango-api","timestamp":"2025-12-27 13:59:28"}
{"level":"info","message":"DATABASE_CONNECTED","service":"urbango-api","status":"connected","timestamp":"2025-12-27 13:59:28","url":"mongodb://localhost:27017/urbango"}
{"environment":"development","level":"info","message":"APPLICATION_STARTED","port":"3000","serverUrl":"http://localhost:3000","service":"urbango-api","status":"running","timestamp":"2025-12-27 13:59:28"}
{"environment":"development","level":"info","message":"APPLICATION_STARTING","port":"3000","serverUrl":"http://localhost:3000","service":"urbango-api","timestamp":"2025-12-27 13:59:51"}
{"level":"info","message":"DATABASE_CONNECTED","service":"urbango-api","status":"connected","timestamp":"2025-12-27 13:59:51","url":"mongodb://localhost:27017/urbango"}
{"environment":"development","level":"info","message":"APPLICATION_STARTED","port":"3000","serverUrl":"http://localhost:3000","service":"urbango-api","status":"running","timestamp":"2025-12-27 13:59:51"}
{"environment":"development","level":"info","message":"APPLICATION_STARTING","port":"3000","serverUrl":"http://localhost:3000","service":"urbango-api","timestamp":"2025-12-27 14:00:16"}
{"level":"info","message":"DATABASE_CONNECTED","service":"urbango-api","status":"connected","timestamp":"2025-12-27 14:00:16","url":"mongodb://localhost:27017/urbango"}
{"environment":"development","level":"info","message":"APPLICATION_STARTED","port":"3000","serverUrl":"http://localhost:3000","service":"urbango-api","status":"running","timestamp":"2025-12-27 14:00:16"}
{"level":"info","message":"APPLICATION_SHUTDOWN_INITIATED","service":"urbango-api","signal":"SIGINT","timestamp":"2025-12-27 14:27:34"}
{"environment":"development","level":"info","message":"APPLICATION_STARTING","port":"3000","serverUrl":"http://localhost:3000","service":"urbango-api","timestamp":"2025-12-29 06:36:35"}
{"level":"info","message":"DATABASE_CONNECTED","service":"urbango-api","status":"connected","timestamp":"2025-12-29 06:36:35","url":"mongodb://localhost:27017/urbango"}
{"environment":"development","level":"info","message":"APPLICATION_STARTED","port":"3000","serverUrl":"http://localhost:3000","service":"urbango-api","status":"running","timestamp":"2025-12-29 06:36:35"}
{"environment":"development","level":"info","message":"APPLICATION_STARTING","port":"3000","serverUrl":"http://localhost:3000","service":"urbango-api","timestamp":"2025-12-29 12:15:04"}
{"level":"info","message":"DATABASE_CONNECTED","service":"urbango-api","status":"connected","timestamp":"2025-12-29 12:15:04","url":"mongodb://localhost:27017/urbango"}
{"environment":"development","level":"info","message":"APPLICATION_STARTED","port":"3000","serverUrl":"http://localhost:3000","service":"urbango-api","status":"running","timestamp":"2025-12-29 12:15:04"}
{"environment":"development","level":"info","message":"APPLICATION_STARTING","port":"3000","serverUrl":"http://localhost:3000","service":"urbango-api","timestamp":"2025-12-29 12:19:40"}
{"level":"info","message":"DATABASE_CONNECTED","service":"urbango-api","status":"connected","timestamp":"2025-12-29 12:19:40","url":"mongodb://localhost:27017/urbango"}
{"environment":"development","level":"info","message":"APPLICATION_STARTED","port":"3000","serverUrl":"http://localhost:3000","service":"urbango-api","status":"running","timestamp":"2025-12-29 12:19:40"}
{"environment":"development","level":"info","message":"APPLICATION_STARTING","port":"3000","serverUrl":"http://localhost:3000","service":"urbango-api","timestamp":"2025-12-29 12:39:00"}
{"level":"info","message":"DATABASE_CONNECTED","service":"urbango-api","status":"connected","timestamp":"2025-12-29 12:39:00","url":"mongodb://localhost:27017/urbango"}
{"environment":"development","level":"info","message":"APPLICATION_STARTED","port":"3000","serverUrl":"http://localhost:3000","service":"urbango-api","status":"running","timestamp":"2025-12-29 12:39:00"}
{"environment":"development","level":"info","message":"APPLICATION_STARTING","port":"3000","serverUrl":"http://localhost:3000","service":"urbango-api","timestamp":"2025-12-29 12:39:09"}
{"level":"info","message":"DATABASE_CONNECTED","service":"urbango-api","status":"connected","timestamp":"2025-12-29 12:39:09","url":"mongodb://localhost:27017/urbango"}
{"environment":"development","level":"info","message":"APPLICATION_STARTED","port":"3000","serverUrl":"http://localhost:3000","service":"urbango-api","status":"running","timestamp":"2025-12-29 12:39:09"}
{"environment":"development","level":"info","message":"APPLICATION_STARTING","port":"3000","serverUrl":"http://localhost:3000","service":"urbango-api","timestamp":"2025-12-29 12:39:28"}
{"level":"info","message":"DATABASE_CONNECTED","service":"urbango-api","status":"connected","timestamp":"2025-12-29 12:39:28","url":"mongodb://localhost:27017/urbango"}
{"environment":"development","level":"info","message":"APPLICATION_STARTED","port":"3000","serverUrl":"http://localhost:3000","service":"urbango-api","status":"running","timestamp":"2025-12-29 12:39:28"}
{"environment":"development","level":"info","message":"APPLICATION_STARTING","port":"3000","serverUrl":"http://localhost:3000","service":"urbango-api","timestamp":"2025-12-29 12:39:38"}
{"level":"info","message":"DATABASE_CONNECTED","service":"urbango-api","status":"connected","timestamp":"2025-12-29 12:39:39","url":"mongodb://localhost:27017/urbango"}
{"environment":"development","level":"info","message":"APPLICATION_STARTED","port":"3000","serverUrl":"http://localhost:3000","service":"urbango-api","status":"running","timestamp":"2025-12-29 12:39:39"}
{"environment":"development","level":"info","message":"APPLICATION_STARTING","port":"3000","serverUrl":"http://localhost:3000","service":"urbango-api","timestamp":"2025-12-29 12:39:41"}
{"level":"info","message":"DATABASE_CONNECTED","service":"urbango-api","status":"connected","timestamp":"2025-12-29 12:39:41","url":"mongodb://localhost:27017/urbango"}
{"environment":"development","level":"info","message":"APPLICATION_STARTED","port":"3000","serverUrl":"http://localhost:3000","service":"urbango-api","status":"running","timestamp":"2025-12-29 12:39:41"}
{"environment":"development","level":"info","message":"APPLICATION_STARTING","port":"3000","serverUrl":"http://localhost:3000","service":"urbango-api","timestamp":"2025-12-29 12:39:42"}
{"level":"info","message":"DATABASE_CONNECTED","service":"urbango-api","status":"connected","timestamp":"2025-12-29 12:39:43","url":"mongodb://localhost:27017/urbango"}
{"environment":"development","level":"info","message":"APPLICATION_STARTED","port":"3000","serverUrl":"http://localhost:3000","service":"urbango-api","status":"running","timestamp":"2025-12-29 12:39:43"}
{"environment":"development","level":"info","message":"APPLICATION_STARTING","port":"3000","serverUrl":"http://localhost:3000","service":"urbango-api","timestamp":"2025-12-29 12:39:45"}
{"level":"info","message":"DATABASE_CONNECTED","service":"urbango-api","status":"connected","timestamp":"2025-12-29 12:39:45","url":"mongodb://localhost:27017/urbango"}
{"environment":"development","level":"info","message":"APPLICATION_STARTED","port":"3000","serverUrl":"http://localhost:3000","service":"urbango-api","status":"running","timestamp":"2025-12-29 12:39:45"}
{"environment":"development","level":"info","message":"APPLICATION_STARTING","port":"3000","serverUrl":"http://localhost:3000","service":"urbango-api","timestamp":"2025-12-29 12:39:47"}
{"level":"info","message":"DATABASE_CONNECTED","service":"urbango-api","status":"connected","timestamp":"2025-12-29 12:39:47","url":"mongodb://localhost:27017/urbango"}
{"environment":"development","level":"info","message":"APPLICATION_STARTED","port":"3000","serverUrl":"http://localhost:3000","service":"urbango-api","status":"running","timestamp":"2025-12-29 12:39:47"}
{"environment":"development","level":"info","message":"APPLICATION_STARTING","port":"3000","serverUrl":"http://localhost:3000","service":"urbango-api","timestamp":"2025-12-29 12:39:56"}
{"level":"info","message":"DATABASE_CONNECTED","service":"urbango-api","status":"connected","timestamp":"2025-12-29 12:39:56","url":"mongodb://localhost:27017/urbango"}
{"environment":"development","level":"info","message":"APPLICATION_STARTED","port":"3000","serverUrl":"http://localhost:3000","service":"urbango-api","status":"running","timestamp":"2025-12-29 12:39:56"}
{"environment":"development","level":"info","message":"APPLICATION_STARTING","port":"3000","serverUrl":"http://localhost:3000","service":"urbango-api","timestamp":"2025-12-29 12:39:58"}
{"level":"info","message":"DATABASE_CONNECTED","service":"urbango-api","status":"connected","timestamp":"2025-12-29 12:39:58","url":"mongodb://localhost:27017/urbango"}
{"environment":"development","level":"info","message":"APPLICATION_STARTED","port":"3000","serverUrl":"http://localhost:3000","service":"urbango-api","status":"running","timestamp":"2025-12-29 12:39:58"}
{"environment":"development","level":"info","message":"APPLICATION_STARTING","port":"3000","serverUrl":"http://localhost:3000","service":"urbango-api","timestamp":"2025-12-29 12:40:08"}
{"level":"info","message":"DATABASE_CONNECTED","service":"urbango-api","status":"connected","timestamp":"2025-12-29 12:40:08","url":"mongodb://localhost:27017/urbango"}
{"environment":"development","level":"info","message":"APPLICATION_STARTED","port":"3000","serverUrl":"http://localhost:3000","service":"urbango-api","status":"running","timestamp":"2025-12-29 12:40:08"}
{"environment":"development","level":"info","message":"APPLICATION_STARTING","port":"3000","serverUrl":"http://localhost:3000","service":"urbango-api","timestamp":"2025-12-29 12:40:17"}
{"level":"info","message":"DATABASE_CONNECTED","service":"urbango-api","status":"connected","timestamp":"2025-12-29 12:40:17","url":"mongodb://localhost:27017/urbango"}
{"environment":"development","level":"info","message":"APPLICATION_STARTED","port":"3000","serverUrl":"http://localhost:3000","service":"urbango-api","status":"running","timestamp":"2025-12-29 12:40:17"}
{"environment":"development","level":"info","message":"APPLICATION_STARTING","port":"3000","serverUrl":"http://localhost:3000","service":"urbango-api","timestamp":"2025-12-29 12:40:26"}
{"level":"info","message":"DATABASE_CONNECTED","service":"urbango-api","status":"connected","timestamp":"2025-12-29 12:40:26","url":"mongodb://localhost:27017/urbango"}
{"environment":"development","level":"info","message":"APPLICATION_STARTED","port":"3000","serverUrl":"http://localhost:3000","service":"urbango-api","status":"running","timestamp":"2025-12-29 12:40:26"}
{"environment":"development","level":"info","message":"APPLICATION_STARTING","port":"3000","serverUrl":"http://localhost:3000","service":"urbango-api","timestamp":"2025-12-29 12:41:57"}
{"level":"info","message":"DATABASE_CONNECTED","service":"urbango-api","status":"connected","timestamp":"2025-12-29 12:41:57","url":"mongodb://localhost:27017/urbango"}
{"environment":"development","level":"info","message":"APPLICATION_STARTED","port":"3000","serverUrl":"http://localhost:3000","service":"urbango-api","status":"running","timestamp":"2025-12-29 12:41:57"}
{"environment":"development","level":"info","message":"APPLICATION_STARTING","port":"3000","serverUrl":"http://localhost:3000","service":"urbango-api","timestamp":"2025-12-29 12:42:05"}
{"level":"info","message":"DATABASE_CONNECTED","service":"urbango-api","status":"connected","timestamp":"2025-12-29 12:42:05","url":"mongodb://localhost:27017/urbango"}
{"environment":"development","level":"info","message":"APPLICATION_STARTED","port":"3000","serverUrl":"http://localhost:3000","service":"urbango-api","status":"running","timestamp":"2025-12-29 12:42:05"}
{"environment":"development","level":"info","message":"APPLICATION_STARTING","port":"3000","serverUrl":"http://localhost:3000","service":"urbango-api","timestamp":"2025-12-29 12:42:25"}
{"level":"info","message":"DATABASE_CONNECTED","service":"urbango-api","status":"connected","timestamp":"2025-12-29 12:42:25","url":"mongodb://localhost:27017/urbango"}
{"environment":"development","level":"info","message":"APPLICATION_STARTED","port":"3000","serverUrl":"http://localhost:3000","service":"urbango-api","status":"running","timestamp":"2025-12-29 12:42:25"}
{"environment":"development","level":"info","message":"APPLICATION_STARTING","port":"3000","serverUrl":"http://localhost:3000","service":"urbango-api","timestamp":"2025-12-29 12:42:30"}
{"level":"info","message":"DATABASE_CONNECTED","service":"urbango-api","status":"connected","timestamp":"2025-12-29 12:42:30","url":"mongodb://localhost:27017/urbango"}
{"environment":"development","level":"info","message":"APPLICATION_STARTED","port":"3000","serverUrl":"http://localhost:3000","service":"urbango-api","status":"running","timestamp":"2025-12-29 12:42:31"}
{"ip":"::1","level":"error","message":"SERVER_ERROR_500 adminModel is not defined","method":"POST","originalError":"ReferenceError","requestBody":{"description":"Has full access to the system including role and permission management","displayName":"Super Administrator","isActive":true,"level":10,"metadata":{"system":true},"permissions":["64bfc241c092eba2b934001","64bfc241c092eba2b934002","64bfc241c092eba2b934003","64bfc241c092eba2b934004","64bfc241c092eba2b934005"],"roleName":"SUPER_ADMIN"},"service":"urbango-api","stack":"ReferenceError: adminModel is not defined\n    at devAdmin (D:\\03_Projects\\Backend\\Movon\\src\\middleware\\bootstrapMiddleware.js:16:17)\n    at Layer.handleRequest (D:\\03_Projects\\Backend\\Movon\\node_modules\\router\\lib\\layer.js:152:17)\n    at next (D:\\03_Projects\\Backend\\Movon\\node_modules\\router\\lib\\route.js:157:13)\n    at Route.dispatch (D:\\03_Projects\\Backend\\Movon\\node_modules\\router\\lib\\route.js:117:3)\n    at handle (D:\\03_Projects\\Backend\\Movon\\node_modules\\router\\index.js:435:11)\n    at Layer.handleRequest (D:\\03_Projects\\Backend\\Movon\\node_modules\\router\\lib\\layer.js:152:17)\n    at D:\\03_Projects\\Backend\\Movon\\node_modules\\router\\index.js:295:15\n    at processParams (D:\\03_Projects\\Backend\\Movon\\node_modules\\router\\index.js:582:12)\n    at next (D:\\03_Projects\\Backend\\Movon\\node_modules\\router\\index.js:291:5)\n    at Function.handle (D:\\03_Projects\\Backend\\Movon\\node_modules\\router\\index.js:186:3)","statusCode":500,"timestamp":"2025-12-29 12:42:34","url":"/api/v1/role","userAgent":"PostmanRuntime/7.51.0","userId":"anonymous"}
{"environment":"development","level":"info","message":"APPLICATION_STARTING","port":"3000","serverUrl":"http://localhost:3000","service":"urbango-api","timestamp":"2025-12-29 12:42:56"}
{"level":"info","message":"DATABASE_CONNECTED","service":"urbango-api","status":"connected","timestamp":"2025-12-29 12:42:56","url":"mongodb://localhost:27017/urbango"}
{"environment":"development","level":"info","message":"APPLICATION_STARTED","port":"3000","serverUrl":"http://localhost:3000","service":"urbango-api","status":"running","timestamp":"2025-12-29 12:42:56"}
{"environment":"development","level":"info","message":"APPLICATION_STARTING","port":"3000","serverUrl":"http://localhost:3000","service":"urbango-api","timestamp":"2025-12-29 12:46:10"}
{"level":"info","message":"DATABASE_CONNECTED","service":"urbango-api","status":"connected","timestamp":"2025-12-29 12:46:10","url":"mongodb://localhost:27017/urbango"}
{"environment":"development","level":"info","message":"APPLICATION_STARTED","port":"3000","serverUrl":"http://localhost:3000","service":"urbango-api","status":"running","timestamp":"2025-12-29 12:46:10"}
{"environment":"development","level":"info","message":"APPLICATION_STARTING","port":"3000","serverUrl":"http://localhost:3000","service":"urbango-api","timestamp":"2025-12-29 12:46:23"}
{"level":"info","message":"DATABASE_CONNECTED","service":"urbango-api","status":"connected","timestamp":"2025-12-29 12:46:23","url":"mongodb://localhost:27017/urbango"}
{"environment":"development","level":"info","message":"APPLICATION_STARTED","port":"3000","serverUrl":"http://localhost:3000","service":"urbango-api","status":"running","timestamp":"2025-12-29 12:46:23"}
{"environment":"development","level":"info","message":"APPLICATION_STARTING","port":"3000","serverUrl":"http://localhost:3000","service":"urbango-api","timestamp":"2025-12-29 12:46:27"}
{"level":"info","message":"DATABASE_CONNECTED","service":"urbango-api","status":"connected","timestamp":"2025-12-29 12:46:27","url":"mongodb://localhost:27017/urbango"}
{"environment":"development","level":"info","message":"APPLICATION_STARTED","port":"3000","serverUrl":"http://localhost:3000","service":"urbango-api","status":"running","timestamp":"2025-12-29 12:46:27"}
{"environment":"development","level":"info","message":"APPLICATION_STARTING","port":"3000","serverUrl":"http://localhost:3000","service":"urbango-api","timestamp":"2025-12-29 12:46:29"}
{"level":"info","message":"DATABASE_CONNECTED","service":"urbango-api","status":"connected","timestamp":"2025-12-29 12:46:29","url":"mongodb://localhost:27017/urbango"}
{"environment":"development","level":"info","message":"APPLICATION_STARTED","port":"3000","serverUrl":"http://localhost:3000","service":"urbango-api","status":"running","timestamp":"2025-12-29 12:46:29"}
{"environment":"development","level":"info","message":"APPLICATION_STARTING","port":"3000","serverUrl":"http://localhost:3000","service":"urbango-api","timestamp":"2025-12-29 12:46:30"}
{"level":"info","message":"DATABASE_CONNECTED","service":"urbango-api","status":"connected","timestamp":"2025-12-29 12:46:30","url":"mongodb://localhost:27017/urbango"}
{"environment":"development","level":"info","message":"APPLICATION_STARTED","port":"3000","serverUrl":"http://localhost:3000","service":"urbango-api","status":"running","timestamp":"2025-12-29 12:46:30"}
{"environment":"development","level":"info","message":"APPLICATION_STARTING","port":"3000","serverUrl":"http://localhost:3000","service":"urbango-api","timestamp":"2025-12-29 12:49:59"}
{"level":"info","message":"DATABASE_CONNECTED","service":"urbango-api","status":"connected","timestamp":"2025-12-29 12:49:59","url":"mongodb://localhost:27017/urbango"}
{"environment":"development","level":"info","message":"APPLICATION_STARTED","port":"3000","serverUrl":"http://localhost:3000","service":"urbango-api","status":"running","timestamp":"2025-12-29 12:49:59"}
{"ip":"::1","level":"warn","message":"CLIENT_ERROR_400 Expected double-quoted property name in JSON at position 756","method":"POST","originalError":"SyntaxError","service":"urbango-api","stack":"SyntaxError: Expected double-quoted property name in JSON at position 756\n    at JSON.parse (<anonymous>)\n    at parse (D:\\03_Projects\\Backend\\Movon\\node_modules\\body-parser\\lib\\types\\json.js:74:19)\n    at D:\\03_Projects\\Backend\\Movon\\node_modules\\body-parser\\lib\\read.js:163:18\n    at AsyncResource.runInAsyncScope (node:async_hooks:206:9)\n    at invokeCallback (D:\\03_Projects\\Backend\\Movon\\node_modules\\raw-body\\index.js:238:16)\n    at done (D:\\03_Projects\\Backend\\Movon\\node_modules\\raw-body\\index.js:227:7)\n    at IncomingMessage.onEnd (D:\\03_Projects\\Backend\\Movon\\node_modules\\raw-body\\index.js:287:7)\n    at IncomingMessage.emit (node:events:518:28)\n    at endReadableNT (node:internal/streams/readable:1696:12)\n    at process.processTicksAndRejections (node:internal/process/task_queues:82:21)","statusCode":400,"timestamp":"2025-12-29 13:05:35","url":"/api/v1/role","userAgent":"PostmanRuntime/7.51.0","userId":"anonymous"}
{"ip":"::1","level":"warn","message":"CLIENT_ERROR_400 Expected double-quoted property name in JSON at position 752","method":"POST","originalError":"SyntaxError","service":"urbango-api","stack":"SyntaxError: Expected double-quoted property name in JSON at position 752\n    at JSON.parse (<anonymous>)\n    at parse (D:\\03_Projects\\Backend\\Movon\\node_modules\\body-parser\\lib\\types\\json.js:74:19)\n    at D:\\03_Projects\\Backend\\Movon\\node_modules\\body-parser\\lib\\read.js:163:18\n    at AsyncResource.runInAsyncScope (node:async_hooks:206:9)\n    at invokeCallback (D:\\03_Projects\\Backend\\Movon\\node_modules\\raw-body\\index.js:238:16)\n    at done (D:\\03_Projects\\Backend\\Movon\\node_modules\\raw-body\\index.js:227:7)\n    at IncomingMessage.onEnd (D:\\03_Projects\\Backend\\Movon\\node_modules\\raw-body\\index.js:287:7)\n    at IncomingMessage.emit (node:events:518:28)\n    at endReadableNT (node:internal/streams/readable:1696:12)\n    at process.processTicksAndRejections (node:internal/process/task_queues:82:21)","statusCode":400,"timestamp":"2025-12-29 13:05:57","url":"/api/v1/role","userAgent":"PostmanRuntime/7.51.0","userId":"anonymous"}
{"ip":"::1","level":"warn","message":"CLIENT_ERROR_400 Unexpected non-whitespace character after JSON at position 1044","method":"POST","originalError":"SyntaxError","service":"urbango-api","stack":"SyntaxError: Unexpected non-whitespace character after JSON at position 1044\n    at JSON.parse (<anonymous>)\n    at parse (D:\\03_Projects\\Backend\\Movon\\node_modules\\body-parser\\lib\\types\\json.js:74:19)\n    at D:\\03_Projects\\Backend\\Movon\\node_modules\\body-parser\\lib\\read.js:163:18\n    at AsyncResource.runInAsyncScope (node:async_hooks:206:9)\n    at invokeCallback (D:\\03_Projects\\Backend\\Movon\\node_modules\\raw-body\\index.js:238:16)\n    at done (D:\\03_Projects\\Backend\\Movon\\node_modules\\raw-body\\index.js:227:7)\n    at IncomingMessage.onEnd (D:\\03_Projects\\Backend\\Movon\\node_modules\\raw-body\\index.js:287:7)\n    at IncomingMessage.emit (node:events:518:28)\n    at endReadableNT (node:internal/streams/readable:1696:12)\n    at process.processTicksAndRejections (node:internal/process/task_queues:82:21)","statusCode":400,"timestamp":"2025-12-29 13:07:31","url":"/api/v1/role","userAgent":"PostmanRuntime/7.51.0","userId":"anonymous"}
{"environment":"development","level":"info","message":"APPLICATION_STARTING","port":"3000","serverUrl":"http://localhost:3000","service":"urbango-api","timestamp":"2025-12-29 13:10:11"}
{"level":"info","message":"DATABASE_CONNECTED","service":"urbango-api","status":"connected","timestamp":"2025-12-29 13:10:11","url":"mongodb://localhost:27017/urbango"}
{"environment":"development","level":"info","message":"APPLICATION_STARTED","port":"3000","serverUrl":"http://localhost:3000","service":"urbango-api","status":"running","timestamp":"2025-12-29 13:10:11"}
{"ip":"::1","level":"warn","message":"CLIENT_ERROR_400 Expected double-quoted property name in JSON at position 4099","method":"POST","originalError":"SyntaxError","service":"urbango-api","stack":"SyntaxError: Expected double-quoted property name in JSON at position 4099\n    at JSON.parse (<anonymous>)\n    at parse (D:\\03_Projects\\Backend\\Movon\\node_modules\\body-parser\\lib\\types\\json.js:74:19)\n    at D:\\03_Projects\\Backend\\Movon\\node_modules\\body-parser\\lib\\read.js:163:18\n    at AsyncResource.runInAsyncScope (node:async_hooks:206:9)\n    at invokeCallback (D:\\03_Projects\\Backend\\Movon\\node_modules\\raw-body\\index.js:238:16)\n    at done (D:\\03_Projects\\Backend\\Movon\\node_modules\\raw-body\\index.js:227:7)\n    at IncomingMessage.onEnd (D:\\03_Projects\\Backend\\Movon\\node_modules\\raw-body\\index.js:287:7)\n    at IncomingMessage.emit (node:events:518:28)\n    at endReadableNT (node:internal/streams/readable:1696:12)\n    at process.processTicksAndRejections (node:internal/process/task_queues:82:21)","statusCode":400,"timestamp":"2025-12-29 13:14:29","url":"/api/v1/role","userAgent":"PostmanRuntime/7.51.0","userId":"anonymous"}
{"environment":"development","level":"info","message":"APPLICATION_STARTING","port":"3000","serverUrl":"http://localhost:3000","service":"urbango-api","timestamp":"2026-01-01 15:12:07"}
{"level":"info","message":"DATABASE_CONNECTED","service":"urbango-api","status":"connected","timestamp":"2026-01-01 15:12:08","url":"mongodb://localhost:27017/urbango"}
{"environment":"development","level":"info","message":"APPLICATION_STARTED","port":"3000","serverUrl":"http://localhost:3000","service":"urbango-api","status":"running","timestamp":"2026-01-01 15:12:08"}
{"environment":"development","level":"info","message":"APPLICATION_STARTING","port":"3000","serverUrl":"http://localhost:3000","service":"urbango-api","timestamp":"2026-01-01 15:12:47"}
{"level":"info","message":"DATABASE_CONNECTED","service":"urbango-api","status":"connected","timestamp":"2026-01-01 15:12:47","url":"mongodb://localhost:27017/urbango"}
{"environment":"development","level":"info","message":"APPLICATION_STARTED","port":"3000","serverUrl":"http://localhost:3000","service":"urbango-api","status":"running","timestamp":"2026-01-01 15:12:47"}
{"environment":"development","level":"info","message":"APPLICATION_STARTING","port":"3000","serverUrl":"http://localhost:3000","service":"urbango-api","timestamp":"2026-01-01 15:12:52"}
{"level":"info","message":"DATABASE_CONNECTED","service":"urbango-api","status":"connected","timestamp":"2026-01-01 15:12:52","url":"mongodb://localhost:27017/urbango"}
{"environment":"development","level":"info","message":"APPLICATION_STARTED","port":"3000","serverUrl":"http://localhost:3000","service":"urbango-api","status":"running","timestamp":"2026-01-01 15:12:52"}
{"environment":"development","level":"info","message":"APPLICATION_STARTING","port":"3000","serverUrl":"http://localhost:3000","service":"urbango-api","timestamp":"2026-01-01 15:12:56"}
{"level":"info","message":"DATABASE_CONNECTED","service":"urbango-api","status":"connected","timestamp":"2026-01-01 15:12:56","url":"mongodb://localhost:27017/urbango"}
{"environment":"development","level":"info","message":"APPLICATION_STARTED","port":"3000","serverUrl":"http://localhost:3000","service":"urbango-api","status":"running","timestamp":"2026-01-01 15:12:56"}
{"environment":"development","level":"info","message":"APPLICATION_STARTING","port":"3000","serverUrl":"http://localhost:3000","service":"urbango-api","timestamp":"2026-01-01 15:14:15"}
{"level":"info","message":"DATABASE_CONNECTED","service":"urbango-api","status":"connected","timestamp":"2026-01-01 15:14:15","url":"mongodb://localhost:27017/urbango"}
{"environment":"development","level":"info","message":"APPLICATION_STARTED","port":"3000","serverUrl":"http://localhost:3000","service":"urbango-api","status":"running","timestamp":"2026-01-01 15:14:15"}
{"environment":"development","level":"info","message":"APPLICATION_STARTING","port":"3000","serverUrl":"http://localhost:3000","service":"urbango-api","timestamp":"2026-01-01 15:14:29"}
{"level":"info","message":"DATABASE_CONNECTED","service":"urbango-api","status":"connected","timestamp":"2026-01-01 15:14:29","url":"mongodb://localhost:27017/urbango"}
{"environment":"development","level":"info","message":"APPLICATION_STARTED","port":"3000","serverUrl":"http://localhost:3000","service":"urbango-api","status":"running","timestamp":"2026-01-01 15:14:29"}
{"environment":"development","level":"info","message":"APPLICATION_STARTING","port":"3000","serverUrl":"http://localhost:3000","service":"urbango-api","timestamp":"2026-01-01 15:14:39"}
{"level":"info","message":"DATABASE_CONNECTED","service":"urbango-api","status":"connected","timestamp":"2026-01-01 15:14:39","url":"mongodb://localhost:27017/urbango"}
{"environment":"development","level":"info","message":"APPLICATION_STARTED","port":"3000","serverUrl":"http://localhost:3000","service":"urbango-api","status":"running","timestamp":"2026-01-01 15:14:39"}
{"environment":"development","level":"info","message":"APPLICATION_STARTING","port":"3000","serverUrl":"http://localhost:3000","service":"urbango-api","timestamp":"2026-01-01 15:14:48"}
{"level":"info","message":"DATABASE_CONNECTED","service":"urbango-api","status":"connected","timestamp":"2026-01-01 15:14:48","url":"mongodb://localhost:27017/urbango"}
{"environment":"development","level":"info","message":"APPLICATION_STARTED","port":"3000","serverUrl":"http://localhost:3000","service":"urbango-api","status":"running","timestamp":"2026-01-01 15:14:48"}
{"environment":"development","level":"info","message":"APPLICATION_STARTING","port":"3000","serverUrl":"http://localhost:3000","service":"urbango-api","timestamp":"2026-01-01 15:15:56"}
{"level":"info","message":"DATABASE_CONNECTED","service":"urbango-api","status":"connected","timestamp":"2026-01-01 15:15:56","url":"mongodb://localhost:27017/urbango"}
{"environment":"development","level":"info","message":"APPLICATION_STARTED","port":"3000","serverUrl":"http://localhost:3000","service":"urbango-api","status":"running","timestamp":"2026-01-01 15:15:56"}
{"environment":"development","level":"info","message":"APPLICATION_STARTING","port":"3000","serverUrl":"http://localhost:3000","service":"urbango-api","timestamp":"2026-01-01 15:16:00"}
{"level":"info","message":"DATABASE_CONNECTED","service":"urbango-api","status":"connected","timestamp":"2026-01-01 15:16:00","url":"mongodb://localhost:27017/urbango"}
{"environment":"development","level":"info","message":"APPLICATION_STARTED","port":"3000","serverUrl":"http://localhost:3000","service":"urbango-api","status":"running","timestamp":"2026-01-01 15:16:00"}
{"environment":"development","level":"info","message":"APPLICATION_STARTING","port":"3000","serverUrl":"http://localhost:3000","service":"urbango-api","timestamp":"2026-01-01 15:16:02"}
{"level":"info","message":"DATABASE_CONNECTED","service":"urbango-api","status":"connected","timestamp":"2026-01-01 15:16:02","url":"mongodb://localhost:27017/urbango"}
{"environment":"development","level":"info","message":"APPLICATION_STARTED","port":"3000","serverUrl":"http://localhost:3000","service":"urbango-api","status":"running","timestamp":"2026-01-01 15:16:02"}
{"environment":"development","level":"info","message":"APPLICATION_STARTING","port":"3000","serverUrl":"http://localhost:3000","service":"urbango-api","timestamp":"2026-01-01 15:16:05"}
{"level":"info","message":"DATABASE_CONNECTED","service":"urbango-api","status":"connected","timestamp":"2026-01-01 15:16:05","url":"mongodb://localhost:27017/urbango"}
{"environment":"development","level":"info","message":"APPLICATION_STARTED","port":"3000","serverUrl":"http://localhost:3000","service":"urbango-api","status":"running","timestamp":"2026-01-01 15:16:05"}
{"environment":"development","level":"info","message":"APPLICATION_STARTING","port":"3000","serverUrl":"http://localhost:3000","service":"urbango-api","timestamp":"2026-01-01 15:16:09"}
{"level":"info","message":"DATABASE_CONNECTED","service":"urbango-api","status":"connected","timestamp":"2026-01-01 15:16:09","url":"mongodb://localhost:27017/urbango"}
{"environment":"development","level":"info","message":"APPLICATION_STARTED","port":"3000","serverUrl":"http://localhost:3000","service":"urbango-api","status":"running","timestamp":"2026-01-01 15:16:09"}
{"environment":"development","level":"info","message":"APPLICATION_STARTING","port":"3000","serverUrl":"http://localhost:3000","service":"urbango-api","timestamp":"2026-01-01 15:16:25"}
{"level":"info","message":"DATABASE_CONNECTED","service":"urbango-api","status":"connected","timestamp":"2026-01-01 15:16:25","url":"mongodb://localhost:27017/urbango"}
{"environment":"development","level":"info","message":"APPLICATION_STARTED","port":"3000","serverUrl":"http://localhost:3000","service":"urbango-api","status":"running","timestamp":"2026-01-01 15:16:25"}
{"environment":"development","level":"info","message":"APPLICATION_STARTING","port":"3000","serverUrl":"http://localhost:3000","service":"urbango-api","timestamp":"2026-01-01 15:16:26"}
{"level":"info","message":"DATABASE_CONNECTED","service":"urbango-api","status":"connected","timestamp":"2026-01-01 15:16:26","url":"mongodb://localhost:27017/urbango"}
{"environment":"development","level":"info","message":"APPLICATION_STARTED","port":"3000","serverUrl":"http://localhost:3000","service":"urbango-api","status":"running","timestamp":"2026-01-01 15:16:26"}
{"environment":"development","level":"info","message":"APPLICATION_STARTING","port":"3000","serverUrl":"http://localhost:3000","service":"urbango-api","timestamp":"2026-01-01 15:16:30"}
{"level":"info","message":"DATABASE_CONNECTED","service":"urbango-api","status":"connected","timestamp":"2026-01-01 15:16:30","url":"mongodb://localhost:27017/urbango"}
{"environment":"development","level":"info","message":"APPLICATION_STARTED","port":"3000","serverUrl":"http://localhost:3000","service":"urbango-api","status":"running","timestamp":"2026-01-01 15:16:30"}
{"environment":"development","level":"info","message":"APPLICATION_STARTING","port":"3000","serverUrl":"http://localhost:3000","service":"urbango-api","timestamp":"2026-01-01 15:16:31"}
{"level":"info","message":"DATABASE_CONNECTED","service":"urbango-api","status":"connected","timestamp":"2026-01-01 15:16:32","url":"mongodb://localhost:27017/urbango"}
{"environment":"development","level":"info","message":"APPLICATION_STARTED","port":"3000","serverUrl":"http://localhost:3000","service":"urbango-api","status":"running","timestamp":"2026-01-01 15:16:32"}
{"environment":"development","level":"info","message":"APPLICATION_STARTING","port":"3000","serverUrl":"http://localhost:3000","service":"urbango-api","timestamp":"2026-01-01 15:16:33"}
{"level":"info","message":"DATABASE_CONNECTED","service":"urbango-api","status":"connected","timestamp":"2026-01-01 15:16:33","url":"mongodb://localhost:27017/urbango"}
{"environment":"development","level":"info","message":"APPLICATION_STARTED","port":"3000","serverUrl":"http://localhost:3000","service":"urbango-api","status":"running","timestamp":"2026-01-01 15:16:33"}
{"environment":"development","level":"info","message":"APPLICATION_STARTING","port":"3000","serverUrl":"http://localhost:3000","service":"urbango-api","timestamp":"2026-01-01 15:17:15"}
{"level":"info","message":"DATABASE_CONNECTED","service":"urbango-api","status":"connected","timestamp":"2026-01-01 15:17:15","url":"mongodb://localhost:27017/urbango"}
{"environment":"development","level":"info","message":"APPLICATION_STARTED","port":"3000","serverUrl":"http://localhost:3000","service":"urbango-api","status":"running","timestamp":"2026-01-01 15:17:15"}
{"environment":"development","level":"info","message":"APPLICATION_STARTING","port":"3000","serverUrl":"http://localhost:3000","service":"urbango-api","timestamp":"2026-01-01 15:18:41"}
{"level":"info","message":"DATABASE_CONNECTED","service":"urbango-api","status":"connected","timestamp":"2026-01-01 15:18:41","url":"mongodb://localhost:27017/urbango"}
{"environment":"development","level":"info","message":"APPLICATION_STARTED","port":"3000","serverUrl":"http://localhost:3000","service":"urbango-api","status":"running","timestamp":"2026-01-01 15:18:41"}
{"environment":"development","level":"info","message":"APPLICATION_STARTING","port":"3000","serverUrl":"http://localhost:3000","service":"urbango-api","timestamp":"2026-01-01 15:18:54"}
{"level":"info","message":"DATABASE_CONNECTED","service":"urbango-api","status":"connected","timestamp":"2026-01-01 15:18:54","url":"mongodb://localhost:27017/urbango"}
{"environment":"development","level":"info","message":"APPLICATION_STARTED","port":"3000","serverUrl":"http://localhost:3000","service":"urbango-api","status":"running","timestamp":"2026-01-01 15:18:54"}
{"environment":"development","level":"info","message":"APPLICATION_STARTING","port":"3000","serverUrl":"http://localhost:3000","service":"urbango-api","timestamp":"2026-01-01 15:19:32"}
{"level":"info","message":"DATABASE_CONNECTED","service":"urbango-api","status":"connected","timestamp":"2026-01-01 15:19:32","url":"mongodb://localhost:27017/urbango"}
{"environment":"development","level":"info","message":"APPLICATION_STARTED","port":"3000","serverUrl":"http://localhost:3000","service":"urbango-api","status":"running","timestamp":"2026-01-01 15:19:32"}
{"environment":"development","level":"info","message":"APPLICATION_STARTING","port":"3000","serverUrl":"http://localhost:3000","service":"urbango-api","timestamp":"2026-01-01 15:19:49"}
{"level":"info","message":"DATABASE_CONNECTED","service":"urbango-api","status":"connected","timestamp":"2026-01-01 15:19:49","url":"mongodb://localhost:27017/urbango"}
{"environment":"development","level":"info","message":"APPLICATION_STARTED","port":"3000","serverUrl":"http://localhost:3000","service":"urbango-api","status":"running","timestamp":"2026-01-01 15:19:49"}
{"environment":"development","level":"info","message":"APPLICATION_STARTING","port":"3000","serverUrl":"http://localhost:3000","service":"urbango-api","timestamp":"2026-01-01 15:19:51"}
{"level":"info","message":"DATABASE_CONNECTED","service":"urbango-api","status":"connected","timestamp":"2026-01-01 15:19:51","url":"mongodb://localhost:27017/urbango"}
{"environment":"development","level":"info","message":"APPLICATION_STARTED","port":"3000","serverUrl":"http://localhost:3000","service":"urbango-api","status":"running","timestamp":"2026-01-01 15:19:51"}
{"environment":"development","level":"info","message":"APPLICATION_STARTING","port":"3000","serverUrl":"http://localhost:3000","service":"urbango-api","timestamp":"2026-01-01 15:19:52"}
{"level":"info","message":"DATABASE_CONNECTED","service":"urbango-api","status":"connected","timestamp":"2026-01-01 15:19:52","url":"mongodb://localhost:27017/urbango"}
{"environment":"development","level":"info","message":"APPLICATION_STARTED","port":"3000","serverUrl":"http://localhost:3000","service":"urbango-api","status":"running","timestamp":"2026-01-01 15:19:52"}
{"environment":"development","level":"info","message":"APPLICATION_STARTING","port":"3000","serverUrl":"http://localhost:3000","service":"urbango-api","timestamp":"2026-01-01 15:20:03"}
{"level":"info","message":"DATABASE_CONNECTED","service":"urbango-api","status":"connected","timestamp":"2026-01-01 15:20:03","url":"mongodb://localhost:27017/urbango"}
{"environment":"development","level":"info","message":"APPLICATION_STARTED","port":"3000","serverUrl":"http://localhost:3000","service":"urbango-api","status":"running","timestamp":"2026-01-01 15:20:03"}
{"environment":"development","level":"info","message":"APPLICATION_STARTING","port":"3000","serverUrl":"http://localhost:3000","service":"urbango-api","timestamp":"2026-01-01 15:20:05"}
{"level":"info","message":"DATABASE_CONNECTED","service":"urbango-api","status":"connected","timestamp":"2026-01-01 15:20:05","url":"mongodb://localhost:27017/urbango"}
{"environment":"development","level":"info","message":"APPLICATION_STARTED","port":"3000","serverUrl":"http://localhost:3000","service":"urbango-api","status":"running","timestamp":"2026-01-01 15:20:05"}
{"environment":"development","level":"info","message":"APPLICATION_STARTING","port":"3000","serverUrl":"http://localhost:3000","service":"urbango-api","timestamp":"2026-01-01 15:20:13"}
{"level":"info","message":"DATABASE_CONNECTED","service":"urbango-api","status":"connected","timestamp":"2026-01-01 15:20:13","url":"mongodb://localhost:27017/urbango"}
{"environment":"development","level":"info","message":"APPLICATION_STARTED","port":"3000","serverUrl":"http://localhost:3000","service":"urbango-api","status":"running","timestamp":"2026-01-01 15:20:13"}
{"environment":"development","level":"info","message":"APPLICATION_STARTING","port":"3000","serverUrl":"http://localhost:3000","service":"urbango-api","timestamp":"2026-01-01 15:20:15"}
{"level":"info","message":"DATABASE_CONNECTED","service":"urbango-api","status":"connected","timestamp":"2026-01-01 15:20:15","url":"mongodb://localhost:27017/urbango"}
{"environment":"development","level":"info","message":"APPLICATION_STARTED","port":"3000","serverUrl":"http://localhost:3000","service":"urbango-api","status":"running","timestamp":"2026-01-01 15:20:15"}
{"environment":"development","level":"info","message":"APPLICATION_STARTING","port":"3000","serverUrl":"http://localhost:3000","service":"urbango-api","timestamp":"2026-01-01 15:20:18"}
{"level":"info","message":"DATABASE_CONNECTED","service":"urbango-api","status":"connected","timestamp":"2026-01-01 15:20:18","url":"mongodb://localhost:27017/urbango"}
{"environment":"development","level":"info","message":"APPLICATION_STARTED","port":"3000","serverUrl":"http://localhost:3000","service":"urbango-api","status":"running","timestamp":"2026-01-01 15:20:18"}
{"environment":"development","level":"info","message":"APPLICATION_STARTING","port":"3000","serverUrl":"http://localhost:3000","service":"urbango-api","timestamp":"2026-01-01 15:20:23"}
{"level":"info","message":"DATABASE_CONNECTED","service":"urbango-api","status":"connected","timestamp":"2026-01-01 15:20:24","url":"mongodb://localhost:27017/urbango"}
{"environment":"development","level":"info","message":"APPLICATION_STARTED","port":"3000","serverUrl":"http://localhost:3000","service":"urbango-api","status":"running","timestamp":"2026-01-01 15:20:24"}
{"environment":"development","level":"info","message":"APPLICATION_STARTING","port":"3000","serverUrl":"http://localhost:3000","service":"urbango-api","timestamp":"2026-01-01 15:20:27"}
{"level":"info","message":"DATABASE_CONNECTED","service":"urbango-api","status":"connected","timestamp":"2026-01-01 15:20:27","url":"mongodb://localhost:27017/urbango"}
{"environment":"development","level":"info","message":"APPLICATION_STARTED","port":"3000","serverUrl":"http://localhost:3000","service":"urbango-api","status":"running","timestamp":"2026-01-01 15:20:27"}
{"environment":"development","level":"info","message":"APPLICATION_STARTING","port":"3000","serverUrl":"http://localhost:3000","service":"urbango-api","timestamp":"2026-01-01 15:20:29"}
{"level":"info","message":"DATABASE_CONNECTED","service":"urbango-api","status":"connected","timestamp":"2026-01-01 15:20:30","url":"mongodb://localhost:27017/urbango"}
{"environment":"development","level":"info","message":"APPLICATION_STARTED","port":"3000","serverUrl":"http://localhost:3000","service":"urbango-api","status":"running","timestamp":"2026-01-01 15:20:30"}
{"environment":"development","level":"info","message":"APPLICATION_STARTING","port":"3000","serverUrl":"http://localhost:3000","service":"urbango-api","timestamp":"2026-01-01 15:20:37"}
{"level":"info","message":"DATABASE_CONNECTED","service":"urbango-api","status":"connected","timestamp":"2026-01-01 15:20:37","url":"mongodb://localhost:27017/urbango"}
{"environment":"development","level":"info","message":"APPLICATION_STARTED","port":"3000","serverUrl":"http://localhost:3000","service":"urbango-api","status":"running","timestamp":"2026-01-01 15:20:37"}
{"environment":"development","level":"info","message":"APPLICATION_STARTING","port":"3000","serverUrl":"http://localhost:3000","service":"urbango-api","timestamp":"2026-01-01 15:20:40"}
{"level":"info","message":"DATABASE_CONNECTED","service":"urbango-api","status":"connected","timestamp":"2026-01-01 15:20:40","url":"mongodb://localhost:27017/urbango"}
{"environment":"development","level":"info","message":"APPLICATION_STARTED","port":"3000","serverUrl":"http://localhost:3000","service":"urbango-api","status":"running","timestamp":"2026-01-01 15:20:40"}
{"environment":"development","level":"info","message":"APPLICATION_STARTING","port":"3000","serverUrl":"http://localhost:3000","service":"urbango-api","timestamp":"2026-01-01 15:20:41"}
{"level":"info","message":"DATABASE_CONNECTED","service":"urbango-api","status":"connected","timestamp":"2026-01-01 15:20:41","url":"mongodb://localhost:27017/urbango"}
{"environment":"development","level":"info","message":"APPLICATION_STARTED","port":"3000","serverUrl":"http://localhost:3000","service":"urbango-api","status":"running","timestamp":"2026-01-01 15:20:41"}
{"environment":"development","level":"info","message":"APPLICATION_STARTING","port":"3000","serverUrl":"http://localhost:3000","service":"urbango-api","timestamp":"2026-01-01 15:20:42"}
{"level":"info","message":"DATABASE_CONNECTED","service":"urbango-api","status":"connected","timestamp":"2026-01-01 15:20:42","url":"mongodb://localhost:27017/urbango"}
{"environment":"development","level":"info","message":"APPLICATION_STARTED","port":"3000","serverUrl":"http://localhost:3000","service":"urbango-api","status":"running","timestamp":"2026-01-01 15:20:42"}
{"environment":"development","level":"info","message":"APPLICATION_STARTING","port":"3000","serverUrl":"http://localhost:3000","service":"urbango-api","timestamp":"2026-01-01 15:20:44"}
{"level":"info","message":"DATABASE_CONNECTED","service":"urbango-api","status":"connected","timestamp":"2026-01-01 15:20:44","url":"mongodb://localhost:27017/urbango"}
{"environment":"development","level":"info","message":"APPLICATION_STARTED","port":"3000","serverUrl":"http://localhost:3000","service":"urbango-api","status":"running","timestamp":"2026-01-01 15:20:44"}
{"environment":"development","level":"info","message":"APPLICATION_STARTING","port":"3000","serverUrl":"http://localhost:3000","service":"urbango-api","timestamp":"2026-01-01 15:20:50"}
{"level":"info","message":"DATABASE_CONNECTED","service":"urbango-api","status":"connected","timestamp":"2026-01-01 15:20:50","url":"mongodb://localhost:27017/urbango"}
{"environment":"development","level":"info","message":"APPLICATION_STARTED","port":"3000","serverUrl":"http://localhost:3000","service":"urbango-api","status":"running","timestamp":"2026-01-01 15:20:50"}
{"environment":"development","level":"info","message":"APPLICATION_STARTING","port":"3000","serverUrl":"http://localhost:3000","service":"urbango-api","timestamp":"2026-01-01 15:20:52"}
{"level":"info","message":"DATABASE_CONNECTED","service":"urbango-api","status":"connected","timestamp":"2026-01-01 15:20:52","url":"mongodb://localhost:27017/urbango"}
{"environment":"development","level":"info","message":"APPLICATION_STARTED","port":"3000","serverUrl":"http://localhost:3000","service":"urbango-api","status":"running","timestamp":"2026-01-01 15:20:52"}
{"environment":"development","level":"info","message":"APPLICATION_STARTING","port":"3000","serverUrl":"http://localhost:3000","service":"urbango-api","timestamp":"2026-01-01 15:21:02"}
{"level":"info","message":"DATABASE_CONNECTED","service":"urbango-api","status":"connected","timestamp":"2026-01-01 15:21:02","url":"mongodb://localhost:27017/urbango"}
{"environment":"development","level":"info","message":"APPLICATION_STARTED","port":"3000","serverUrl":"http://localhost:3000","service":"urbango-api","status":"running","timestamp":"2026-01-01 15:21:02"}
{"environment":"development","level":"info","message":"APPLICATION_STARTING","port":"3000","serverUrl":"http://localhost:3000","service":"urbango-api","timestamp":"2026-01-01 15:23:54"}
{"level":"info","message":"DATABASE_CONNECTED","service":"urbango-api","status":"connected","timestamp":"2026-01-01 15:23:54","url":"mongodb://localhost:27017/urbango"}
{"environment":"development","level":"info","message":"APPLICATION_STARTED","port":"3000","serverUrl":"http://localhost:3000","service":"urbango-api","status":"running","timestamp":"2026-01-01 15:23:54"}
{"environment":"development","level":"info","message":"APPLICATION_STARTING","port":"3000","serverUrl":"http://localhost:3000","service":"urbango-api","timestamp":"2026-01-01 15:25:33"}
{"level":"info","message":"DATABASE_CONNECTED","service":"urbango-api","status":"connected","timestamp":"2026-01-01 15:25:33","url":"mongodb://localhost:27017/urbango"}
{"environment":"development","level":"info","message":"APPLICATION_STARTED","port":"3000","serverUrl":"http://localhost:3000","service":"urbango-api","status":"running","timestamp":"2026-01-01 15:25:33"}
{"environment":"development","level":"info","message":"APPLICATION_STARTING","port":"3000","serverUrl":"http://localhost:3000","service":"urbango-api","timestamp":"2026-01-01 15:25:45"}
{"level":"info","message":"DATABASE_CONNECTED","service":"urbango-api","status":"connected","timestamp":"2026-01-01 15:25:45","url":"mongodb://localhost:27017/urbango"}
{"environment":"development","level":"info","message":"APPLICATION_STARTED","port":"3000","serverUrl":"http://localhost:3000","service":"urbango-api","status":"running","timestamp":"2026-01-01 15:25:45"}
{"environment":"development","level":"info","message":"APPLICATION_STARTING","port":"3000","serverUrl":"http://localhost:3000","service":"urbango-api","timestamp":"2026-01-01 15:30:51"}
{"level":"info","message":"DATABASE_CONNECTED","service":"urbango-api","status":"connected","timestamp":"2026-01-01 15:30:51","url":"mongodb://localhost:27017/urbango"}
{"environment":"development","level":"info","message":"APPLICATION_STARTED","port":"3000","serverUrl":"http://localhost:3000","service":"urbango-api","status":"running","timestamp":"2026-01-01 15:30:51"}
{"environment":"development","level":"info","message":"APPLICATION_STARTING","port":"3000","serverUrl":"http://localhost:3000","service":"urbango-api","timestamp":"2026-01-01 15:30:53"}
{"level":"info","message":"DATABASE_CONNECTED","service":"urbango-api","status":"connected","timestamp":"2026-01-01 15:30:53","url":"mongodb://localhost:27017/urbango"}
{"environment":"development","level":"info","message":"APPLICATION_STARTED","port":"3000","serverUrl":"http://localhost:3000","service":"urbango-api","status":"running","timestamp":"2026-01-01 15:30:53"}
{"environment":"development","level":"info","message":"APPLICATION_STARTING","port":"3000","serverUrl":"http://localhost:3000","service":"urbango-api","timestamp":"2026-01-01 15:39:51"}
{"level":"info","message":"DATABASE_CONNECTED","service":"urbango-api","status":"connected","timestamp":"2026-01-01 15:39:51","url":"mongodb://localhost:27017/urbango"}
{"environment":"development","level":"info","message":"APPLICATION_STARTED","port":"3000","serverUrl":"http://localhost:3000","service":"urbango-api","status":"running","timestamp":"2026-01-01 15:39:51"}
{"environment":"development","level":"info","message":"APPLICATION_STARTING","port":"3000","serverUrl":"http://localhost:3000","service":"urbango-api","timestamp":"2026-01-01 15:39:52"}
{"level":"info","message":"DATABASE_CONNECTED","service":"urbango-api","status":"connected","timestamp":"2026-01-01 15:39:52","url":"mongodb://localhost:27017/urbango"}
{"environment":"development","level":"info","message":"APPLICATION_STARTED","port":"3000","serverUrl":"http://localhost:3000","service":"urbango-api","status":"running","timestamp":"2026-01-01 15:39:52"}
{"environment":"development","level":"info","message":"APPLICATION_STARTING","port":"3000","serverUrl":"http://localhost:3000","service":"urbango-api","timestamp":"2026-01-01 15:40:02"}
{"level":"info","message":"DATABASE_CONNECTED","service":"urbango-api","status":"connected","timestamp":"2026-01-01 15:40:02","url":"mongodb://localhost:27017/urbango"}
{"environment":"development","level":"info","message":"APPLICATION_STARTED","port":"3000","serverUrl":"http://localhost:3000","service":"urbango-api","status":"running","timestamp":"2026-01-01 15:40:02"}
{"environment":"development","level":"info","message":"APPLICATION_STARTING","port":"3000","serverUrl":"http://localhost:3000","service":"urbango-api","timestamp":"2026-01-01 15:40:05"}
{"level":"info","message":"DATABASE_CONNECTED","service":"urbango-api","status":"connected","timestamp":"2026-01-01 15:40:05","url":"mongodb://localhost:27017/urbango"}
{"environment":"development","level":"info","message":"APPLICATION_STARTED","port":"3000","serverUrl":"http://localhost:3000","service":"urbango-api","status":"running","timestamp":"2026-01-01 15:40:05"}
{"environment":"development","level":"info","message":"APPLICATION_STARTING","port":"3000","serverUrl":"http://localhost:3000","service":"urbango-api","timestamp":"2026-01-01 15:40:16"}
{"level":"info","message":"DATABASE_CONNECTED","service":"urbango-api","status":"connected","timestamp":"2026-01-01 15:40:16","url":"mongodb://localhost:27017/urbango"}
{"environment":"development","level":"info","message":"APPLICATION_STARTED","port":"3000","serverUrl":"http://localhost:3000","service":"urbango-api","status":"running","timestamp":"2026-01-01 15:40:16"}
{"environment":"development","level":"info","message":"APPLICATION_STARTING","port":"3000","serverUrl":"http://localhost:3000","service":"urbango-api","timestamp":"2026-01-01 15:42:22"}
{"level":"info","message":"DATABASE_CONNECTED","service":"urbango-api","status":"connected","timestamp":"2026-01-01 15:42:22","url":"mongodb://localhost:27017/urbango"}
{"environment":"development","level":"info","message":"APPLICATION_STARTED","port":"3000","serverUrl":"http://localhost:3000","service":"urbango-api","status":"running","timestamp":"2026-01-01 15:42:22"}
{"environment":"development","level":"info","message":"APPLICATION_STARTING","port":"3000","serverUrl":"http://localhost:3000","service":"urbango-api","timestamp":"2026-01-01 15:42:49"}
{"level":"info","message":"DATABASE_CONNECTED","service":"urbango-api","status":"connected","timestamp":"2026-01-01 15:42:49","url":"mongodb://localhost:27017/urbango"}
{"environment":"development","level":"info","message":"APPLICATION_STARTED","port":"3000","serverUrl":"http://localhost:3000","service":"urbango-api","status":"running","timestamp":"2026-01-01 15:42:49"}
{"environment":"development","level":"info","message":"APPLICATION_STARTING","port":"3000","serverUrl":"http://localhost:3000","service":"urbango-api","timestamp":"2026-01-01 15:44:20"}
{"level":"info","message":"DATABASE_CONNECTED","service":"urbango-api","status":"connected","timestamp":"2026-01-01 15:44:20","url":"mongodb://localhost:27017/urbango"}
{"environment":"development","level":"info","message":"APPLICATION_STARTED","port":"3000","serverUrl":"http://localhost:3000","service":"urbango-api","status":"running","timestamp":"2026-01-01 15:44:20"}
{"environment":"development","level":"info","message":"APPLICATION_STARTING","port":"3000","serverUrl":"http://localhost:3000","service":"urbango-api","timestamp":"2026-01-01 15:44:29"}
{"level":"info","message":"DATABASE_CONNECTED","service":"urbango-api","status":"connected","timestamp":"2026-01-01 15:44:30","url":"mongodb://localhost:27017/urbango"}
{"environment":"development","level":"info","message":"APPLICATION_STARTED","port":"3000","serverUrl":"http://localhost:3000","service":"urbango-api","status":"running","timestamp":"2026-01-01 15:44:30"}
{"environment":"development","level":"info","message":"APPLICATION_STARTING","port":"3000","serverUrl":"http://localhost:3000","service":"urbango-api","timestamp":"2026-01-01 15:44:32"}
{"level":"info","message":"DATABASE_CONNECTED","service":"urbango-api","status":"connected","timestamp":"2026-01-01 15:44:32","url":"mongodb://localhost:27017/urbango"}
{"environment":"development","level":"info","message":"APPLICATION_STARTED","port":"3000","serverUrl":"http://localhost:3000","service":"urbango-api","status":"running","timestamp":"2026-01-01 15:44:32"}
{"environment":"development","level":"info","message":"APPLICATION_STARTING","port":"3000","serverUrl":"http://localhost:3000","service":"urbango-api","timestamp":"2026-01-01 15:44:34"}
{"level":"info","message":"DATABASE_CONNECTED","service":"urbango-api","status":"connected","timestamp":"2026-01-01 15:44:34","url":"mongodb://localhost:27017/urbango"}
{"environment":"development","level":"info","message":"APPLICATION_STARTED","port":"3000","serverUrl":"http://localhost:3000","service":"urbango-api","status":"running","timestamp":"2026-01-01 15:44:34"}
{"environment":"development","level":"info","message":"APPLICATION_STARTING","port":"3000","serverUrl":"http://localhost:3000","service":"urbango-api","timestamp":"2026-01-01 15:44:44"}
{"level":"info","message":"DATABASE_CONNECTED","service":"urbango-api","status":"connected","timestamp":"2026-01-01 15:44:44","url":"mongodb://localhost:27017/urbango"}
{"environment":"development","level":"info","message":"APPLICATION_STARTED","port":"3000","serverUrl":"http://localhost:3000","service":"urbango-api","status":"running","timestamp":"2026-01-01 15:44:44"}
{"environment":"development","level":"info","message":"APPLICATION_STARTING","port":"3000","serverUrl":"http://localhost:3000","service":"urbango-api","timestamp":"2026-01-01 15:44:46"}
{"level":"info","message":"DATABASE_CONNECTED","service":"urbango-api","status":"connected","timestamp":"2026-01-01 15:44:46","url":"mongodb://localhost:27017/urbango"}
{"environment":"development","level":"info","message":"APPLICATION_STARTED","port":"3000","serverUrl":"http://localhost:3000","service":"urbango-api","status":"running","timestamp":"2026-01-01 15:44:46"}
{"environment":"development","level":"info","message":"APPLICATION_STARTING","port":"3000","serverUrl":"http://localhost:3000","service":"urbango-api","timestamp":"2026-01-01 15:45:27"}
{"level":"info","message":"DATABASE_CONNECTED","service":"urbango-api","status":"connected","timestamp":"2026-01-01 15:45:27","url":"mongodb://localhost:27017/urbango"}
{"environment":"development","level":"info","message":"APPLICATION_STARTED","port":"3000","serverUrl":"http://localhost:3000","service":"urbango-api","status":"running","timestamp":"2026-01-01 15:45:27"}
{"environment":"development","level":"info","message":"APPLICATION_STARTING","port":"3000","serverUrl":"http://localhost:3000","service":"urbango-api","timestamp":"2026-01-01 15:45:31"}
{"level":"info","message":"DATABASE_CONNECTED","service":"urbango-api","status":"connected","timestamp":"2026-01-01 15:45:31","url":"mongodb://localhost:27017/urbango"}
{"environment":"development","level":"info","message":"APPLICATION_STARTED","port":"3000","serverUrl":"http://localhost:3000","service":"urbango-api","status":"running","timestamp":"2026-01-01 15:45:31"}
{"environment":"development","level":"info","message":"APPLICATION_STARTING","port":"3000","serverUrl":"http://localhost:3000","service":"urbango-api","timestamp":"2026-01-01 15:45:34"}
{"level":"info","message":"DATABASE_CONNECTED","service":"urbango-api","status":"connected","timestamp":"2026-01-01 15:45:34","url":"mongodb://localhost:27017/urbango"}
{"environment":"development","level":"info","message":"APPLICATION_STARTED","port":"3000","serverUrl":"http://localhost:3000","service":"urbango-api","status":"running","timestamp":"2026-01-01 15:45:34"}
{"environment":"development","level":"info","message":"APPLICATION_STARTING","port":"3000","serverUrl":"http://localhost:3000","service":"urbango-api","timestamp":"2026-01-01 15:45:37"}
{"level":"info","message":"DATABASE_CONNECTED","service":"urbango-api","status":"connected","timestamp":"2026-01-01 15:45:37","url":"mongodb://localhost:27017/urbango"}
{"environment":"development","level":"info","message":"APPLICATION_STARTED","port":"3000","serverUrl":"http://localhost:3000","service":"urbango-api","status":"running","timestamp":"2026-01-01 15:45:37"}
{"environment":"development","level":"info","message":"APPLICATION_STARTING","port":"3000","serverUrl":"http://localhost:3000","service":"urbango-api","timestamp":"2026-01-01 15:45:40"}
{"level":"info","message":"DATABASE_CONNECTED","service":"urbango-api","status":"connected","timestamp":"2026-01-01 15:45:40","url":"mongodb://localhost:27017/urbango"}
{"environment":"development","level":"info","message":"APPLICATION_STARTED","port":"3000","serverUrl":"http://localhost:3000","service":"urbango-api","status":"running","timestamp":"2026-01-01 15:45:40"}
{"environment":"development","level":"info","message":"APPLICATION_STARTING","port":"3000","serverUrl":"http://localhost:3000","service":"urbango-api","timestamp":"2026-01-01 15:45:41"}
{"level":"info","message":"DATABASE_CONNECTED","service":"urbango-api","status":"connected","timestamp":"2026-01-01 15:45:42","url":"mongodb://localhost:27017/urbango"}
{"environment":"development","level":"info","message":"APPLICATION_STARTED","port":"3000","serverUrl":"http://localhost:3000","service":"urbango-api","status":"running","timestamp":"2026-01-01 15:45:42"}
{"environment":"development","level":"info","message":"APPLICATION_STARTING","port":"3000","serverUrl":"http://localhost:3000","service":"urbango-api","timestamp":"2026-01-01 15:45:44"}
{"level":"info","message":"DATABASE_CONNECTED","service":"urbango-api","status":"connected","timestamp":"2026-01-01 15:45:44","url":"mongodb://localhost:27017/urbango"}
{"environment":"development","level":"info","message":"APPLICATION_STARTED","port":"3000","serverUrl":"http://localhost:3000","service":"urbango-api","status":"running","timestamp":"2026-01-01 15:45:44"}
{"environment":"development","level":"info","message":"APPLICATION_STARTING","port":"3000","serverUrl":"http://localhost:3000","service":"urbango-api","timestamp":"2026-01-01 15:45:50"}
{"level":"info","message":"DATABASE_CONNECTED","service":"urbango-api","status":"connected","timestamp":"2026-01-01 15:45:50","url":"mongodb://localhost:27017/urbango"}
{"environment":"development","level":"info","message":"APPLICATION_STARTED","port":"3000","serverUrl":"http://localhost:3000","service":"urbango-api","status":"running","timestamp":"2026-01-01 15:45:50"}
{"environment":"development","level":"info","message":"APPLICATION_STARTING","port":"3000","serverUrl":"http://localhost:3000","service":"urbango-api","timestamp":"2026-01-01 15:45:52"}
{"level":"info","message":"DATABASE_CONNECTED","service":"urbango-api","status":"connected","timestamp":"2026-01-01 15:45:52","url":"mongodb://localhost:27017/urbango"}
{"environment":"development","level":"info","message":"APPLICATION_STARTED","port":"3000","serverUrl":"http://localhost:3000","service":"urbango-api","status":"running","timestamp":"2026-01-01 15:45:52"}
{"environment":"development","level":"info","message":"APPLICATION_STARTING","port":"3000","serverUrl":"http://localhost:3000","service":"urbango-api","timestamp":"2026-01-01 15:45:56"}
{"level":"info","message":"DATABASE_CONNECTED","service":"urbango-api","status":"connected","timestamp":"2026-01-01 15:45:56","url":"mongodb://localhost:27017/urbango"}
{"environment":"development","level":"info","message":"APPLICATION_STARTED","port":"3000","serverUrl":"http://localhost:3000","service":"urbango-api","status":"running","timestamp":"2026-01-01 15:45:56"}
{"environment":"development","level":"info","message":"APPLICATION_STARTING","port":"3000","serverUrl":"http://localhost:3000","service":"urbango-api","timestamp":"2026-01-01 15:48:48"}
{"level":"info","message":"DATABASE_CONNECTED","service":"urbango-api","status":"connected","timestamp":"2026-01-01 15:48:48","url":"mongodb://localhost:27017/urbango"}
{"environment":"development","level":"info","message":"APPLICATION_STARTED","port":"3000","serverUrl":"http://localhost:3000","service":"urbango-api","status":"running","timestamp":"2026-01-01 15:48:48"}
{"environment":"development","level":"info","message":"APPLICATION_STARTING","port":"3000","serverUrl":"http://localhost:3000","service":"urbango-api","timestamp":"2026-01-01 15:48:55"}
{"level":"info","message":"DATABASE_CONNECTED","service":"urbango-api","status":"connected","timestamp":"2026-01-01 15:48:55","url":"mongodb://localhost:27017/urbango"}
{"environment":"development","level":"info","message":"APPLICATION_STARTED","port":"3000","serverUrl":"http://localhost:3000","service":"urbango-api","status":"running","timestamp":"2026-01-01 15:48:55"}
{"environment":"development","level":"info","message":"APPLICATION_STARTING","port":"3000","serverUrl":"http://localhost:3000","service":"urbango-api","timestamp":"2026-01-01 15:48:58"}
{"level":"info","message":"DATABASE_CONNECTED","service":"urbango-api","status":"connected","timestamp":"2026-01-01 15:48:58","url":"mongodb://localhost:27017/urbango"}
{"environment":"development","level":"info","message":"APPLICATION_STARTED","port":"3000","serverUrl":"http://localhost:3000","service":"urbango-api","status":"running","timestamp":"2026-01-01 15:48:58"}
{"environment":"development","level":"info","message":"APPLICATION_STARTING","port":"3000","serverUrl":"http://localhost:3000","service":"urbango-api","timestamp":"2026-01-01 15:49:06"}
{"level":"info","message":"DATABASE_CONNECTED","service":"urbango-api","status":"connected","timestamp":"2026-01-01 15:49:06","url":"mongodb://localhost:27017/urbango"}
{"environment":"development","level":"info","message":"APPLICATION_STARTED","port":"3000","serverUrl":"http://localhost:3000","service":"urbango-api","status":"running","timestamp":"2026-01-01 15:49:06"}
{"environment":"development","level":"info","message":"APPLICATION_STARTING","port":"3000","serverUrl":"http://localhost:3000","service":"urbango-api","timestamp":"2026-01-01 15:49:09"}
{"level":"info","message":"DATABASE_CONNECTED","service":"urbango-api","status":"connected","timestamp":"2026-01-01 15:49:09","url":"mongodb://localhost:27017/urbango"}
{"environment":"development","level":"info","message":"APPLICATION_STARTED","port":"3000","serverUrl":"http://localhost:3000","service":"urbango-api","status":"running","timestamp":"2026-01-01 15:49:09"}
{"environment":"development","level":"info","message":"APPLICATION_STARTING","port":"3000","serverUrl":"http://localhost:3000","service":"urbango-api","timestamp":"2026-01-01 15:49:13"}
{"level":"info","message":"DATABASE_CONNECTED","service":"urbango-api","status":"connected","timestamp":"2026-01-01 15:49:13","url":"mongodb://localhost:27017/urbango"}
{"environment":"development","level":"info","message":"APPLICATION_STARTED","port":"3000","serverUrl":"http://localhost:3000","service":"urbango-api","status":"running","timestamp":"2026-01-01 15:49:13"}
{"environment":"development","level":"info","message":"APPLICATION_STARTING","port":"3000","serverUrl":"http://localhost:3000","service":"urbango-api","timestamp":"2026-01-01 15:49:14"}
{"level":"info","message":"DATABASE_CONNECTED","service":"urbango-api","status":"connected","timestamp":"2026-01-01 15:49:14","url":"mongodb://localhost:27017/urbango"}
{"environment":"development","level":"info","message":"APPLICATION_STARTED","port":"3000","serverUrl":"http://localhost:3000","service":"urbango-api","status":"running","timestamp":"2026-01-01 15:49:14"}
{"environment":"development","level":"info","message":"APPLICATION_STARTING","port":"3000","serverUrl":"http://localhost:3000","service":"urbango-api","timestamp":"2026-01-01 15:49:26"}
{"level":"info","message":"DATABASE_CONNECTED","service":"urbango-api","status":"connected","timestamp":"2026-01-01 15:49:26","url":"mongodb://localhost:27017/urbango"}
{"environment":"development","level":"info","message":"APPLICATION_STARTED","port":"3000","serverUrl":"http://localhost:3000","service":"urbango-api","status":"running","timestamp":"2026-01-01 15:49:26"}
{"environment":"development","level":"info","message":"APPLICATION_STARTING","port":"3000","serverUrl":"http://localhost:3000","service":"urbango-api","timestamp":"2026-01-01 15:49:31"}
{"level":"info","message":"DATABASE_CONNECTED","service":"urbango-api","status":"connected","timestamp":"2026-01-01 15:49:31","url":"mongodb://localhost:27017/urbango"}
{"environment":"development","level":"info","message":"APPLICATION_STARTED","port":"3000","serverUrl":"http://localhost:3000","service":"urbango-api","status":"running","timestamp":"2026-01-01 15:49:31"}
{"environment":"development","level":"info","message":"APPLICATION_STARTING","port":"3000","serverUrl":"http://localhost:3000","service":"urbango-api","timestamp":"2026-01-01 15:49:33"}
{"level":"info","message":"DATABASE_CONNECTED","service":"urbango-api","status":"connected","timestamp":"2026-01-01 15:49:33","url":"mongodb://localhost:27017/urbango"}
{"environment":"development","level":"info","message":"APPLICATION_STARTED","port":"3000","serverUrl":"http://localhost:3000","service":"urbango-api","status":"running","timestamp":"2026-01-01 15:49:33"}
{"environment":"development","level":"info","message":"APPLICATION_STARTING","port":"3000","serverUrl":"http://localhost:3000","service":"urbango-api","timestamp":"2026-01-01 15:53:32"}
{"level":"info","message":"DATABASE_CONNECTED","service":"urbango-api","status":"connected","timestamp":"2026-01-01 15:53:32","url":"mongodb://localhost:27017/urbango"}
{"environment":"development","level":"info","message":"APPLICATION_STARTED","port":"3000","serverUrl":"http://localhost:3000","service":"urbango-api","status":"running","timestamp":"2026-01-01 15:53:32"}
{"environment":"development","level":"info","message":"APPLICATION_STARTING","port":"3000","serverUrl":"http://localhost:3000","service":"urbango-api","timestamp":"2026-01-01 15:53:38"}
{"level":"info","message":"DATABASE_CONNECTED","service":"urbango-api","status":"connected","timestamp":"2026-01-01 15:53:38","url":"mongodb://localhost:27017/urbango"}
{"environment":"development","level":"info","message":"APPLICATION_STARTED","port":"3000","serverUrl":"http://localhost:3000","service":"urbango-api","status":"running","timestamp":"2026-01-01 15:53:38"}
{"environment":"development","level":"info","message":"APPLICATION_STARTING","port":"3000","serverUrl":"http://localhost:3000","service":"urbango-api","timestamp":"2026-01-01 15:53:43"}
{"level":"info","message":"DATABASE_CONNECTED","service":"urbango-api","status":"connected","timestamp":"2026-01-01 15:53:43","url":"mongodb://localhost:27017/urbango"}
{"environment":"development","level":"info","message":"APPLICATION_STARTED","port":"3000","serverUrl":"http://localhost:3000","service":"urbango-api","status":"running","timestamp":"2026-01-01 15:53:43"}
{"environment":"development","level":"info","message":"APPLICATION_STARTING","port":"3000","serverUrl":"http://localhost:3000","service":"urbango-api","timestamp":"2026-01-01 15:53:47"}
{"level":"info","message":"DATABASE_CONNECTED","service":"urbango-api","status":"connected","timestamp":"2026-01-01 15:53:47","url":"mongodb://localhost:27017/urbango"}
{"environment":"development","level":"info","message":"APPLICATION_STARTED","port":"3000","serverUrl":"http://localhost:3000","service":"urbango-api","status":"running","timestamp":"2026-01-01 15:53:47"}
{"environment":"development","level":"info","message":"APPLICATION_STARTING","port":"3000","serverUrl":"http://localhost:3000","service":"urbango-api","timestamp":"2026-01-01 15:53:56"}
{"level":"info","message":"DATABASE_CONNECTED","service":"urbango-api","status":"connected","timestamp":"2026-01-01 15:53:56","url":"mongodb://localhost:27017/urbango"}
{"environment":"development","level":"info","message":"APPLICATION_STARTED","port":"3000","serverUrl":"http://localhost:3000","service":"urbango-api","status":"running","timestamp":"2026-01-01 15:53:56"}
{"environment":"development","level":"info","message":"APPLICATION_STARTING","port":"3000","serverUrl":"http://localhost:3000","service":"urbango-api","timestamp":"2026-01-01 15:54:03"}
{"level":"info","message":"DATABASE_CONNECTED","service":"urbango-api","status":"connected","timestamp":"2026-01-01 15:54:03","url":"mongodb://localhost:27017/urbango"}
{"environment":"development","level":"info","message":"APPLICATION_STARTED","port":"3000","serverUrl":"http://localhost:3000","service":"urbango-api","status":"running","timestamp":"2026-01-01 15:54:03"}
{"environment":"development","level":"info","message":"APPLICATION_STARTING","port":"3000","serverUrl":"http://localhost:3000","service":"urbango-api","timestamp":"2026-01-01 15:54:06"}
{"level":"info","message":"DATABASE_CONNECTED","service":"urbango-api","status":"connected","timestamp":"2026-01-01 15:54:06","url":"mongodb://localhost:27017/urbango"}
{"environment":"development","level":"info","message":"APPLICATION_STARTED","port":"3000","serverUrl":"http://localhost:3000","service":"urbango-api","status":"running","timestamp":"2026-01-01 15:54:06"}
{"environment":"development","level":"info","message":"APPLICATION_STARTING","port":"3000","serverUrl":"http://localhost:3000","service":"urbango-api","timestamp":"2026-01-01 15:54:13"}
{"level":"info","message":"DATABASE_CONNECTED","service":"urbango-api","status":"connected","timestamp":"2026-01-01 15:54:13","url":"mongodb://localhost:27017/urbango"}
{"environment":"development","level":"info","message":"APPLICATION_STARTED","port":"3000","serverUrl":"http://localhost:3000","service":"urbango-api","status":"running","timestamp":"2026-01-01 15:54:13"}
{"environment":"development","level":"info","message":"APPLICATION_STARTING","port":"3000","serverUrl":"http://localhost:3000","service":"urbango-api","timestamp":"2026-01-01 15:55:22"}
{"level":"info","message":"DATABASE_CONNECTED","service":"urbango-api","status":"connected","timestamp":"2026-01-01 15:55:22","url":"mongodb://localhost:27017/urbango"}
{"environment":"development","level":"info","message":"APPLICATION_STARTED","port":"3000","serverUrl":"http://localhost:3000","service":"urbango-api","status":"running","timestamp":"2026-01-01 15:55:22"}
{"environment":"development","level":"info","message":"APPLICATION_STARTING","port":"3000","serverUrl":"http://localhost:3000","service":"urbango-api","timestamp":"2026-01-01 15:55:29"}
{"level":"info","message":"DATABASE_CONNECTED","service":"urbango-api","status":"connected","timestamp":"2026-01-01 15:55:29","url":"mongodb://localhost:27017/urbango"}
{"environment":"development","level":"info","message":"APPLICATION_STARTED","port":"3000","serverUrl":"http://localhost:3000","service":"urbango-api","status":"running","timestamp":"2026-01-01 15:55:29"}
{"environment":"development","level":"info","message":"APPLICATION_STARTING","port":"3000","serverUrl":"http://localhost:3000","service":"urbango-api","timestamp":"2026-01-01 15:56:18"}
{"level":"info","message":"DATABASE_CONNECTED","service":"urbango-api","status":"connected","timestamp":"2026-01-01 15:56:18","url":"mongodb://localhost:27017/urbango"}
{"environment":"development","level":"info","message":"APPLICATION_STARTED","port":"3000","serverUrl":"http://localhost:3000","service":"urbango-api","status":"running","timestamp":"2026-01-01 15:56:18"}
{"environment":"development","level":"info","message":"APPLICATION_STARTING","port":"3000","serverUrl":"http://localhost:3000","service":"urbango-api","timestamp":"2026-01-01 15:56:21"}
{"level":"info","message":"DATABASE_CONNECTED","service":"urbango-api","status":"connected","timestamp":"2026-01-01 15:56:21","url":"mongodb://localhost:27017/urbango"}
{"environment":"development","level":"info","message":"APPLICATION_STARTED","port":"3000","serverUrl":"http://localhost:3000","service":"urbango-api","status":"running","timestamp":"2026-01-01 15:56:21"}
{"environment":"development","level":"info","message":"APPLICATION_STARTING","port":"3000","serverUrl":"http://localhost:3000","service":"urbango-api","timestamp":"2026-01-01 15:57:10"}
{"level":"info","message":"DATABASE_CONNECTED","service":"urbango-api","status":"connected","timestamp":"2026-01-01 15:57:10","url":"mongodb://localhost:27017/urbango"}
{"environment":"development","level":"info","message":"APPLICATION_STARTED","port":"3000","serverUrl":"http://localhost:3000","service":"urbango-api","status":"running","timestamp":"2026-01-01 15:57:10"}
{"environment":"development","level":"info","message":"APPLICATION_STARTING","port":"3000","serverUrl":"http://localhost:3000","service":"urbango-api","timestamp":"2026-01-01 16:04:13"}
{"level":"info","message":"DATABASE_CONNECTED","service":"urbango-api","status":"connected","timestamp":"2026-01-01 16:04:13","url":"mongodb://localhost:27017/urbango"}
{"environment":"development","level":"info","message":"APPLICATION_STARTED","port":"3000","serverUrl":"http://localhost:3000","service":"urbango-api","status":"running","timestamp":"2026-01-01 16:04:13"}
{"environment":"development","level":"info","message":"APPLICATION_STARTING","port":"3000","serverUrl":"http://localhost:3000","service":"urbango-api","timestamp":"2026-01-08 17:18:54"}
{"level":"info","message":"DATABASE_CONNECTED","service":"urbango-api","status":"connected","timestamp":"2026-01-08 17:18:54","url":"mongodb://localhost:27017/urbango"}
{"environment":"development","level":"info","message":"APPLICATION_STARTED","port":"3000","serverUrl":"http://localhost:3000","service":"urbango-api","status":"running","timestamp":"2026-01-08 17:18:55"}
{"environment":"development","level":"info","message":"APPLICATION_STARTING","port":"3000","serverUrl":"http://localhost:3000","service":"urbango-api","timestamp":"2026-01-08 17:35:58"}
{"level":"info","message":"DATABASE_CONNECTED","service":"urbango-api","status":"connected","timestamp":"2026-01-08 17:35:59","url":"mongodb://localhost:27017/urbango"}
{"environment":"development","level":"info","message":"APPLICATION_STARTED","port":"3000","serverUrl":"http://localhost:3000","service":"urbango-api","status":"running","timestamp":"2026-01-08 17:35:59"}
{"environment":"development","level":"info","message":"APPLICATION_STARTING","port":"3000","serverUrl":"http://localhost:3000","service":"urbango-api","timestamp":"2026-01-08 17:36:01"}
{"level":"info","message":"DATABASE_CONNECTED","service":"urbango-api","status":"connected","timestamp":"2026-01-08 17:36:01","url":"mongodb://localhost:27017/urbango"}
{"environment":"development","level":"info","message":"APPLICATION_STARTED","port":"3000","serverUrl":"http://localhost:3000","service":"urbango-api","status":"running","timestamp":"2026-01-08 17:36:01"}
{"environment":"development","level":"info","message":"APPLICATION_STARTING","port":"3000","serverUrl":"http://localhost:3000","service":"urbango-api","timestamp":"2026-01-08 17:37:05"}
{"level":"info","message":"DATABASE_CONNECTED","service":"urbango-api","status":"connected","timestamp":"2026-01-08 17:37:05","url":"mongodb://localhost:27017/urbango"}
{"environment":"development","level":"info","message":"APPLICATION_STARTED","port":"3000","serverUrl":"http://localhost:3000","service":"urbango-api","status":"running","timestamp":"2026-01-08 17:37:05"}
{"environment":"development","level":"info","message":"APPLICATION_STARTING","port":"3000","serverUrl":"http://localhost:3000","service":"urbango-api","timestamp":"2026-01-08 17:55:24"}
{"environment":"development","level":"info","message":"APPLICATION_STARTING","port":"3000","serverUrl":"http://localhost:3000","service":"urbango-api","timestamp":"2026-01-08 17:55:29"}
{"level":"info","message":"DATABASE_CONNECTED","service":"urbango-api","status":"connected","timestamp":"2026-01-08 17:55:29","url":"mongodb://localhost:27017/urbango"}
{"environment":"development","level":"info","message":"APPLICATION_STARTING","port":"3000","serverUrl":"http://localhost:3000","service":"urbango-api","timestamp":"2026-01-08 17:55:40"}
{"level":"info","message":"DATABASE_CONNECTED","service":"urbango-api","status":"connected","timestamp":"2026-01-08 17:55:40","url":"mongodb://localhost:27017/urbango"}
{"environment":"development","level":"info","message":"APPLICATION_STARTED","port":"3000","serverUrl":"http://localhost:3000","service":"urbango-api","status":"running","timestamp":"2026-01-08 17:55:40"}
{"environment":"development","level":"info","message":"APPLICATION_STARTING","port":"3000","serverUrl":"http://localhost:3000","service":"urbango-api","timestamp":"2026-01-08 17:55:46"}
{"level":"info","message":"DATABASE_CONNECTED","service":"urbango-api","status":"connected","timestamp":"2026-01-08 17:55:46","url":"mongodb://localhost:27017/urbango"}
{"environment":"development","level":"info","message":"APPLICATION_STARTED","port":"3000","serverUrl":"http://localhost:3000","service":"urbango-api","status":"running","timestamp":"2026-01-08 17:55:46"}
{"environment":"development","level":"info","message":"APPLICATION_STARTING","port":"3000","serverUrl":"http://localhost:3000","service":"urbango-api","timestamp":"2026-01-08 17:56:33"}
{"level":"info","message":"DATABASE_CONNECTED","service":"urbango-api","status":"connected","timestamp":"2026-01-08 17:56:33","url":"mongodb://localhost:27017/urbango"}
{"environment":"development","level":"info","message":"APPLICATION_STARTED","port":"3000","serverUrl":"http://localhost:3000","service":"urbango-api","status":"running","timestamp":"2026-01-08 17:56:33"}
{"environment":"development","level":"info","message":"APPLICATION_STARTING","port":"3000","serverUrl":"http://localhost:3000","service":"urbango-api","timestamp":"2026-01-08 17:56:35"}
{"level":"info","message":"DATABASE_CONNECTED","service":"urbango-api","status":"connected","timestamp":"2026-01-08 17:56:35","url":"mongodb://localhost:27017/urbango"}
{"environment":"development","level":"info","message":"APPLICATION_STARTED","port":"3000","serverUrl":"http://localhost:3000","service":"urbango-api","status":"running","timestamp":"2026-01-08 17:56:35"}
{"environment":"development","level":"info","message":"APPLICATION_STARTING","port":"3000","serverUrl":"http://localhost:3000","service":"urbango-api","timestamp":"2026-01-08 17:56:37"}
{"level":"info","message":"DATABASE_CONNECTED","service":"urbango-api","status":"connected","timestamp":"2026-01-08 17:56:37","url":"mongodb://localhost:27017/urbango"}
{"environment":"development","level":"info","message":"APPLICATION_STARTED","port":"3000","serverUrl":"http://localhost:3000","service":"urbango-api","status":"running","timestamp":"2026-01-08 17:56:37"}
{"environment":"development","level":"info","message":"APPLICATION_STARTING","port":"3000","serverUrl":"http://localhost:3000","service":"urbango-api","timestamp":"2026-01-08 17:56:40"}
{"level":"info","message":"DATABASE_CONNECTED","service":"urbango-api","status":"connected","timestamp":"2026-01-08 17:56:40","url":"mongodb://localhost:27017/urbango"}
{"environment":"development","level":"info","message":"APPLICATION_STARTED","port":"3000","serverUrl":"http://localhost:3000","service":"urbango-api","status":"running","timestamp":"2026-01-08 17:56:40"}
{"environment":"development","level":"info","message":"APPLICATION_STARTING","port":"3000","serverUrl":"http://localhost:3000","service":"urbango-api","timestamp":"2026-01-08 17:56:45"}
{"level":"info","message":"DATABASE_CONNECTED","service":"urbango-api","status":"connected","timestamp":"2026-01-08 17:56:45","url":"mongodb://localhost:27017/urbango"}
{"environment":"development","level":"info","message":"APPLICATION_STARTED","port":"3000","serverUrl":"http://localhost:3000","service":"urbango-api","status":"running","timestamp":"2026-01-08 17:56:45"}
{"environment":"development","level":"info","message":"APPLICATION_STARTING","port":"3000","serverUrl":"http://localhost:3000","service":"urbango-api","timestamp":"2026-01-08 17:56:47"}
{"level":"info","message":"DATABASE_CONNECTED","service":"urbango-api","status":"connected","timestamp":"2026-01-08 17:56:47","url":"mongodb://localhost:27017/urbango"}
{"environment":"development","level":"info","message":"APPLICATION_STARTED","port":"3000","serverUrl":"http://localhost:3000","service":"urbango-api","status":"running","timestamp":"2026-01-08 17:56:47"}
{"environment":"development","level":"info","message":"APPLICATION_STARTING","port":"3000","serverUrl":"http://localhost:3000","service":"urbango-api","timestamp":"2026-01-08 17:56:50"}
{"level":"info","message":"DATABASE_CONNECTED","service":"urbango-api","status":"connected","timestamp":"2026-01-08 17:56:51","url":"mongodb://localhost:27017/urbango"}
{"environment":"development","level":"info","message":"APPLICATION_STARTED","port":"3000","serverUrl":"http://localhost:3000","service":"urbango-api","status":"running","timestamp":"2026-01-08 17:56:51"}
{"environment":"development","level":"info","message":"APPLICATION_STARTING","port":"3000","serverUrl":"http://localhost:3000","service":"urbango-api","timestamp":"2026-01-08 17:56:58"}
{"level":"info","message":"DATABASE_CONNECTED","service":"urbango-api","status":"connected","timestamp":"2026-01-08 17:56:58","url":"mongodb://localhost:27017/urbango"}
{"environment":"development","level":"info","message":"APPLICATION_STARTED","port":"3000","serverUrl":"http://localhost:3000","service":"urbango-api","status":"running","timestamp":"2026-01-08 17:56:58"}
{"environment":"development","level":"info","message":"APPLICATION_STARTING","port":"3000","serverUrl":"http://localhost:3000","service":"urbango-api","timestamp":"2026-01-08 17:57:00"}
{"level":"info","message":"DATABASE_CONNECTED","service":"urbango-api","status":"connected","timestamp":"2026-01-08 17:57:00","url":"mongodb://localhost:27017/urbango"}
{"environment":"development","level":"info","message":"APPLICATION_STARTED","port":"3000","serverUrl":"http://localhost:3000","service":"urbango-api","status":"running","timestamp":"2026-01-08 17:57:00"}
{"environment":"development","level":"info","message":"APPLICATION_STARTING","port":"3000","serverUrl":"http://localhost:3000","service":"urbango-api","timestamp":"2026-01-08 17:57:06"}
{"level":"info","message":"DATABASE_CONNECTED","service":"urbango-api","status":"connected","timestamp":"2026-01-08 17:57:06","url":"mongodb://localhost:27017/urbango"}
{"environment":"development","level":"info","message":"APPLICATION_STARTED","port":"3000","serverUrl":"http://localhost:3000","service":"urbango-api","status":"running","timestamp":"2026-01-08 17:57:06"}
{"environment":"development","level":"info","message":"APPLICATION_STARTING","port":"3000","serverUrl":"http://localhost:3000","service":"urbango-api","timestamp":"2026-01-08 17:57:10"}
{"level":"info","message":"DATABASE_CONNECTED","service":"urbango-api","status":"connected","timestamp":"2026-01-08 17:57:10","url":"mongodb://localhost:27017/urbango"}
{"environment":"development","level":"info","message":"APPLICATION_STARTED","port":"3000","serverUrl":"http://localhost:3000","service":"urbango-api","status":"running","timestamp":"2026-01-08 17:57:10"}
{"environment":"development","level":"info","message":"APPLICATION_STARTING","port":"3000","serverUrl":"http://localhost:3000","service":"urbango-api","timestamp":"2026-01-08 17:57:11"}
{"level":"info","message":"DATABASE_CONNECTED","service":"urbango-api","status":"connected","timestamp":"2026-01-08 17:57:11","url":"mongodb://localhost:27017/urbango"}
{"environment":"development","level":"info","message":"APPLICATION_STARTED","port":"3000","serverUrl":"http://localhost:3000","service":"urbango-api","status":"running","timestamp":"2026-01-08 17:57:11"}
{"environment":"development","level":"info","message":"APPLICATION_STARTING","port":"3000","serverUrl":"http://localhost:3000","service":"urbango-api","timestamp":"2026-01-08 17:57:16"}
{"level":"info","message":"DATABASE_CONNECTED","service":"urbango-api","status":"connected","timestamp":"2026-01-08 17:57:16","url":"mongodb://localhost:27017/urbango"}
{"environment":"development","level":"info","message":"APPLICATION_STARTED","port":"3000","serverUrl":"http://localhost:3000","service":"urbango-api","status":"running","timestamp":"2026-01-08 17:57:16"}
{"environment":"development","level":"info","message":"APPLICATION_STARTING","port":"3000","serverUrl":"http://localhost:3000","service":"urbango-api","timestamp":"2026-01-08 17:57:19"}
{"level":"info","message":"DATABASE_CONNECTED","service":"urbango-api","status":"connected","timestamp":"2026-01-08 17:57:19","url":"mongodb://localhost:27017/urbango"}
{"environment":"development","level":"info","message":"APPLICATION_STARTED","port":"3000","serverUrl":"http://localhost:3000","service":"urbango-api","status":"running","timestamp":"2026-01-08 17:57:19"}
{"environment":"development","level":"info","message":"APPLICATION_STARTING","port":"3000","serverUrl":"http://localhost:3000","service":"urbango-api","timestamp":"2026-01-08 17:57:25"}
{"level":"info","message":"DATABASE_CONNECTED","service":"urbango-api","status":"connected","timestamp":"2026-01-08 17:57:25","url":"mongodb://localhost:27017/urbango"}
{"environment":"development","level":"info","message":"APPLICATION_STARTED","port":"3000","serverUrl":"http://localhost:3000","service":"urbango-api","status":"running","timestamp":"2026-01-08 17:57:25"}
{"environment":"development","level":"info","message":"APPLICATION_STARTING","port":"3000","serverUrl":"http://localhost:3000","service":"urbango-api","timestamp":"2026-01-08 17:57:27"}
{"level":"info","message":"DATABASE_CONNECTED","service":"urbango-api","status":"connected","timestamp":"2026-01-08 17:57:27","url":"mongodb://localhost:27017/urbango"}
{"environment":"development","level":"info","message":"APPLICATION_STARTED","port":"3000","serverUrl":"http://localhost:3000","service":"urbango-api","status":"running","timestamp":"2026-01-08 17:57:27"}
{"environment":"development","level":"info","message":"APPLICATION_STARTING","port":"3000","serverUrl":"http://localhost:3000","service":"urbango-api","timestamp":"2026-01-08 17:57:28"}
{"level":"info","message":"DATABASE_CONNECTED","service":"urbango-api","status":"connected","timestamp":"2026-01-08 17:57:28","url":"mongodb://localhost:27017/urbango"}
{"environment":"development","level":"info","message":"APPLICATION_STARTED","port":"3000","serverUrl":"http://localhost:3000","service":"urbango-api","status":"running","timestamp":"2026-01-08 17:57:28"}
{"environment":"development","level":"info","message":"APPLICATION_STARTING","port":"3000","serverUrl":"http://localhost:3000","service":"urbango-api","timestamp":"2026-01-08 17:57:30"}
{"level":"info","message":"DATABASE_CONNECTED","service":"urbango-api","status":"connected","timestamp":"2026-01-08 17:57:30","url":"mongodb://localhost:27017/urbango"}
{"environment":"development","level":"info","message":"APPLICATION_STARTED","port":"3000","serverUrl":"http://localhost:3000","service":"urbango-api","status":"running","timestamp":"2026-01-08 17:57:30"}
{"environment":"development","level":"info","message":"APPLICATION_STARTING","port":"3000","serverUrl":"http://localhost:3000","service":"urbango-api","timestamp":"2026-01-08 17:57:34"}
{"level":"info","message":"DATABASE_CONNECTED","service":"urbango-api","status":"connected","timestamp":"2026-01-08 17:57:34","url":"mongodb://localhost:27017/urbango"}
{"environment":"development","level":"info","message":"APPLICATION_STARTED","port":"3000","serverUrl":"http://localhost:3000","service":"urbango-api","status":"running","timestamp":"2026-01-08 17:57:34"}
{"environment":"development","level":"info","message":"APPLICATION_STARTING","port":"3000","serverUrl":"http://localhost:3000","service":"urbango-api","timestamp":"2026-01-08 17:57:38"}
{"level":"info","message":"DATABASE_CONNECTED","service":"urbango-api","status":"connected","timestamp":"2026-01-08 17:57:38","url":"mongodb://localhost:27017/urbango"}
{"environment":"development","level":"info","message":"APPLICATION_STARTED","port":"3000","serverUrl":"http://localhost:3000","service":"urbango-api","status":"running","timestamp":"2026-01-08 17:57:38"}
{"environment":"development","level":"info","message":"APPLICATION_STARTING","port":"3000","serverUrl":"http://localhost:3000","service":"urbango-api","timestamp":"2026-01-08 17:57:44"}
{"level":"info","message":"DATABASE_CONNECTED","service":"urbango-api","status":"connected","timestamp":"2026-01-08 17:57:44","url":"mongodb://localhost:27017/urbango"}
{"environment":"development","level":"info","message":"APPLICATION_STARTED","port":"3000","serverUrl":"http://localhost:3000","service":"urbango-api","status":"running","timestamp":"2026-01-08 17:57:44"}
{"environment":"development","level":"info","message":"APPLICATION_STARTING","port":"3000","serverUrl":"http://localhost:3000","service":"urbango-api","timestamp":"2026-01-08 17:57:49"}
{"level":"info","message":"DATABASE_CONNECTED","service":"urbango-api","status":"connected","timestamp":"2026-01-08 17:57:49","url":"mongodb://localhost:27017/urbango"}
{"environment":"development","level":"info","message":"APPLICATION_STARTED","port":"3000","serverUrl":"http://localhost:3000","service":"urbango-api","status":"running","timestamp":"2026-01-08 17:57:49"}
{"environment":"development","level":"info","message":"APPLICATION_STARTING","port":"3000","serverUrl":"http://localhost:3000","service":"urbango-api","timestamp":"2026-01-08 17:57:50"}
{"level":"info","message":"DATABASE_CONNECTED","service":"urbango-api","status":"connected","timestamp":"2026-01-08 17:57:50","url":"mongodb://localhost:27017/urbango"}
{"environment":"development","level":"info","message":"APPLICATION_STARTED","port":"3000","serverUrl":"http://localhost:3000","service":"urbango-api","status":"running","timestamp":"2026-01-08 17:57:50"}
{"environment":"development","level":"info","message":"APPLICATION_STARTING","port":"3000","serverUrl":"http://localhost:3000","service":"urbango-api","timestamp":"2026-01-08 17:57:51"}
{"level":"info","message":"DATABASE_CONNECTED","service":"urbango-api","status":"connected","timestamp":"2026-01-08 17:57:51","url":"mongodb://localhost:27017/urbango"}
{"environment":"development","level":"info","message":"APPLICATION_STARTED","port":"3000","serverUrl":"http://localhost:3000","service":"urbango-api","status":"running","timestamp":"2026-01-08 17:57:51"}
{"environment":"development","level":"info","message":"APPLICATION_STARTING","port":"3000","serverUrl":"http://localhost:3000","service":"urbango-api","timestamp":"2026-01-08 17:57:56"}
{"level":"info","message":"DATABASE_CONNECTED","service":"urbango-api","status":"connected","timestamp":"2026-01-08 17:57:56","url":"mongodb://localhost:27017/urbango"}
{"environment":"development","level":"info","message":"APPLICATION_STARTED","port":"3000","serverUrl":"http://localhost:3000","service":"urbango-api","status":"running","timestamp":"2026-01-08 17:57:56"}
{"environment":"development","level":"info","message":"APPLICATION_STARTING","port":"3000","serverUrl":"http://localhost:3000","service":"urbango-api","timestamp":"2026-01-08 17:58:05"}
{"level":"info","message":"DATABASE_CONNECTED","service":"urbango-api","status":"connected","timestamp":"2026-01-08 17:58:05","url":"mongodb://localhost:27017/urbango"}
{"environment":"development","level":"info","message":"APPLICATION_STARTED","port":"3000","serverUrl":"http://localhost:3000","service":"urbango-api","status":"running","timestamp":"2026-01-08 17:58:05"}
{"environment":"development","level":"info","message":"APPLICATION_STARTING","port":"3000","serverUrl":"http://localhost:3000","service":"urbango-api","timestamp":"2026-01-08 17:58:12"}
{"level":"info","message":"DATABASE_CONNECTED","service":"urbango-api","status":"connected","timestamp":"2026-01-08 17:58:12","url":"mongodb://localhost:27017/urbango"}
{"environment":"development","level":"info","message":"APPLICATION_STARTED","port":"3000","serverUrl":"http://localhost:3000","service":"urbango-api","status":"running","timestamp":"2026-01-08 17:58:12"}
{"environment":"development","level":"info","message":"APPLICATION_STARTING","port":"3000","serverUrl":"http://localhost:3000","service":"urbango-api","timestamp":"2026-01-08 17:58:18"}
{"level":"info","message":"DATABASE_CONNECTED","service":"urbango-api","status":"connected","timestamp":"2026-01-08 17:58:18","url":"mongodb://localhost:27017/urbango"}
{"environment":"development","level":"info","message":"APPLICATION_STARTED","port":"3000","serverUrl":"http://localhost:3000","service":"urbango-api","status":"running","timestamp":"2026-01-08 17:58:18"}
{"environment":"development","level":"info","message":"APPLICATION_STARTING","port":"3000","serverUrl":"http://localhost:3000","service":"urbango-api","timestamp":"2026-01-08 17:58:25"}
{"level":"info","message":"DATABASE_CONNECTED","service":"urbango-api","status":"connected","timestamp":"2026-01-08 17:58:25","url":"mongodb://localhost:27017/urbango"}
{"environment":"development","level":"info","message":"APPLICATION_STARTED","port":"3000","serverUrl":"http://localhost:3000","service":"urbango-api","status":"running","timestamp":"2026-01-08 17:58:25"}
{"environment":"development","level":"info","message":"APPLICATION_STARTING","port":"3000","serverUrl":"http://localhost:3000","service":"urbango-api","timestamp":"2026-01-08 17:58:29"}
{"level":"info","message":"DATABASE_CONNECTED","service":"urbango-api","status":"connected","timestamp":"2026-01-08 17:58:29","url":"mongodb://localhost:27017/urbango"}
{"environment":"development","level":"info","message":"APPLICATION_STARTED","port":"3000","serverUrl":"http://localhost:3000","service":"urbango-api","status":"running","timestamp":"2026-01-08 17:58:29"}
{"environment":"development","level":"info","message":"APPLICATION_STARTING","port":"3000","serverUrl":"http://localhost:3000","service":"urbango-api","timestamp":"2026-01-08 17:58:32"}
{"level":"info","message":"DATABASE_CONNECTED","service":"urbango-api","status":"connected","timestamp":"2026-01-08 17:58:32","url":"mongodb://localhost:27017/urbango"}
{"environment":"development","level":"info","message":"APPLICATION_STARTED","port":"3000","serverUrl":"http://localhost:3000","service":"urbango-api","status":"running","timestamp":"2026-01-08 17:58:32"}
{"environment":"development","level":"info","message":"APPLICATION_STARTING","port":"3000","serverUrl":"http://localhost:3000","service":"urbango-api","timestamp":"2026-01-08 17:58:33"}
{"level":"info","message":"DATABASE_CONNECTED","service":"urbango-api","status":"connected","timestamp":"2026-01-08 17:58:33","url":"mongodb://localhost:27017/urbango"}
{"environment":"development","level":"info","message":"APPLICATION_STARTED","port":"3000","serverUrl":"http://localhost:3000","service":"urbango-api","status":"running","timestamp":"2026-01-08 17:58:33"}
{"environment":"development","level":"info","message":"APPLICATION_STARTING","port":"3000","serverUrl":"http://localhost:3000","service":"urbango-api","timestamp":"2026-01-08 17:58:39"}
{"level":"info","message":"DATABASE_CONNECTED","service":"urbango-api","status":"connected","timestamp":"2026-01-08 17:58:39","url":"mongodb://localhost:27017/urbango"}
{"environment":"development","level":"info","message":"APPLICATION_STARTED","port":"3000","serverUrl":"http://localhost:3000","service":"urbango-api","status":"running","timestamp":"2026-01-08 17:58:39"}
{"environment":"development","level":"info","message":"APPLICATION_STARTING","port":"3000","serverUrl":"http://localhost:3000","service":"urbango-api","timestamp":"2026-01-08 17:58:41"}
{"level":"info","message":"DATABASE_CONNECTED","service":"urbango-api","status":"connected","timestamp":"2026-01-08 17:58:41","url":"mongodb://localhost:27017/urbango"}
{"environment":"development","level":"info","message":"APPLICATION_STARTED","port":"3000","serverUrl":"http://localhost:3000","service":"urbango-api","status":"running","timestamp":"2026-01-08 17:58:41"}
{"environment":"development","level":"info","message":"APPLICATION_STARTING","port":"3000","serverUrl":"http://localhost:3000","service":"urbango-api","timestamp":"2026-01-08 17:58:46"}
{"level":"info","message":"DATABASE_CONNECTED","service":"urbango-api","status":"connected","timestamp":"2026-01-08 17:58:46","url":"mongodb://localhost:27017/urbango"}
{"environment":"development","level":"info","message":"APPLICATION_STARTED","port":"3000","serverUrl":"http://localhost:3000","service":"urbango-api","status":"running","timestamp":"2026-01-08 17:58:46"}
{"environment":"development","level":"info","message":"APPLICATION_STARTING","port":"3000","serverUrl":"http://localhost:3000","service":"urbango-api","timestamp":"2026-01-08 17:59:05"}
{"level":"info","message":"DATABASE_CONNECTED","service":"urbango-api","status":"connected","timestamp":"2026-01-08 17:59:05","url":"mongodb://localhost:27017/urbango"}
{"environment":"development","level":"info","message":"APPLICATION_STARTED","port":"3000","serverUrl":"http://localhost:3000","service":"urbango-api","status":"running","timestamp":"2026-01-08 17:59:05"}
{"environment":"development","level":"info","message":"APPLICATION_STARTING","port":"3000","serverUrl":"http://localhost:3000","service":"urbango-api","timestamp":"2026-01-08 17:59:22"}
{"level":"info","message":"DATABASE_CONNECTED","service":"urbango-api","status":"connected","timestamp":"2026-01-08 17:59:22","url":"mongodb://localhost:27017/urbango"}
{"environment":"development","level":"info","message":"APPLICATION_STARTED","port":"3000","serverUrl":"http://localhost:3000","service":"urbango-api","status":"running","timestamp":"2026-01-08 17:59:22"}
{"environment":"development","level":"info","message":"APPLICATION_STARTING","port":"3000","serverUrl":"http://localhost:3000","service":"urbango-api","timestamp":"2026-01-08 17:59:40"}
{"level":"info","message":"DATABASE_CONNECTED","service":"urbango-api","status":"connected","timestamp":"2026-01-08 17:59:40","url":"mongodb://localhost:27017/urbango"}
{"environment":"development","level":"info","message":"APPLICATION_STARTED","port":"3000","serverUrl":"http://localhost:3000","service":"urbango-api","status":"running","timestamp":"2026-01-08 17:59:40"}
{"environment":"development","level":"info","message":"APPLICATION_STARTING","port":"3000","serverUrl":"http://localhost:3000","service":"urbango-api","timestamp":"2026-01-08 17:59:46"}
{"level":"info","message":"DATABASE_CONNECTED","service":"urbango-api","status":"connected","timestamp":"2026-01-08 17:59:46","url":"mongodb://localhost:27017/urbango"}
{"environment":"development","level":"info","message":"APPLICATION_STARTED","port":"3000","serverUrl":"http://localhost:3000","service":"urbango-api","status":"running","timestamp":"2026-01-08 17:59:46"}
{"environment":"development","level":"info","message":"APPLICATION_STARTING","port":"3000","serverUrl":"http://localhost:3000","service":"urbango-api","timestamp":"2026-01-08 17:59:48"}
{"level":"info","message":"DATABASE_CONNECTED","service":"urbango-api","status":"connected","timestamp":"2026-01-08 17:59:48","url":"mongodb://localhost:27017/urbango"}
{"environment":"development","level":"info","message":"APPLICATION_STARTED","port":"3000","serverUrl":"http://localhost:3000","service":"urbango-api","status":"running","timestamp":"2026-01-08 17:59:48"}
{"environment":"development","level":"info","message":"APPLICATION_STARTING","port":"3000","serverUrl":"http://localhost:3000","service":"urbango-api","timestamp":"2026-01-08 17:59:59"}
{"level":"info","message":"DATABASE_CONNECTED","service":"urbango-api","status":"connected","timestamp":"2026-01-08 17:59:59","url":"mongodb://localhost:27017/urbango"}
{"environment":"development","level":"info","message":"APPLICATION_STARTED","port":"3000","serverUrl":"http://localhost:3000","service":"urbango-api","status":"running","timestamp":"2026-01-08 17:59:59"}
{"environment":"development","level":"info","message":"APPLICATION_STARTING","port":"3000","serverUrl":"http://localhost:3000","service":"urbango-api","timestamp":"2026-01-08 18:00:19"}
{"level":"info","message":"DATABASE_CONNECTED","service":"urbango-api","status":"connected","timestamp":"2026-01-08 18:00:19","url":"mongodb://localhost:27017/urbango"}
{"environment":"development","level":"info","message":"APPLICATION_STARTED","port":"3000","serverUrl":"http://localhost:3000","service":"urbango-api","status":"running","timestamp":"2026-01-08 18:00:19"}
{"environment":"development","level":"info","message":"APPLICATION_STARTING","port":"3000","serverUrl":"http://localhost:3000","service":"urbango-api","timestamp":"2026-01-08 18:00:36"}
{"level":"info","message":"DATABASE_CONNECTED","service":"urbango-api","status":"connected","timestamp":"2026-01-08 18:00:36","url":"mongodb://localhost:27017/urbango"}
{"environment":"development","level":"info","message":"APPLICATION_STARTED","port":"3000","serverUrl":"http://localhost:3000","service":"urbango-api","status":"running","timestamp":"2026-01-08 18:00:36"}
{"environment":"development","level":"info","message":"APPLICATION_STARTING","port":"3000","serverUrl":"http://localhost:3000","service":"urbango-api","timestamp":"2026-01-08 18:00:40"}
{"level":"info","message":"DATABASE_CONNECTED","service":"urbango-api","status":"connected","timestamp":"2026-01-08 18:00:40","url":"mongodb://localhost:27017/urbango"}
{"environment":"development","level":"info","message":"APPLICATION_STARTED","port":"3000","serverUrl":"http://localhost:3000","service":"urbango-api","status":"running","timestamp":"2026-01-08 18:00:40"}
{"environment":"development","level":"info","message":"APPLICATION_STARTING","port":"3000","serverUrl":"http://localhost:3000","service":"urbango-api","timestamp":"2026-01-08 18:00:45"}
{"level":"info","message":"DATABASE_CONNECTED","service":"urbango-api","status":"connected","timestamp":"2026-01-08 18:00:45","url":"mongodb://localhost:27017/urbango"}
{"environment":"development","level":"info","message":"APPLICATION_STARTED","port":"3000","serverUrl":"http://localhost:3000","service":"urbango-api","status":"running","timestamp":"2026-01-08 18:00:45"}
{"environment":"development","level":"info","message":"APPLICATION_STARTING","port":"3000","serverUrl":"http://localhost:3000","service":"urbango-api","timestamp":"2026-01-08 18:00:49"}
{"level":"info","message":"DATABASE_CONNECTED","service":"urbango-api","status":"connected","timestamp":"2026-01-08 18:00:49","url":"mongodb://localhost:27017/urbango"}
{"environment":"development","level":"info","message":"APPLICATION_STARTED","port":"3000","serverUrl":"http://localhost:3000","service":"urbango-api","status":"running","timestamp":"2026-01-08 18:00:49"}
{"environment":"development","level":"info","message":"APPLICATION_STARTING","port":"3000","serverUrl":"http://localhost:3000","service":"urbango-api","timestamp":"2026-01-08 18:00:50"}
{"level":"info","message":"DATABASE_CONNECTED","service":"urbango-api","status":"connected","timestamp":"2026-01-08 18:00:50","url":"mongodb://localhost:27017/urbango"}
{"environment":"development","level":"info","message":"APPLICATION_STARTED","port":"3000","serverUrl":"http://localhost:3000","service":"urbango-api","status":"running","timestamp":"2026-01-08 18:00:50"}
{"environment":"development","level":"info","message":"APPLICATION_STARTING","port":"3000","serverUrl":"http://localhost:3000","service":"urbango-api","timestamp":"2026-01-08 18:00:53"}
{"level":"info","message":"DATABASE_CONNECTED","service":"urbango-api","status":"connected","timestamp":"2026-01-08 18:00:53","url":"mongodb://localhost:27017/urbango"}
{"environment":"development","level":"info","message":"APPLICATION_STARTED","port":"3000","serverUrl":"http://localhost:3000","service":"urbango-api","status":"running","timestamp":"2026-01-08 18:00:53"}
{"environment":"development","level":"info","message":"APPLICATION_STARTING","port":"3000","serverUrl":"http://localhost:3000","service":"urbango-api","timestamp":"2026-01-08 18:00:54"}
{"level":"info","message":"DATABASE_CONNECTED","service":"urbango-api","status":"connected","timestamp":"2026-01-08 18:00:54","url":"mongodb://localhost:27017/urbango"}
{"environment":"development","level":"info","message":"APPLICATION_STARTED","port":"3000","serverUrl":"http://localhost:3000","service":"urbango-api","status":"running","timestamp":"2026-01-08 18:00:54"}
{"environment":"development","level":"info","message":"APPLICATION_STARTING","port":"3000","serverUrl":"http://localhost:3000","service":"urbango-api","timestamp":"2026-01-08 18:01:03"}
{"level":"info","message":"DATABASE_CONNECTED","service":"urbango-api","status":"connected","timestamp":"2026-01-08 18:01:03","url":"mongodb://localhost:27017/urbango"}
{"environment":"development","level":"info","message":"APPLICATION_STARTED","port":"3000","serverUrl":"http://localhost:3000","service":"urbango-api","status":"running","timestamp":"2026-01-08 18:01:03"}
{"environment":"development","level":"info","message":"APPLICATION_STARTING","port":"3000","serverUrl":"http://localhost:3000","service":"urbango-api","timestamp":"2026-01-08 18:01:05"}
{"level":"info","message":"DATABASE_CONNECTED","service":"urbango-api","status":"connected","timestamp":"2026-01-08 18:01:05","url":"mongodb://localhost:27017/urbango"}
{"environment":"development","level":"info","message":"APPLICATION_STARTED","port":"3000","serverUrl":"http://localhost:3000","service":"urbango-api","status":"running","timestamp":"2026-01-08 18:01:05"}
{"environment":"development","level":"info","message":"APPLICATION_STARTING","port":"3000","serverUrl":"http://localhost:3000","service":"urbango-api","timestamp":"2026-01-08 18:01:14"}
{"level":"info","message":"DATABASE_CONNECTED","service":"urbango-api","status":"connected","timestamp":"2026-01-08 18:01:14","url":"mongodb://localhost:27017/urbango"}
{"environment":"development","level":"info","message":"APPLICATION_STARTED","port":"3000","serverUrl":"http://localhost:3000","service":"urbango-api","status":"running","timestamp":"2026-01-08 18:01:14"}
{"environment":"development","level":"info","message":"APPLICATION_STARTING","port":"3000","serverUrl":"http://localhost:3000","service":"urbango-api","timestamp":"2026-01-08 18:01:22"}
{"level":"info","message":"DATABASE_CONNECTED","service":"urbango-api","status":"connected","timestamp":"2026-01-08 18:01:22","url":"mongodb://localhost:27017/urbango"}
{"environment":"development","level":"info","message":"APPLICATION_STARTED","port":"3000","serverUrl":"http://localhost:3000","service":"urbango-api","status":"running","timestamp":"2026-01-08 18:01:22"}
{"environment":"development","level":"info","message":"APPLICATION_STARTING","port":"3000","serverUrl":"http://localhost:3000","service":"urbango-api","timestamp":"2026-01-08 18:01:29"}
{"level":"info","message":"DATABASE_CONNECTED","service":"urbango-api","status":"connected","timestamp":"2026-01-08 18:01:29","url":"mongodb://localhost:27017/urbango"}
{"environment":"development","level":"info","message":"APPLICATION_STARTED","port":"3000","serverUrl":"http://localhost:3000","service":"urbango-api","status":"running","timestamp":"2026-01-08 18:01:29"}
{"environment":"development","level":"info","message":"APPLICATION_STARTING","port":"3000","serverUrl":"http://localhost:3000","service":"urbango-api","timestamp":"2026-01-08 18:03:27"}
{"level":"info","message":"DATABASE_CONNECTED","service":"urbango-api","status":"connected","timestamp":"2026-01-08 18:03:27","url":"mongodb://localhost:27017/urbango"}
{"environment":"development","level":"info","message":"APPLICATION_STARTED","port":"3000","serverUrl":"http://localhost:3000","service":"urbango-api","status":"running","timestamp":"2026-01-08 18:03:27"}
{"environment":"development","level":"info","message":"APPLICATION_STARTING","port":"3000","serverUrl":"http://localhost:3000","service":"urbango-api","timestamp":"2026-01-08 18:03:52"}
{"level":"info","message":"DATABASE_CONNECTED","service":"urbango-api","status":"connected","timestamp":"2026-01-08 18:03:52","url":"mongodb://localhost:27017/urbango"}
{"environment":"development","level":"info","message":"APPLICATION_STARTED","port":"3000","serverUrl":"http://localhost:3000","service":"urbango-api","status":"running","timestamp":"2026-01-08 18:03:52"}
{"environment":"development","level":"info","message":"APPLICATION_STARTING","port":"3000","serverUrl":"http://localhost:3000","service":"urbango-api","timestamp":"2026-01-08 18:03:54"}
{"level":"info","message":"DATABASE_CONNECTED","service":"urbango-api","status":"connected","timestamp":"2026-01-08 18:03:54","url":"mongodb://localhost:27017/urbango"}
{"environment":"development","level":"info","message":"APPLICATION_STARTED","port":"3000","serverUrl":"http://localhost:3000","service":"urbango-api","status":"running","timestamp":"2026-01-08 18:03:54"}
{"environment":"development","level":"info","message":"APPLICATION_STARTING","port":"3000","serverUrl":"http://localhost:3000","service":"urbango-api","timestamp":"2026-01-08 18:03:58"}
{"level":"info","message":"DATABASE_CONNECTED","service":"urbango-api","status":"connected","timestamp":"2026-01-08 18:03:58","url":"mongodb://localhost:27017/urbango"}
{"environment":"development","level":"info","message":"APPLICATION_STARTED","port":"3000","serverUrl":"http://localhost:3000","service":"urbango-api","status":"running","timestamp":"2026-01-08 18:03:58"}
{"environment":"development","level":"info","message":"APPLICATION_STARTING","port":"3000","serverUrl":"http://localhost:3000","service":"urbango-api","timestamp":"2026-01-08 18:04:03"}
{"level":"info","message":"DATABASE_CONNECTED","service":"urbango-api","status":"connected","timestamp":"2026-01-08 18:04:03","url":"mongodb://localhost:27017/urbango"}
{"environment":"development","level":"info","message":"APPLICATION_STARTED","port":"3000","serverUrl":"http://localhost:3000","service":"urbango-api","status":"running","timestamp":"2026-01-08 18:04:03"}
{"environment":"development","level":"info","message":"APPLICATION_STARTING","port":"3000","serverUrl":"http://localhost:3000","service":"urbango-api","timestamp":"2026-01-08 18:09:21"}
{"level":"info","message":"DATABASE_CONNECTED","service":"urbango-api","status":"connected","timestamp":"2026-01-08 18:09:21","url":"mongodb://localhost:27017/urbango"}
{"environment":"development","level":"info","message":"APPLICATION_STARTED","port":"3000","serverUrl":"http://localhost:3000","service":"urbango-api","status":"running","timestamp":"2026-01-08 18:09:21"}
{"environment":"development","level":"info","message":"APPLICATION_STARTING","port":"3000","serverUrl":"http://localhost:3000","service":"urbango-api","timestamp":"2026-01-08 18:09:38"}
{"level":"info","message":"DATABASE_CONNECTED","service":"urbango-api","status":"connected","timestamp":"2026-01-08 18:09:38","url":"mongodb://localhost:27017/urbango"}
{"environment":"development","level":"info","message":"APPLICATION_STARTED","port":"3000","serverUrl":"http://localhost:3000","service":"urbango-api","status":"running","timestamp":"2026-01-08 18:09:38"}
{"environment":"development","level":"info","message":"APPLICATION_STARTING","port":"3000","serverUrl":"http://localhost:3000","service":"urbango-api","timestamp":"2026-01-08 18:12:21"}
{"level":"info","message":"DATABASE_CONNECTED","service":"urbango-api","status":"connected","timestamp":"2026-01-08 18:12:22","url":"mongodb://localhost:27017/urbango"}
{"environment":"development","level":"info","message":"APPLICATION_STARTED","port":"3000","serverUrl":"http://localhost:3000","service":"urbango-api","status":"running","timestamp":"2026-01-08 18:12:22"}
{"environment":"development","level":"info","message":"APPLICATION_STARTING","port":"3000","serverUrl":"http://localhost:3000","service":"urbango-api","timestamp":"2026-01-08 18:12:25"}
{"level":"info","message":"DATABASE_CONNECTED","service":"urbango-api","status":"connected","timestamp":"2026-01-08 18:12:25","url":"mongodb://localhost:27017/urbango"}
{"environment":"development","level":"info","message":"APPLICATION_STARTED","port":"3000","serverUrl":"http://localhost:3000","service":"urbango-api","status":"running","timestamp":"2026-01-08 18:12:25"}
{"environment":"development","level":"info","message":"APPLICATION_STARTING","port":"3000","serverUrl":"http://localhost:3000","service":"urbango-api","timestamp":"2026-01-08 18:12:29"}
{"level":"info","message":"DATABASE_CONNECTED","service":"urbango-api","status":"connected","timestamp":"2026-01-08 18:12:29","url":"mongodb://localhost:27017/urbango"}
{"environment":"development","level":"info","message":"APPLICATION_STARTED","port":"3000","serverUrl":"http://localhost:3000","service":"urbango-api","status":"running","timestamp":"2026-01-08 18:12:29"}
{"environment":"development","level":"info","message":"APPLICATION_STARTING","port":"3000","serverUrl":"http://localhost:3000","service":"urbango-api","timestamp":"2026-01-08 18:13:46"}
{"level":"info","message":"DATABASE_CONNECTED","service":"urbango-api","status":"connected","timestamp":"2026-01-08 18:13:46","url":"mongodb://localhost:27017/urbango"}
{"environment":"development","level":"info","message":"APPLICATION_STARTED","port":"3000","serverUrl":"http://localhost:3000","service":"urbango-api","status":"running","timestamp":"2026-01-08 18:13:46"}
{"environment":"development","level":"info","message":"APPLICATION_STARTING","port":"3000","serverUrl":"http://localhost:3000","service":"urbango-api","timestamp":"2026-01-08 18:13:56"}
{"level":"info","message":"DATABASE_CONNECTED","service":"urbango-api","status":"connected","timestamp":"2026-01-08 18:13:56","url":"mongodb://localhost:27017/urbango"}
{"environment":"development","level":"info","message":"APPLICATION_STARTED","port":"3000","serverUrl":"http://localhost:3000","service":"urbango-api","status":"running","timestamp":"2026-01-08 18:13:56"}
{"environment":"development","level":"info","message":"APPLICATION_STARTING","port":"3000","serverUrl":"http://localhost:3000","service":"urbango-api","timestamp":"2026-01-08 18:14:01"}
{"level":"info","message":"DATABASE_CONNECTED","service":"urbango-api","status":"connected","timestamp":"2026-01-08 18:14:02","url":"mongodb://localhost:27017/urbango"}
{"environment":"development","level":"info","message":"APPLICATION_STARTED","port":"3000","serverUrl":"http://localhost:3000","service":"urbango-api","status":"running","timestamp":"2026-01-08 18:14:02"}
{"environment":"development","level":"info","message":"APPLICATION_STARTING","port":"3000","serverUrl":"http://localhost:3000","service":"urbango-api","timestamp":"2026-01-08 18:14:09"}
{"level":"info","message":"DATABASE_CONNECTED","service":"urbango-api","status":"connected","timestamp":"2026-01-08 18:14:09","url":"mongodb://localhost:27017/urbango"}
{"environment":"development","level":"info","message":"APPLICATION_STARTED","port":"3000","serverUrl":"http://localhost:3000","service":"urbango-api","status":"running","timestamp":"2026-01-08 18:14:09"}
{"environment":"development","level":"info","message":"APPLICATION_STARTING","port":"3000","serverUrl":"http://localhost:3000","service":"urbango-api","timestamp":"2026-01-08 18:24:28"}
{"level":"info","message":"DATABASE_CONNECTED","service":"urbango-api","status":"connected","timestamp":"2026-01-08 18:24:28","url":"mongodb://localhost:27017/urbango"}
{"environment":"development","level":"info","message":"APPLICATION_STARTED","port":"3000","serverUrl":"http://localhost:3000","service":"urbango-api","status":"running","timestamp":"2026-01-08 18:24:28"}
{"environment":"development","level":"info","message":"APPLICATION_STARTING","port":"3000","serverUrl":"http://localhost:3000","service":"urbango-api","timestamp":"2026-01-08 18:24:31"}
{"level":"info","message":"DATABASE_CONNECTED","service":"urbango-api","status":"connected","timestamp":"2026-01-08 18:24:31","url":"mongodb://localhost:27017/urbango"}
{"environment":"development","level":"info","message":"APPLICATION_STARTED","port":"3000","serverUrl":"http://localhost:3000","service":"urbango-api","status":"running","timestamp":"2026-01-08 18:24:31"}
{"environment":"development","level":"info","message":"APPLICATION_STARTING","port":"3000","serverUrl":"http://localhost:3000","service":"urbango-api","timestamp":"2026-01-08 18:24:36"}
{"level":"info","message":"DATABASE_CONNECTED","service":"urbango-api","status":"connected","timestamp":"2026-01-08 18:24:36","url":"mongodb://localhost:27017/urbango"}
{"environment":"development","level":"info","message":"APPLICATION_STARTED","port":"3000","serverUrl":"http://localhost:3000","service":"urbango-api","status":"running","timestamp":"2026-01-08 18:24:36"}
{"environment":"development","level":"info","message":"APPLICATION_STARTING","port":"3000","serverUrl":"http://localhost:3000","service":"urbango-api","timestamp":"2026-01-08 18:24:40"}
{"level":"info","message":"DATABASE_CONNECTED","service":"urbango-api","status":"connected","timestamp":"2026-01-08 18:24:40","url":"mongodb://localhost:27017/urbango"}
{"environment":"development","level":"info","message":"APPLICATION_STARTED","port":"3000","serverUrl":"http://localhost:3000","service":"urbango-api","status":"running","timestamp":"2026-01-08 18:24:40"}
{"environment":"development","level":"info","message":"APPLICATION_STARTING","port":"3000","serverUrl":"http://localhost:3000","service":"urbango-api","timestamp":"2026-01-08 18:24:44"}
{"level":"info","message":"DATABASE_CONNECTED","service":"urbango-api","status":"connected","timestamp":"2026-01-08 18:24:44","url":"mongodb://localhost:27017/urbango"}
{"environment":"development","level":"info","message":"APPLICATION_STARTED","port":"3000","serverUrl":"http://localhost:3000","service":"urbango-api","status":"running","timestamp":"2026-01-08 18:24:44"}
{"environment":"development","level":"info","message":"APPLICATION_STARTING","port":"3000","serverUrl":"http://localhost:3000","service":"urbango-api","timestamp":"2026-01-08 18:26:37"}
{"level":"info","message":"DATABASE_CONNECTED","service":"urbango-api","status":"connected","timestamp":"2026-01-08 18:26:37","url":"mongodb://localhost:27017/urbango"}
{"environment":"development","level":"info","message":"APPLICATION_STARTED","port":"3000","serverUrl":"http://localhost:3000","service":"urbango-api","status":"running","timestamp":"2026-01-08 18:26:37"}
{"environment":"development","level":"info","message":"APPLICATION_STARTING","port":"3000","serverUrl":"http://localhost:3000","service":"urbango-api","timestamp":"2026-01-08 18:26:40"}
{"level":"info","message":"DATABASE_CONNECTED","service":"urbango-api","status":"connected","timestamp":"2026-01-08 18:26:40","url":"mongodb://localhost:27017/urbango"}
{"environment":"development","level":"info","message":"APPLICATION_STARTED","port":"3000","serverUrl":"http://localhost:3000","service":"urbango-api","status":"running","timestamp":"2026-01-08 18:26:40"}
{"environment":"development","level":"info","message":"APPLICATION_STARTING","port":"3000","serverUrl":"http://localhost:3000","service":"urbango-api","timestamp":"2026-01-08 18:26:41"}
{"level":"info","message":"DATABASE_CONNECTED","service":"urbango-api","status":"connected","timestamp":"2026-01-08 18:26:41","url":"mongodb://localhost:27017/urbango"}
{"environment":"development","level":"info","message":"APPLICATION_STARTED","port":"3000","serverUrl":"http://localhost:3000","service":"urbango-api","status":"running","timestamp":"2026-01-08 18:26:41"}
{"environment":"development","level":"info","message":"APPLICATION_STARTING","port":"3000","serverUrl":"http://localhost:3000","service":"urbango-api","timestamp":"2026-01-08 18:26:49"}
{"level":"info","message":"DATABASE_CONNECTED","service":"urbango-api","status":"connected","timestamp":"2026-01-08 18:26:49","url":"mongodb://localhost:27017/urbango"}
{"environment":"development","level":"info","message":"APPLICATION_STARTED","port":"3000","serverUrl":"http://localhost:3000","service":"urbango-api","status":"running","timestamp":"2026-01-08 18:26:49"}
{"environment":"development","level":"info","message":"APPLICATION_STARTING","port":"3000","serverUrl":"http://localhost:3000","service":"urbango-api","timestamp":"2026-01-08 18:26:50"}
{"level":"info","message":"DATABASE_CONNECTED","service":"urbango-api","status":"connected","timestamp":"2026-01-08 18:26:50","url":"mongodb://localhost:27017/urbango"}
{"environment":"development","level":"info","message":"APPLICATION_STARTED","port":"3000","serverUrl":"http://localhost:3000","service":"urbango-api","status":"running","timestamp":"2026-01-08 18:26:50"}
{"environment":"development","level":"info","message":"APPLICATION_STARTING","port":"3000","serverUrl":"http://localhost:3000","service":"urbango-api","timestamp":"2026-01-08 18:26:53"}
{"level":"info","message":"DATABASE_CONNECTED","service":"urbango-api","status":"connected","timestamp":"2026-01-08 18:26:53","url":"mongodb://localhost:27017/urbango"}
{"environment":"development","level":"info","message":"APPLICATION_STARTED","port":"3000","serverUrl":"http://localhost:3000","service":"urbango-api","status":"running","timestamp":"2026-01-08 18:26:53"}
{"environment":"development","level":"info","message":"APPLICATION_STARTING","port":"3000","serverUrl":"http://localhost:3000","service":"urbango-api","timestamp":"2026-01-08 18:27:00"}
{"environment":"development","level":"info","message":"APPLICATION_STARTING","port":"3000","serverUrl":"http://localhost:3000","service":"urbango-api","timestamp":"2026-01-08 18:27:00"}
{"level":"info","message":"DATABASE_CONNECTED","service":"urbango-api","status":"connected","timestamp":"2026-01-08 18:27:00","url":"mongodb://localhost:27017/urbango"}
{"environment":"development","level":"info","message":"APPLICATION_STARTED","port":"3000","serverUrl":"http://localhost:3000","service":"urbango-api","status":"running","timestamp":"2026-01-08 18:27:00"}
{"environment":"development","level":"info","message":"APPLICATION_STARTING","port":"3000","serverUrl":"http://localhost:3000","service":"urbango-api","timestamp":"2026-01-08 18:27:04"}
{"level":"info","message":"DATABASE_CONNECTED","service":"urbango-api","status":"connected","timestamp":"2026-01-08 18:27:04","url":"mongodb://localhost:27017/urbango"}
{"environment":"development","level":"info","message":"APPLICATION_STARTED","port":"3000","serverUrl":"http://localhost:3000","service":"urbango-api","status":"running","timestamp":"2026-01-08 18:27:04"}
{"environment":"development","level":"info","message":"APPLICATION_STARTING","port":"3000","serverUrl":"http://localhost:3000","service":"urbango-api","timestamp":"2026-01-08 18:27:06"}
{"level":"info","message":"DATABASE_CONNECTED","service":"urbango-api","status":"connected","timestamp":"2026-01-08 18:27:06","url":"mongodb://localhost:27017/urbango"}
{"environment":"development","level":"info","message":"APPLICATION_STARTED","port":"3000","serverUrl":"http://localhost:3000","service":"urbango-api","status":"running","timestamp":"2026-01-08 18:27:06"}
{"environment":"development","level":"info","message":"APPLICATION_STARTING","port":"3000","serverUrl":"http://localhost:3000","service":"urbango-api","timestamp":"2026-01-08 18:27:08"}
{"level":"info","message":"DATABASE_CONNECTED","service":"urbango-api","status":"connected","timestamp":"2026-01-08 18:27:09","url":"mongodb://localhost:27017/urbango"}
{"environment":"development","level":"info","message":"APPLICATION_STARTED","port":"3000","serverUrl":"http://localhost:3000","service":"urbango-api","status":"running","timestamp":"2026-01-08 18:27:09"}
{"environment":"development","level":"info","message":"APPLICATION_STARTING","port":"3000","serverUrl":"http://localhost:3000","service":"urbango-api","timestamp":"2026-01-08 18:27:17"}
{"level":"info","message":"DATABASE_CONNECTED","service":"urbango-api","status":"connected","timestamp":"2026-01-08 18:27:17","url":"mongodb://localhost:27017/urbango"}
{"environment":"development","level":"info","message":"APPLICATION_STARTED","port":"3000","serverUrl":"http://localhost:3000","service":"urbango-api","status":"running","timestamp":"2026-01-08 18:27:17"}
{"environment":"development","level":"info","message":"APPLICATION_STARTING","port":"3000","serverUrl":"http://localhost:3000","service":"urbango-api","timestamp":"2026-01-08 18:27:19"}
{"level":"info","message":"DATABASE_CONNECTED","service":"urbango-api","status":"connected","timestamp":"2026-01-08 18:27:19","url":"mongodb://localhost:27017/urbango"}
{"environment":"development","level":"info","message":"APPLICATION_STARTED","port":"3000","serverUrl":"http://localhost:3000","service":"urbango-api","status":"running","timestamp":"2026-01-08 18:27:19"}
{"environment":"development","level":"info","message":"APPLICATION_STARTING","port":"3000","serverUrl":"http://localhost:3000","service":"urbango-api","timestamp":"2026-01-08 18:27:23"}
{"level":"info","message":"DATABASE_CONNECTED","service":"urbango-api","status":"connected","timestamp":"2026-01-08 18:27:23","url":"mongodb://localhost:27017/urbango"}
{"environment":"development","level":"info","message":"APPLICATION_STARTED","port":"3000","serverUrl":"http://localhost:3000","service":"urbango-api","status":"running","timestamp":"2026-01-08 18:27:23"}
{"environment":"development","level":"info","message":"APPLICATION_STARTING","port":"3000","serverUrl":"http://localhost:3000","service":"urbango-api","timestamp":"2026-01-08 18:27:25"}
{"level":"info","message":"DATABASE_CONNECTED","service":"urbango-api","status":"connected","timestamp":"2026-01-08 18:27:25","url":"mongodb://localhost:27017/urbango"}
{"environment":"development","level":"info","message":"APPLICATION_STARTED","port":"3000","serverUrl":"http://localhost:3000","service":"urbango-api","status":"running","timestamp":"2026-01-08 18:27:25"}
{"environment":"development","level":"info","message":"APPLICATION_STARTING","port":"3000","serverUrl":"http://localhost:3000","service":"urbango-api","timestamp":"2026-01-08 18:27:27"}
{"level":"info","message":"DATABASE_CONNECTED","service":"urbango-api","status":"connected","timestamp":"2026-01-08 18:27:27","url":"mongodb://localhost:27017/urbango"}
{"environment":"development","level":"info","message":"APPLICATION_STARTED","port":"3000","serverUrl":"http://localhost:3000","service":"urbango-api","status":"running","timestamp":"2026-01-08 18:27:27"}
{"environment":"development","level":"info","message":"APPLICATION_STARTING","port":"3000","serverUrl":"http://localhost:3000","service":"urbango-api","timestamp":"2026-01-08 18:27:38"}
{"level":"info","message":"DATABASE_CONNECTED","service":"urbango-api","status":"connected","timestamp":"2026-01-08 18:27:38","url":"mongodb://localhost:27017/urbango"}
{"environment":"development","level":"info","message":"APPLICATION_STARTED","port":"3000","serverUrl":"http://localhost:3000","service":"urbango-api","status":"running","timestamp":"2026-01-08 18:27:38"}
{"environment":"development","level":"info","message":"APPLICATION_STARTING","port":"3000","serverUrl":"http://localhost:3000","service":"urbango-api","timestamp":"2026-01-08 18:27:42"}
{"level":"info","message":"DATABASE_CONNECTED","service":"urbango-api","status":"connected","timestamp":"2026-01-08 18:27:42","url":"mongodb://localhost:27017/urbango"}
{"environment":"development","level":"info","message":"APPLICATION_STARTED","port":"3000","serverUrl":"http://localhost:3000","service":"urbango-api","status":"running","timestamp":"2026-01-08 18:27:42"}
{"environment":"development","level":"info","message":"APPLICATION_STARTING","port":"3000","serverUrl":"http://localhost:3000","service":"urbango-api","timestamp":"2026-01-08 18:27:44"}
{"level":"info","message":"DATABASE_CONNECTED","service":"urbango-api","status":"connected","timestamp":"2026-01-08 18:27:44","url":"mongodb://localhost:27017/urbango"}
{"environment":"development","level":"info","message":"APPLICATION_STARTED","port":"3000","serverUrl":"http://localhost:3000","service":"urbango-api","status":"running","timestamp":"2026-01-08 18:27:44"}
{"environment":"development","level":"info","message":"APPLICATION_STARTING","port":"3000","serverUrl":"http://localhost:3000","service":"urbango-api","timestamp":"2026-01-08 18:27:53"}
{"level":"info","message":"DATABASE_CONNECTED","service":"urbango-api","status":"connected","timestamp":"2026-01-08 18:27:53","url":"mongodb://localhost:27017/urbango"}
{"environment":"development","level":"info","message":"APPLICATION_STARTED","port":"3000","serverUrl":"http://localhost:3000","service":"urbango-api","status":"running","timestamp":"2026-01-08 18:27:53"}
{"environment":"development","level":"info","message":"APPLICATION_STARTING","port":"3000","serverUrl":"http://localhost:3000","service":"urbango-api","timestamp":"2026-01-08 18:28:29"}
{"level":"info","message":"DATABASE_CONNECTED","service":"urbango-api","status":"connected","timestamp":"2026-01-08 18:28:29","url":"mongodb://localhost:27017/urbango"}
{"environment":"development","level":"info","message":"APPLICATION_STARTED","port":"3000","serverUrl":"http://localhost:3000","service":"urbango-api","status":"running","timestamp":"2026-01-08 18:28:29"}
{"environment":"development","level":"info","message":"APPLICATION_STARTING","port":"3000","serverUrl":"http://localhost:3000","service":"urbango-api","timestamp":"2026-01-08 18:28:30"}
{"level":"info","message":"DATABASE_CONNECTED","service":"urbango-api","status":"connected","timestamp":"2026-01-08 18:28:30","url":"mongodb://localhost:27017/urbango"}
{"environment":"development","level":"info","message":"APPLICATION_STARTED","port":"3000","serverUrl":"http://localhost:3000","service":"urbango-api","status":"running","timestamp":"2026-01-08 18:28:30"}
{"environment":"development","level":"info","message":"APPLICATION_STARTING","port":"3000","serverUrl":"http://localhost:3000","service":"urbango-api","timestamp":"2026-01-08 18:28:37"}
{"level":"info","message":"DATABASE_CONNECTED","service":"urbango-api","status":"connected","timestamp":"2026-01-08 18:28:37","url":"mongodb://localhost:27017/urbango"}
{"environment":"development","level":"info","message":"APPLICATION_STARTED","port":"3000","serverUrl":"http://localhost:3000","service":"urbango-api","status":"running","timestamp":"2026-01-08 18:28:37"}
{"environment":"development","level":"info","message":"APPLICATION_STARTING","port":"3000","serverUrl":"http://localhost:3000","service":"urbango-api","timestamp":"2026-01-08 18:28:44"}
{"level":"info","message":"DATABASE_CONNECTED","service":"urbango-api","status":"connected","timestamp":"2026-01-08 18:28:44","url":"mongodb://localhost:27017/urbango"}
{"environment":"development","level":"info","message":"APPLICATION_STARTED","port":"3000","serverUrl":"http://localhost:3000","service":"urbango-api","status":"running","timestamp":"2026-01-08 18:28:44"}
{"environment":"development","level":"info","message":"APPLICATION_STARTING","port":"3000","serverUrl":"http://localhost:3000","service":"urbango-api","timestamp":"2026-01-08 18:28:45"}
{"level":"info","message":"DATABASE_CONNECTED","service":"urbango-api","status":"connected","timestamp":"2026-01-08 18:28:45","url":"mongodb://localhost:27017/urbango"}
{"environment":"development","level":"info","message":"APPLICATION_STARTED","port":"3000","serverUrl":"http://localhost:3000","service":"urbango-api","status":"running","timestamp":"2026-01-08 18:28:45"}
{"environment":"development","level":"info","message":"APPLICATION_STARTING","port":"3000","serverUrl":"http://localhost:3000","service":"urbango-api","timestamp":"2026-01-08 18:28:52"}
{"level":"info","message":"DATABASE_CONNECTED","service":"urbango-api","status":"connected","timestamp":"2026-01-08 18:28:52","url":"mongodb://localhost:27017/urbango"}
{"environment":"development","level":"info","message":"APPLICATION_STARTED","port":"3000","serverUrl":"http://localhost:3000","service":"urbango-api","status":"running","timestamp":"2026-01-08 18:28:52"}
{"environment":"development","level":"info","message":"APPLICATION_STARTING","port":"3000","serverUrl":"http://localhost:3000","service":"urbango-api","timestamp":"2026-01-08 18:29:03"}
{"level":"info","message":"DATABASE_CONNECTED","service":"urbango-api","status":"connected","timestamp":"2026-01-08 18:29:03","url":"mongodb://localhost:27017/urbango"}
{"environment":"development","level":"info","message":"APPLICATION_STARTED","port":"3000","serverUrl":"http://localhost:3000","service":"urbango-api","status":"running","timestamp":"2026-01-08 18:29:03"}
{"environment":"development","level":"info","message":"APPLICATION_STARTING","port":"3000","serverUrl":"http://localhost:3000","service":"urbango-api","timestamp":"2026-01-08 18:29:10"}
{"level":"info","message":"DATABASE_CONNECTED","service":"urbango-api","status":"connected","timestamp":"2026-01-08 18:29:10","url":"mongodb://localhost:27017/urbango"}
{"environment":"development","level":"info","message":"APPLICATION_STARTED","port":"3000","serverUrl":"http://localhost:3000","service":"urbango-api","status":"running","timestamp":"2026-01-08 18:29:10"}
{"environment":"development","level":"info","message":"APPLICATION_STARTING","port":"3000","serverUrl":"http://localhost:3000","service":"urbango-api","timestamp":"2026-01-08 18:29:11"}
{"level":"info","message":"DATABASE_CONNECTED","service":"urbango-api","status":"connected","timestamp":"2026-01-08 18:29:11","url":"mongodb://localhost:27017/urbango"}
{"environment":"development","level":"info","message":"APPLICATION_STARTED","port":"3000","serverUrl":"http://localhost:3000","service":"urbango-api","status":"running","timestamp":"2026-01-08 18:29:11"}
{"environment":"development","level":"info","message":"APPLICATION_STARTING","port":"3000","serverUrl":"http://localhost:3000","service":"urbango-api","timestamp":"2026-01-08 18:29:17"}
{"level":"info","message":"DATABASE_CONNECTED","service":"urbango-api","status":"connected","timestamp":"2026-01-08 18:29:17","url":"mongodb://localhost:27017/urbango"}
{"environment":"development","level":"info","message":"APPLICATION_STARTED","port":"3000","serverUrl":"http://localhost:3000","service":"urbango-api","status":"running","timestamp":"2026-01-08 18:29:17"}
{"environment":"development","level":"info","message":"APPLICATION_STARTING","port":"3000","serverUrl":"http://localhost:3000","service":"urbango-api","timestamp":"2026-01-08 18:29:18"}
{"level":"info","message":"DATABASE_CONNECTED","service":"urbango-api","status":"connected","timestamp":"2026-01-08 18:29:18","url":"mongodb://localhost:27017/urbango"}
{"environment":"development","level":"info","message":"APPLICATION_STARTED","port":"3000","serverUrl":"http://localhost:3000","service":"urbango-api","status":"running","timestamp":"2026-01-08 18:29:18"}
{"environment":"development","level":"info","message":"APPLICATION_STARTING","port":"3000","serverUrl":"http://localhost:3000","service":"urbango-api","timestamp":"2026-01-08 18:29:26"}
{"level":"info","message":"DATABASE_CONNECTED","service":"urbango-api","status":"connected","timestamp":"2026-01-08 18:29:26","url":"mongodb://localhost:27017/urbango"}
{"environment":"development","level":"info","message":"APPLICATION_STARTED","port":"3000","serverUrl":"http://localhost:3000","service":"urbango-api","status":"running","timestamp":"2026-01-08 18:29:26"}
{"environment":"development","level":"info","message":"APPLICATION_STARTING","port":"3000","serverUrl":"http://localhost:3000","service":"urbango-api","timestamp":"2026-01-08 18:29:28"}
{"level":"info","message":"DATABASE_CONNECTED","service":"urbango-api","status":"connected","timestamp":"2026-01-08 18:29:28","url":"mongodb://localhost:27017/urbango"}
{"environment":"development","level":"info","message":"APPLICATION_STARTED","port":"3000","serverUrl":"http://localhost:3000","service":"urbango-api","status":"running","timestamp":"2026-01-08 18:29:28"}
{"environment":"development","level":"info","message":"APPLICATION_STARTING","port":"3000","serverUrl":"http://localhost:3000","service":"urbango-api","timestamp":"2026-01-08 18:30:02"}
{"level":"info","message":"DATABASE_CONNECTED","service":"urbango-api","status":"connected","timestamp":"2026-01-08 18:30:02","url":"mongodb://localhost:27017/urbango"}
{"environment":"development","level":"info","message":"APPLICATION_STARTED","port":"3000","serverUrl":"http://localhost:3000","service":"urbango-api","status":"running","timestamp":"2026-01-08 18:30:02"}
{"environment":"development","level":"info","message":"APPLICATION_STARTING","port":"3000","serverUrl":"http://localhost:3000","service":"urbango-api","timestamp":"2026-01-08 18:30:14"}
{"level":"info","message":"DATABASE_CONNECTED","service":"urbango-api","status":"connected","timestamp":"2026-01-08 18:30:14","url":"mongodb://localhost:27017/urbango"}
{"environment":"development","level":"info","message":"APPLICATION_STARTED","port":"3000","serverUrl":"http://localhost:3000","service":"urbango-api","status":"running","timestamp":"2026-01-08 18:30:14"}
{"environment":"development","level":"info","message":"APPLICATION_STARTING","port":"3000","serverUrl":"http://localhost:3000","service":"urbango-api","timestamp":"2026-01-08 18:30:22"}
{"level":"info","message":"DATABASE_CONNECTED","service":"urbango-api","status":"connected","timestamp":"2026-01-08 18:30:22","url":"mongodb://localhost:27017/urbango"}
{"environment":"development","level":"info","message":"APPLICATION_STARTED","port":"3000","serverUrl":"http://localhost:3000","service":"urbango-api","status":"running","timestamp":"2026-01-08 18:30:22"}
{"environment":"development","level":"info","message":"APPLICATION_STARTING","port":"3000","serverUrl":"http://localhost:3000","service":"urbango-api","timestamp":"2026-01-08 18:30:44"}
{"level":"info","message":"DATABASE_CONNECTED","service":"urbango-api","status":"connected","timestamp":"2026-01-08 18:30:44","url":"mongodb://localhost:27017/urbango"}
{"environment":"development","level":"info","message":"APPLICATION_STARTED","port":"3000","serverUrl":"http://localhost:3000","service":"urbango-api","status":"running","timestamp":"2026-01-08 18:30:44"}
{"environment":"development","level":"info","message":"APPLICATION_STARTING","port":"3000","serverUrl":"http://localhost:3000","service":"urbango-api","timestamp":"2026-01-08 18:30:47"}
{"level":"info","message":"DATABASE_CONNECTED","service":"urbango-api","status":"connected","timestamp":"2026-01-08 18:30:47","url":"mongodb://localhost:27017/urbango"}
{"environment":"development","level":"info","message":"APPLICATION_STARTED","port":"3000","serverUrl":"http://localhost:3000","service":"urbango-api","status":"running","timestamp":"2026-01-08 18:30:47"}
{"environment":"development","level":"info","message":"APPLICATION_STARTING","port":"3000","serverUrl":"http://localhost:3000","service":"urbango-api","timestamp":"2026-01-08 18:30:53"}
{"level":"info","message":"DATABASE_CONNECTED","service":"urbango-api","status":"connected","timestamp":"2026-01-08 18:30:53","url":"mongodb://localhost:27017/urbango"}
{"environment":"development","level":"info","message":"APPLICATION_STARTED","port":"3000","serverUrl":"http://localhost:3000","service":"urbango-api","status":"running","timestamp":"2026-01-08 18:30:53"}
{"environment":"development","level":"info","message":"APPLICATION_STARTING","port":"3000","serverUrl":"http://localhost:3000","service":"urbango-api","timestamp":"2026-01-08 18:31:01"}
{"level":"info","message":"DATABASE_CONNECTED","service":"urbango-api","status":"connected","timestamp":"2026-01-08 18:31:01","url":"mongodb://localhost:27017/urbango"}
{"environment":"development","level":"info","message":"APPLICATION_STARTED","port":"3000","serverUrl":"http://localhost:3000","service":"urbango-api","status":"running","timestamp":"2026-01-08 18:31:01"}
{"environment":"development","level":"info","message":"APPLICATION_STARTING","port":"3000","serverUrl":"http://localhost:3000","service":"urbango-api","timestamp":"2026-01-08 18:31:12"}
{"level":"info","message":"DATABASE_CONNECTED","service":"urbango-api","status":"connected","timestamp":"2026-01-08 18:31:12","url":"mongodb://localhost:27017/urbango"}
{"environment":"development","level":"info","message":"APPLICATION_STARTED","port":"3000","serverUrl":"http://localhost:3000","service":"urbango-api","status":"running","timestamp":"2026-01-08 18:31:12"}
{"environment":"development","level":"info","message":"APPLICATION_STARTING","port":"3000","serverUrl":"http://localhost:3000","service":"urbango-api","timestamp":"2026-01-08 18:31:14"}
{"level":"info","message":"DATABASE_CONNECTED","service":"urbango-api","status":"connected","timestamp":"2026-01-08 18:31:14","url":"mongodb://localhost:27017/urbango"}
{"environment":"development","level":"info","message":"APPLICATION_STARTED","port":"3000","serverUrl":"http://localhost:3000","service":"urbango-api","status":"running","timestamp":"2026-01-08 18:31:14"}
{"environment":"development","level":"info","message":"APPLICATION_STARTING","port":"3000","serverUrl":"http://localhost:3000","service":"urbango-api","timestamp":"2026-01-08 18:31:29"}
{"level":"info","message":"DATABASE_CONNECTED","service":"urbango-api","status":"connected","timestamp":"2026-01-08 18:31:29","url":"mongodb://localhost:27017/urbango"}
{"environment":"development","level":"info","message":"APPLICATION_STARTED","port":"3000","serverUrl":"http://localhost:3000","service":"urbango-api","status":"running","timestamp":"2026-01-08 18:31:29"}
{"environment":"development","level":"info","message":"APPLICATION_STARTING","port":"3000","serverUrl":"http://localhost:3000","service":"urbango-api","timestamp":"2026-01-08 18:31:30"}
{"level":"info","message":"DATABASE_CONNECTED","service":"urbango-api","status":"connected","timestamp":"2026-01-08 18:31:30","url":"mongodb://localhost:27017/urbango"}
{"environment":"development","level":"info","message":"APPLICATION_STARTED","port":"3000","serverUrl":"http://localhost:3000","service":"urbango-api","status":"running","timestamp":"2026-01-08 18:31:30"}
{"environment":"development","level":"info","message":"APPLICATION_STARTING","port":"3000","serverUrl":"http://localhost:3000","service":"urbango-api","timestamp":"2026-01-08 18:31:32"}
{"level":"info","message":"DATABASE_CONNECTED","service":"urbango-api","status":"connected","timestamp":"2026-01-08 18:31:32","url":"mongodb://localhost:27017/urbango"}
{"environment":"development","level":"info","message":"APPLICATION_STARTED","port":"3000","serverUrl":"http://localhost:3000","service":"urbango-api","status":"running","timestamp":"2026-01-08 18:31:32"}
{"environment":"development","level":"info","message":"APPLICATION_STARTING","port":"3000","serverUrl":"http://localhost:3000","service":"urbango-api","timestamp":"2026-01-08 18:31:39"}
{"level":"info","message":"DATABASE_CONNECTED","service":"urbango-api","status":"connected","timestamp":"2026-01-08 18:31:39","url":"mongodb://localhost:27017/urbango"}
{"environment":"development","level":"info","message":"APPLICATION_STARTED","port":"3000","serverUrl":"http://localhost:3000","service":"urbango-api","status":"running","timestamp":"2026-01-08 18:31:39"}
{"environment":"development","level":"info","message":"APPLICATION_STARTING","port":"3000","serverUrl":"http://localhost:3000","service":"urbango-api","timestamp":"2026-01-08 18:31:44"}
{"level":"info","message":"DATABASE_CONNECTED","service":"urbango-api","status":"connected","timestamp":"2026-01-08 18:31:44","url":"mongodb://localhost:27017/urbango"}
{"environment":"development","level":"info","message":"APPLICATION_STARTED","port":"3000","serverUrl":"http://localhost:3000","service":"urbango-api","status":"running","timestamp":"2026-01-08 18:31:44"}
{"environment":"development","level":"info","message":"APPLICATION_STARTING","port":"3000","serverUrl":"http://localhost:3000","service":"urbango-api","timestamp":"2026-01-08 18:31:46"}
{"level":"info","message":"DATABASE_CONNECTED","service":"urbango-api","status":"connected","timestamp":"2026-01-08 18:31:46","url":"mongodb://localhost:27017/urbango"}
{"environment":"development","level":"info","message":"APPLICATION_STARTED","port":"3000","serverUrl":"http://localhost:3000","service":"urbango-api","status":"running","timestamp":"2026-01-08 18:31:46"}
{"environment":"development","level":"info","message":"APPLICATION_STARTING","port":"3000","serverUrl":"http://localhost:3000","service":"urbango-api","timestamp":"2026-01-08 18:32:03"}
{"level":"info","message":"DATABASE_CONNECTED","service":"urbango-api","status":"connected","timestamp":"2026-01-08 18:32:03","url":"mongodb://localhost:27017/urbango"}
{"environment":"development","level":"info","message":"APPLICATION_STARTED","port":"3000","serverUrl":"http://localhost:3000","service":"urbango-api","status":"running","timestamp":"2026-01-08 18:32:03"}
{"environment":"development","level":"info","message":"APPLICATION_STARTING","port":"3000","serverUrl":"http://localhost:3000","service":"urbango-api","timestamp":"2026-01-08 18:32:07"}
{"level":"info","message":"DATABASE_CONNECTED","service":"urbango-api","status":"connected","timestamp":"2026-01-08 18:32:08","url":"mongodb://localhost:27017/urbango"}
{"environment":"development","level":"info","message":"APPLICATION_STARTED","port":"3000","serverUrl":"http://localhost:3000","service":"urbango-api","status":"running","timestamp":"2026-01-08 18:32:08"}
{"environment":"development","level":"info","message":"APPLICATION_STARTING","port":"3000","serverUrl":"http://localhost:3000","service":"urbango-api","timestamp":"2026-01-08 18:32:14"}
{"level":"info","message":"DATABASE_CONNECTED","service":"urbango-api","status":"connected","timestamp":"2026-01-08 18:32:14","url":"mongodb://localhost:27017/urbango"}
{"environment":"development","level":"info","message":"APPLICATION_STARTED","port":"3000","serverUrl":"http://localhost:3000","service":"urbango-api","status":"running","timestamp":"2026-01-08 18:32:14"}
{"environment":"development","level":"info","message":"APPLICATION_STARTING","port":"3000","serverUrl":"http://localhost:3000","service":"urbango-api","timestamp":"2026-01-08 18:32:21"}
{"level":"info","message":"DATABASE_CONNECTED","service":"urbango-api","status":"connected","timestamp":"2026-01-08 18:32:21","url":"mongodb://localhost:27017/urbango"}
{"environment":"development","level":"info","message":"APPLICATION_STARTED","port":"3000","serverUrl":"http://localhost:3000","service":"urbango-api","status":"running","timestamp":"2026-01-08 18:32:21"}
{"environment":"development","level":"info","message":"APPLICATION_STARTING","port":"3000","serverUrl":"http://localhost:3000","service":"urbango-api","timestamp":"2026-01-08 18:32:29"}
{"level":"info","message":"DATABASE_CONNECTED","service":"urbango-api","status":"connected","timestamp":"2026-01-08 18:32:29","url":"mongodb://localhost:27017/urbango"}
{"environment":"development","level":"info","message":"APPLICATION_STARTED","port":"3000","serverUrl":"http://localhost:3000","service":"urbango-api","status":"running","timestamp":"2026-01-08 18:32:29"}
{"environment":"development","level":"info","message":"APPLICATION_STARTING","port":"3000","serverUrl":"http://localhost:3000","service":"urbango-api","timestamp":"2026-01-08 18:32:33"}
{"level":"info","message":"DATABASE_CONNECTED","service":"urbango-api","status":"connected","timestamp":"2026-01-08 18:32:33","url":"mongodb://localhost:27017/urbango"}
{"environment":"development","level":"info","message":"APPLICATION_STARTED","port":"3000","serverUrl":"http://localhost:3000","service":"urbango-api","status":"running","timestamp":"2026-01-08 18:32:33"}
{"environment":"development","level":"info","message":"APPLICATION_STARTING","port":"3000","serverUrl":"http://localhost:3000","service":"urbango-api","timestamp":"2026-01-08 18:32:34"}
{"level":"info","message":"DATABASE_CONNECTED","service":"urbango-api","status":"connected","timestamp":"2026-01-08 18:32:34","url":"mongodb://localhost:27017/urbango"}
{"environment":"development","level":"info","message":"APPLICATION_STARTED","port":"3000","serverUrl":"http://localhost:3000","service":"urbango-api","status":"running","timestamp":"2026-01-08 18:32:34"}
{"environment":"development","level":"info","message":"APPLICATION_STARTING","port":"3000","serverUrl":"http://localhost:3000","service":"urbango-api","timestamp":"2026-01-08 18:32:35"}
{"level":"info","message":"DATABASE_CONNECTED","service":"urbango-api","status":"connected","timestamp":"2026-01-08 18:32:35","url":"mongodb://localhost:27017/urbango"}
{"environment":"development","level":"info","message":"APPLICATION_STARTED","port":"3000","serverUrl":"http://localhost:3000","service":"urbango-api","status":"running","timestamp":"2026-01-08 18:32:35"}
{"environment":"development","level":"info","message":"APPLICATION_STARTING","port":"3000","serverUrl":"http://localhost:3000","service":"urbango-api","timestamp":"2026-01-08 18:32:45"}
{"level":"info","message":"DATABASE_CONNECTED","service":"urbango-api","status":"connected","timestamp":"2026-01-08 18:32:45","url":"mongodb://localhost:27017/urbango"}
{"environment":"development","level":"info","message":"APPLICATION_STARTED","port":"3000","serverUrl":"http://localhost:3000","service":"urbango-api","status":"running","timestamp":"2026-01-08 18:32:45"}
{"environment":"development","level":"info","message":"APPLICATION_STARTING","port":"3000","serverUrl":"http://localhost:3000","service":"urbango-api","timestamp":"2026-01-08 18:32:47"}
{"level":"info","message":"DATABASE_CONNECTED","service":"urbango-api","status":"connected","timestamp":"2026-01-08 18:32:47","url":"mongodb://localhost:27017/urbango"}
{"environment":"development","level":"info","message":"APPLICATION_STARTED","port":"3000","serverUrl":"http://localhost:3000","service":"urbango-api","status":"running","timestamp":"2026-01-08 18:32:47"}
{"environment":"development","level":"info","message":"APPLICATION_STARTING","port":"3000","serverUrl":"http://localhost:3000","service":"urbango-api","timestamp":"2026-01-08 18:32:49"}
{"level":"info","message":"DATABASE_CONNECTED","service":"urbango-api","status":"connected","timestamp":"2026-01-08 18:32:49","url":"mongodb://localhost:27017/urbango"}
{"environment":"development","level":"info","message":"APPLICATION_STARTED","port":"3000","serverUrl":"http://localhost:3000","service":"urbango-api","status":"running","timestamp":"2026-01-08 18:32:49"}
{"environment":"development","level":"info","message":"APPLICATION_STARTING","port":"3000","serverUrl":"http://localhost:3000","service":"urbango-api","timestamp":"2026-01-08 18:32:57"}
{"level":"info","message":"DATABASE_CONNECTED","service":"urbango-api","status":"connected","timestamp":"2026-01-08 18:32:57","url":"mongodb://localhost:27017/urbango"}
{"environment":"development","level":"info","message":"APPLICATION_STARTED","port":"3000","serverUrl":"http://localhost:3000","service":"urbango-api","status":"running","timestamp":"2026-01-08 18:32:57"}
{"environment":"development","level":"info","message":"APPLICATION_STARTING","port":"3000","serverUrl":"http://localhost:3000","service":"urbango-api","timestamp":"2026-01-08 18:33:01"}
{"level":"info","message":"DATABASE_CONNECTED","service":"urbango-api","status":"connected","timestamp":"2026-01-08 18:33:01","url":"mongodb://localhost:27017/urbango"}
{"environment":"development","level":"info","message":"APPLICATION_STARTED","port":"3000","serverUrl":"http://localhost:3000","service":"urbango-api","status":"running","timestamp":"2026-01-08 18:33:01"}
{"environment":"development","level":"info","message":"APPLICATION_STARTING","port":"3000","serverUrl":"http://localhost:3000","service":"urbango-api","timestamp":"2026-01-08 18:33:05"}
{"level":"info","message":"DATABASE_CONNECTED","service":"urbango-api","status":"connected","timestamp":"2026-01-08 18:33:05","url":"mongodb://localhost:27017/urbango"}
{"environment":"development","level":"info","message":"APPLICATION_STARTED","port":"3000","serverUrl":"http://localhost:3000","service":"urbango-api","status":"running","timestamp":"2026-01-08 18:33:05"}
{"environment":"development","level":"info","message":"APPLICATION_STARTING","port":"3000","serverUrl":"http://localhost:3000","service":"urbango-api","timestamp":"2026-01-08 18:38:40"}
{"level":"info","message":"DATABASE_CONNECTED","service":"urbango-api","status":"connected","timestamp":"2026-01-08 18:38:40","url":"mongodb://localhost:27017/urbango"}
{"environment":"development","level":"info","message":"APPLICATION_STARTED","port":"3000","serverUrl":"http://localhost:3000","service":"urbango-api","status":"running","timestamp":"2026-01-08 18:38:40"}
{"environment":"development","level":"info","message":"APPLICATION_STARTING","port":"3000","serverUrl":"http://localhost:3000","service":"urbango-api","timestamp":"2026-01-08 18:43:12"}
{"level":"info","message":"DATABASE_CONNECTED","service":"urbango-api","status":"connected","timestamp":"2026-01-08 18:43:12","url":"mongodb://localhost:27017/urbango"}
{"environment":"development","level":"info","message":"APPLICATION_STARTED","port":"3000","serverUrl":"http://localhost:3000","service":"urbango-api","status":"running","timestamp":"2026-01-08 18:43:12"}
{"environment":"development","level":"info","message":"APPLICATION_STARTING","port":"3000","serverUrl":"http://localhost:3000","service":"urbango-api","timestamp":"2026-01-12 00:44:29"}
{"level":"info","message":"DATABASE_CONNECTED","service":"urbango-api","status":"connected","timestamp":"2026-01-12 00:44:29","url":"mongodb://localhost:27017/urbango"}
{"environment":"development","level":"info","message":"APPLICATION_STARTED","port":"3000","serverUrl":"http://localhost:3000","service":"urbango-api","status":"running","timestamp":"2026-01-12 00:44:29"}
{"environment":"development","level":"info","message":"APPLICATION_STARTING","port":"3000","serverUrl":"http://localhost:3000","service":"urbango-api","timestamp":"2026-01-12 00:45:23"}
{"level":"info","message":"DATABASE_CONNECTED","service":"urbango-api","status":"connected","timestamp":"2026-01-12 00:45:23","url":"mongodb://localhost:27017/urbango"}
{"environment":"development","level":"info","message":"APPLICATION_STARTED","port":"3000","serverUrl":"http://localhost:3000","service":"urbango-api","status":"running","timestamp":"2026-01-12 00:45:23"}
{"environment":"development","level":"info","message":"APPLICATION_STARTING","port":"3000","serverUrl":"http://localhost:3000","service":"urbango-api","timestamp":"2026-01-12 00:47:01"}
{"level":"info","message":"DATABASE_CONNECTED","service":"urbango-api","status":"connected","timestamp":"2026-01-12 00:47:01","url":"mongodb://localhost:27017/urbango"}
{"environment":"development","level":"info","message":"APPLICATION_STARTED","port":"3000","serverUrl":"http://localhost:3000","service":"urbango-api","status":"running","timestamp":"2026-01-12 00:47:01"}
{"environment":"development","level":"info","message":"APPLICATION_STARTING","port":"3000","serverUrl":"http://localhost:3000","service":"urbango-api","timestamp":"2026-01-12 00:47:56"}
{"level":"info","message":"DATABASE_CONNECTED","service":"urbango-api","status":"connected","timestamp":"2026-01-12 00:47:56","url":"mongodb://localhost:27017/urbango"}
{"environment":"development","level":"info","message":"APPLICATION_STARTED","port":"3000","serverUrl":"http://localhost:3000","service":"urbango-api","status":"running","timestamp":"2026-01-12 00:47:56"}
{"environment":"development","level":"info","message":"APPLICATION_STARTING","port":"3000","serverUrl":"http://localhost:3000","service":"urbango-api","timestamp":"2026-01-12 00:48:13"}
{"level":"info","message":"DATABASE_CONNECTED","service":"urbango-api","status":"connected","timestamp":"2026-01-12 00:48:13","url":"mongodb://localhost:27017/urbango"}
{"environment":"development","level":"info","message":"APPLICATION_STARTED","port":"3000","serverUrl":"http://localhost:3000","service":"urbango-api","status":"running","timestamp":"2026-01-12 00:48:13"}
{"environment":"development","level":"info","message":"APPLICATION_STARTING","port":"3000","serverUrl":"http://localhost:3000","service":"urbango-api","timestamp":"2026-01-12 00:48:15"}
{"level":"info","message":"DATABASE_CONNECTED","service":"urbango-api","status":"connected","timestamp":"2026-01-12 00:48:15","url":"mongodb://localhost:27017/urbango"}
{"environment":"development","level":"info","message":"APPLICATION_STARTED","port":"3000","serverUrl":"http://localhost:3000","service":"urbango-api","status":"running","timestamp":"2026-01-12 00:48:15"}
{"environment":"development","level":"info","message":"APPLICATION_STARTING","port":"3000","serverUrl":"http://localhost:3000","service":"urbango-api","timestamp":"2026-01-12 00:50:13"}
{"level":"info","message":"DATABASE_CONNECTED","service":"urbango-api","status":"connected","timestamp":"2026-01-12 00:50:13","url":"mongodb://localhost:27017/urbango"}
{"environment":"development","level":"info","message":"APPLICATION_STARTED","port":"3000","serverUrl":"http://localhost:3000","service":"urbango-api","status":"running","timestamp":"2026-01-12 00:50:13"}
{"environment":"development","level":"info","message":"APPLICATION_STARTING","port":"3000","serverUrl":"http://localhost:3000","service":"urbango-api","timestamp":"2026-01-12 00:50:20"}
{"level":"info","message":"DATABASE_CONNECTED","service":"urbango-api","status":"connected","timestamp":"2026-01-12 00:50:20","url":"mongodb://localhost:27017/urbango"}
{"environment":"development","level":"info","message":"APPLICATION_STARTED","port":"3000","serverUrl":"http://localhost:3000","service":"urbango-api","status":"running","timestamp":"2026-01-12 00:50:20"}
{"environment":"development","level":"info","message":"APPLICATION_STARTING","port":"3000","serverUrl":"http://localhost:3000","service":"urbango-api","timestamp":"2026-01-12 00:51:53"}
{"level":"info","message":"DATABASE_CONNECTED","service":"urbango-api","status":"connected","timestamp":"2026-01-12 00:51:53","url":"mongodb://localhost:27017/urbango"}
{"environment":"development","level":"info","message":"APPLICATION_STARTED","port":"3000","serverUrl":"http://localhost:3000","service":"urbango-api","status":"running","timestamp":"2026-01-12 00:51:53"}
{"ip":"::1","level":"error","message":"SERVER_ERROR_500 httpError is not a function","method":"POST","originalError":"TypeError","requestBody":{"email":"superadmin@cerca.com","password":"Admin@1234","profile":{"avatar":"","firstName":"Super","language":"en","lastName":"Admin","phone":"+919876543210","timezone":"UTC"},"roleId":"69523170d36797fa27f40a47","status":"ACTIVE"},"service":"urbango-api","stack":"TypeError: httpError is not a function\n    at createAdmin (D:\\03_Projects\\Backend\\Movon\\src\\controllers\\adminController.js:13:14)\n    at Layer.handleRequest (D:\\03_Projects\\Backend\\Movon\\node_modules\\router\\lib\\layer.js:152:17)\n    at next (D:\\03_Projects\\Backend\\Movon\\node_modules\\router\\lib\\route.js:157:13)\n    at Route.dispatch (D:\\03_Projects\\Backend\\Movon\\node_modules\\router\\lib\\route.js:117:3)\n    at handle (D:\\03_Projects\\Backend\\Movon\\node_modules\\router\\index.js:435:11)\n    at Layer.handleRequest (D:\\03_Projects\\Backend\\Movon\\node_modules\\router\\lib\\layer.js:152:17)\n    at D:\\03_Projects\\Backend\\Movon\\node_modules\\router\\index.js:295:15\n    at processParams (D:\\03_Projects\\Backend\\Movon\\node_modules\\router\\index.js:582:12)\n    at next (D:\\03_Projects\\Backend\\Movon\\node_modules\\router\\index.js:291:5)\n    at Function.handle (D:\\03_Projects\\Backend\\Movon\\node_modules\\router\\index.js:186:3)","statusCode":500,"timestamp":"2026-01-12 00:51:53","url":"/api/v1/admin","userAgent":"PostmanRuntime/7.51.0","userId":"anonymous"}
{"environment":"development","level":"info","message":"APPLICATION_STARTING","port":"3000","serverUrl":"http://localhost:3000","service":"urbango-api","timestamp":"2026-01-12 00:54:29"}
{"level":"info","message":"DATABASE_CONNECTED","service":"urbango-api","status":"connected","timestamp":"2026-01-12 00:54:29","url":"mongodb://localhost:27017/urbango"}
{"environment":"development","level":"info","message":"APPLICATION_STARTED","port":"3000","serverUrl":"http://localhost:3000","service":"urbango-api","status":"running","timestamp":"2026-01-12 00:54:29"}
{"ip":"::1","level":"error","message":"SERVER_ERROR_500 httpError is not a function","method":"POST","originalError":"TypeError","requestBody":{"email":"superadmin@cerca.com","password":"Admin@1234","profile":{"avatar":"","firstName":"Super","language":"en","lastName":"Admin","phone":"+919876543210","timezone":"UTC"},"roleId":"69523170d36797fa27f40a47","status":"ACTIVE"},"service":"urbango-api","stack":"TypeError: httpError is not a function\n    at createAdmin (D:\\03_Projects\\Backend\\Movon\\src\\controllers\\adminController.js:13:14)\n    at Layer.handleRequest (D:\\03_Projects\\Backend\\Movon\\node_modules\\router\\lib\\layer.js:152:17)\n    at next (D:\\03_Projects\\Backend\\Movon\\node_modules\\router\\lib\\route.js:157:13)\n    at Route.dispatch (D:\\03_Projects\\Backend\\Movon\\node_modules\\router\\lib\\route.js:117:3)\n    at handle (D:\\03_Projects\\Backend\\Movon\\node_modules\\router\\index.js:435:11)\n    at Layer.handleRequest (D:\\03_Projects\\Backend\\Movon\\node_modules\\router\\lib\\layer.js:152:17)\n    at D:\\03_Projects\\Backend\\Movon\\node_modules\\router\\index.js:295:15\n    at processParams (D:\\03_Projects\\Backend\\Movon\\node_modules\\router\\index.js:582:12)\n    at next (D:\\03_Projects\\Backend\\Movon\\node_modules\\router\\index.js:291:5)\n    at Function.handle (D:\\03_Projects\\Backend\\Movon\\node_modules\\router\\index.js:186:3)","statusCode":500,"timestamp":"2026-01-12 00:54:33","url":"/api/v1/admin","userAgent":"PostmanRuntime/7.51.0","userId":"anonymous"}
{"environment":"development","level":"info","message":"APPLICATION_STARTING","port":"3000","serverUrl":"http://localhost:3000","service":"urbango-api","timestamp":"2026-01-12 00:55:02"}
{"level":"info","message":"DATABASE_CONNECTED","service":"urbango-api","status":"connected","timestamp":"2026-01-12 00:55:02","url":"mongodb://localhost:27017/urbango"}
{"environment":"development","level":"info","message":"APPLICATION_STARTED","port":"3000","serverUrl":"http://localhost:3000","service":"urbango-api","status":"running","timestamp":"2026-01-12 00:55:02"}
{"environment":"development","level":"info","message":"APPLICATION_STARTING","port":"3000","serverUrl":"http://localhost:3000","service":"urbango-api","timestamp":"2026-01-12 00:55:05"}
{"level":"info","message":"DATABASE_CONNECTED","service":"urbango-api","status":"connected","timestamp":"2026-01-12 00:55:05","url":"mongodb://localhost:27017/urbango"}
{"environment":"development","level":"info","message":"APPLICATION_STARTED","port":"3000","serverUrl":"http://localhost:3000","service":"urbango-api","status":"running","timestamp":"2026-01-12 00:55:05"}
{"environment":"development","level":"info","message":"APPLICATION_STARTING","port":"3000","serverUrl":"http://localhost:3000","service":"urbango-api","timestamp":"2026-01-12 00:55:49"}
{"level":"info","message":"DATABASE_CONNECTED","service":"urbango-api","status":"connected","timestamp":"2026-01-12 00:55:49","url":"mongodb://localhost:27017/urbango"}
{"environment":"development","level":"info","message":"APPLICATION_STARTED","port":"3000","serverUrl":"http://localhost:3000","service":"urbango-api","status":"running","timestamp":"2026-01-12 00:55:49"}
{"environment":"development","level":"info","message":"APPLICATION_STARTING","port":"3000","serverUrl":"http://localhost:3000","service":"urbango-api","timestamp":"2026-01-12 00:56:08"}
{"level":"info","message":"DATABASE_CONNECTED","service":"urbango-api","status":"connected","timestamp":"2026-01-12 00:56:08","url":"mongodb://localhost:27017/urbango"}
{"environment":"development","level":"info","message":"APPLICATION_STARTED","port":"3000","serverUrl":"http://localhost:3000","service":"urbango-api","status":"running","timestamp":"2026-01-12 00:56:08"}
{"environment":"development","level":"info","message":"APPLICATION_STARTING","port":"3000","serverUrl":"http://localhost:3000","service":"urbango-api","timestamp":"2026-01-12 00:56:09"}
{"level":"info","message":"DATABASE_CONNECTED","service":"urbango-api","status":"connected","timestamp":"2026-01-12 00:56:10","url":"mongodb://localhost:27017/urbango"}
{"environment":"development","level":"info","message":"APPLICATION_STARTED","port":"3000","serverUrl":"http://localhost:3000","service":"urbango-api","status":"running","timestamp":"2026-01-12 00:56:10"}
{"environment":"development","level":"info","message":"APPLICATION_STARTING","port":"3000","serverUrl":"http://localhost:3000","service":"urbango-api","timestamp":"2026-01-12 00:57:48"}
{"level":"info","message":"DATABASE_CONNECTED","service":"urbango-api","status":"connected","timestamp":"2026-01-12 00:57:48","url":"mongodb://localhost:27017/urbango"}
{"environment":"development","level":"info","message":"APPLICATION_STARTED","port":"3000","serverUrl":"http://localhost:3000","service":"urbango-api","status":"running","timestamp":"2026-01-12 00:57:48"}
{"environment":"development","level":"info","message":"APPLICATION_STARTING","port":"3000","serverUrl":"http://localhost:3000","service":"urbango-api","timestamp":"2026-01-12 00:57:51"}
{"level":"info","message":"DATABASE_CONNECTED","service":"urbango-api","status":"connected","timestamp":"2026-01-12 00:57:51","url":"mongodb://localhost:27017/urbango"}
{"environment":"development","level":"info","message":"APPLICATION_STARTED","port":"3000","serverUrl":"http://localhost:3000","service":"urbango-api","status":"running","timestamp":"2026-01-12 00:57:51"}
{"environment":"development","level":"info","message":"APPLICATION_STARTING","port":"3000","serverUrl":"http://localhost:3000","service":"urbango-api","timestamp":"2026-01-12 01:05:28"}
{"level":"info","message":"DATABASE_CONNECTED","service":"urbango-api","status":"connected","timestamp":"2026-01-12 01:05:28","url":"mongodb://localhost:27017/urbango"}
{"environment":"development","level":"info","message":"APPLICATION_STARTED","port":"3000","serverUrl":"http://localhost:3000","service":"urbango-api","status":"running","timestamp":"2026-01-12 01:05:28"}
{"environment":"development","level":"info","message":"APPLICATION_STARTING","port":"3000","serverUrl":"http://localhost:3000","service":"urbango-api","timestamp":"2026-01-15 18:04:41"}
{"level":"info","message":"DATABASE_CONNECTED","service":"urbango-api","status":"connected","timestamp":"2026-01-15 18:04:41","url":"mongodb://localhost:27017/urbango"}
{"environment":"development","level":"info","message":"APPLICATION_STARTED","port":"3000","serverUrl":"http://localhost:3000","service":"urbango-api","status":"running","timestamp":"2026-01-15 18:04:41"}
{"environment":"development","level":"info","message":"APPLICATION_STARTING","port":"3000","serverUrl":"http://localhost:3000","service":"urbango-api","timestamp":"2026-01-15 18:05:01"}
{"level":"info","message":"DATABASE_CONNECTED","service":"urbango-api","status":"connected","timestamp":"2026-01-15 18:05:01","url":"mongodb://localhost:27017/urbango"}
{"environment":"development","level":"info","message":"APPLICATION_STARTED","port":"3000","serverUrl":"http://localhost:3000","service":"urbango-api","status":"running","timestamp":"2026-01-15 18:05:01"}
{"environment":"development","level":"info","message":"APPLICATION_STARTING","port":"3000","serverUrl":"http://localhost:3000","service":"urbango-api","timestamp":"2026-01-15 18:06:34"}
{"level":"info","message":"DATABASE_CONNECTED","service":"urbango-api","status":"connected","timestamp":"2026-01-15 18:06:34","url":"mongodb://localhost:27017/urbango"}
{"environment":"development","level":"info","message":"APPLICATION_STARTED","port":"3000","serverUrl":"http://localhost:3000","service":"urbango-api","status":"running","timestamp":"2026-01-15 18:06:34"}
{"environment":"development","level":"info","message":"APPLICATION_STARTING","port":"3000","serverUrl":"http://localhost:3000","service":"urbango-api","timestamp":"2026-01-15 18:06:36"}
{"level":"info","message":"DATABASE_CONNECTED","service":"urbango-api","status":"connected","timestamp":"2026-01-15 18:06:36","url":"mongodb://localhost:27017/urbango"}
{"environment":"development","level":"info","message":"APPLICATION_STARTED","port":"3000","serverUrl":"http://localhost:3000","service":"urbango-api","status":"running","timestamp":"2026-01-15 18:06:36"}
{"environment":"development","level":"info","message":"APPLICATION_STARTING","port":"3000","serverUrl":"http://localhost:3000","service":"urbango-api","timestamp":"2026-01-15 18:06:38"}
{"level":"info","message":"DATABASE_CONNECTED","service":"urbango-api","status":"connected","timestamp":"2026-01-15 18:06:38","url":"mongodb://localhost:27017/urbango"}
{"environment":"development","level":"info","message":"APPLICATION_STARTED","port":"3000","serverUrl":"http://localhost:3000","service":"urbango-api","status":"running","timestamp":"2026-01-15 18:06:38"}
{"environment":"development","level":"info","message":"APPLICATION_STARTING","port":"3000","serverUrl":"http://localhost:3000","service":"urbango-api","timestamp":"2026-01-15 18:07:02"}
{"level":"info","message":"DATABASE_CONNECTED","service":"urbango-api","status":"connected","timestamp":"2026-01-15 18:07:02","url":"mongodb://localhost:27017/urbango"}
{"environment":"development","level":"info","message":"APPLICATION_STARTED","port":"3000","serverUrl":"http://localhost:3000","service":"urbango-api","status":"running","timestamp":"2026-01-15 18:07:02"}
{"environment":"development","level":"info","message":"APPLICATION_STARTING","port":"3000","serverUrl":"http://localhost:3000","service":"urbango-api","timestamp":"2026-01-15 18:07:11"}
{"level":"info","message":"DATABASE_CONNECTED","service":"urbango-api","status":"connected","timestamp":"2026-01-15 18:07:11","url":"mongodb://localhost:27017/urbango"}
{"environment":"development","level":"info","message":"APPLICATION_STARTED","port":"3000","serverUrl":"http://localhost:3000","service":"urbango-api","status":"running","timestamp":"2026-01-15 18:07:11"}
{"environment":"development","level":"info","message":"APPLICATION_STARTING","port":"3000","serverUrl":"http://localhost:3000","service":"urbango-api","timestamp":"2026-01-15 18:12:17"}
{"level":"info","message":"DATABASE_CONNECTED","service":"urbango-api","status":"connected","timestamp":"2026-01-15 18:12:17","url":"mongodb://localhost:27017/urbango"}
{"environment":"development","level":"info","message":"APPLICATION_STARTED","port":"3000","serverUrl":"http://localhost:3000","service":"urbango-api","status":"running","timestamp":"2026-01-15 18:12:17"}
{"environment":"development","level":"info","message":"APPLICATION_STARTING","port":"3000","serverUrl":"http://localhost:3000","service":"urbango-api","timestamp":"2026-01-15 18:12:19"}
{"level":"info","message":"DATABASE_CONNECTED","service":"urbango-api","status":"connected","timestamp":"2026-01-15 18:12:19","url":"mongodb://localhost:27017/urbango"}
{"environment":"development","level":"info","message":"APPLICATION_STARTED","port":"3000","serverUrl":"http://localhost:3000","service":"urbango-api","status":"running","timestamp":"2026-01-15 18:12:19"}
{"environment":"development","level":"info","message":"APPLICATION_STARTING","port":"3000","serverUrl":"http://localhost:3000","service":"urbango-api","timestamp":"2026-01-15 18:12:29"}
{"level":"info","message":"DATABASE_CONNECTED","service":"urbango-api","status":"connected","timestamp":"2026-01-15 18:12:29","url":"mongodb://localhost:27017/urbango"}
{"environment":"development","level":"info","message":"APPLICATION_STARTED","port":"3000","serverUrl":"http://localhost:3000","service":"urbango-api","status":"running","timestamp":"2026-01-15 18:12:29"}
{"environment":"development","level":"info","message":"APPLICATION_STARTING","port":"3000","serverUrl":"http://localhost:3000","service":"urbango-api","timestamp":"2026-01-15 18:12:45"}
{"level":"info","message":"DATABASE_CONNECTED","service":"urbango-api","status":"connected","timestamp":"2026-01-15 18:12:45","url":"mongodb://localhost:27017/urbango"}
{"environment":"development","level":"info","message":"APPLICATION_STARTED","port":"3000","serverUrl":"http://localhost:3000","service":"urbango-api","status":"running","timestamp":"2026-01-15 18:12:45"}
{"environment":"development","level":"info","message":"APPLICATION_STARTING","port":"3000","serverUrl":"http://localhost:3000","service":"urbango-api","timestamp":"2026-01-15 18:12:46"}
{"level":"info","message":"DATABASE_CONNECTED","service":"urbango-api","status":"connected","timestamp":"2026-01-15 18:12:46","url":"mongodb://localhost:27017/urbango"}
{"environment":"development","level":"info","message":"APPLICATION_STARTED","port":"3000","serverUrl":"http://localhost:3000","service":"urbango-api","status":"running","timestamp":"2026-01-15 18:12:46"}
{"environment":"development","level":"info","message":"APPLICATION_STARTING","port":"3000","serverUrl":"http://localhost:3000","service":"urbango-api","timestamp":"2026-01-15 18:12:48"}
{"level":"info","message":"DATABASE_CONNECTED","service":"urbango-api","status":"connected","timestamp":"2026-01-15 18:12:48","url":"mongodb://localhost:27017/urbango"}
{"environment":"development","level":"info","message":"APPLICATION_STARTED","port":"3000","serverUrl":"http://localhost:3000","service":"urbango-api","status":"running","timestamp":"2026-01-15 18:12:48"}
{"environment":"development","level":"info","message":"APPLICATION_STARTING","port":"3000","serverUrl":"http://localhost:3000","service":"urbango-api","timestamp":"2026-01-15 18:13:02"}
{"level":"info","message":"DATABASE_CONNECTED","service":"urbango-api","status":"connected","timestamp":"2026-01-15 18:13:02","url":"mongodb://localhost:27017/urbango"}
{"environment":"development","level":"info","message":"APPLICATION_STARTED","port":"3000","serverUrl":"http://localhost:3000","service":"urbango-api","status":"running","timestamp":"2026-01-15 18:13:02"}
{"environment":"development","level":"info","message":"APPLICATION_STARTING","port":"3000","serverUrl":"http://localhost:3000","service":"urbango-api","timestamp":"2026-01-15 18:14:20"}
{"level":"info","message":"DATABASE_CONNECTED","service":"urbango-api","status":"connected","timestamp":"2026-01-15 18:14:20","url":"mongodb://localhost:27017/urbango"}
{"environment":"development","level":"info","message":"APPLICATION_STARTED","port":"3000","serverUrl":"http://localhost:3000","service":"urbango-api","status":"running","timestamp":"2026-01-15 18:14:20"}
{"environment":"development","level":"info","message":"APPLICATION_STARTING","port":"3000","serverUrl":"http://localhost:3000","service":"urbango-api","timestamp":"2026-01-15 18:14:22"}
{"level":"info","message":"DATABASE_CONNECTED","service":"urbango-api","status":"connected","timestamp":"2026-01-15 18:14:22","url":"mongodb://localhost:27017/urbango"}
{"environment":"development","level":"info","message":"APPLICATION_STARTED","port":"3000","serverUrl":"http://localhost:3000","service":"urbango-api","status":"running","timestamp":"2026-01-15 18:14:22"}
{"environment":"development","level":"info","message":"APPLICATION_STARTING","port":"3000","serverUrl":"http://localhost:3000","service":"urbango-api","timestamp":"2026-01-15 18:14:28"}
{"level":"info","message":"DATABASE_CONNECTED","service":"urbango-api","status":"connected","timestamp":"2026-01-15 18:14:28","url":"mongodb://localhost:27017/urbango"}
{"environment":"development","level":"info","message":"APPLICATION_STARTED","port":"3000","serverUrl":"http://localhost:3000","service":"urbango-api","status":"running","timestamp":"2026-01-15 18:14:28"}
{"environment":"development","level":"info","message":"APPLICATION_STARTING","port":"3000","serverUrl":"http://localhost:3000","service":"urbango-api","timestamp":"2026-01-15 18:14:30"}
{"level":"info","message":"DATABASE_CONNECTED","service":"urbango-api","status":"connected","timestamp":"2026-01-15 18:14:30","url":"mongodb://localhost:27017/urbango"}
{"environment":"development","level":"info","message":"APPLICATION_STARTED","port":"3000","serverUrl":"http://localhost:3000","service":"urbango-api","status":"running","timestamp":"2026-01-15 18:14:30"}
{"environment":"development","level":"info","message":"APPLICATION_STARTING","port":"3000","serverUrl":"http://localhost:3000","service":"urbango-api","timestamp":"2026-01-15 18:14:40"}
{"level":"info","message":"DATABASE_CONNECTED","service":"urbango-api","status":"connected","timestamp":"2026-01-15 18:14:40","url":"mongodb://localhost:27017/urbango"}
{"environment":"development","level":"info","message":"APPLICATION_STARTED","port":"3000","serverUrl":"http://localhost:3000","service":"urbango-api","status":"running","timestamp":"2026-01-15 18:14:40"}
{"environment":"development","level":"info","message":"APPLICATION_STARTING","port":"3000","serverUrl":"http://localhost:3000","service":"urbango-api","timestamp":"2026-01-15 18:16:11"}
{"level":"info","message":"DATABASE_CONNECTED","service":"urbango-api","status":"connected","timestamp":"2026-01-15 18:16:11","url":"mongodb://localhost:27017/urbango"}
{"environment":"development","level":"info","message":"APPLICATION_STARTED","port":"3000","serverUrl":"http://localhost:3000","service":"urbango-api","status":"running","timestamp":"2026-01-15 18:16:11"}
{"environment":"development","level":"info","message":"APPLICATION_STARTING","port":"3000","serverUrl":"http://localhost:3000","service":"urbango-api","timestamp":"2026-01-15 18:16:13"}
{"level":"info","message":"DATABASE_CONNECTED","service":"urbango-api","status":"connected","timestamp":"2026-01-15 18:16:14","url":"mongodb://localhost:27017/urbango"}
{"environment":"development","level":"info","message":"APPLICATION_STARTED","port":"3000","serverUrl":"http://localhost:3000","service":"urbango-api","status":"running","timestamp":"2026-01-15 18:16:14"}
{"environment":"development","level":"info","message":"APPLICATION_STARTING","port":"3000","serverUrl":"http://localhost:3000","service":"urbango-api","timestamp":"2026-01-15 18:16:39"}
{"level":"info","message":"DATABASE_CONNECTED","service":"urbango-api","status":"connected","timestamp":"2026-01-15 18:16:39","url":"mongodb://localhost:27017/urbango"}
{"environment":"development","level":"info","message":"APPLICATION_STARTED","port":"3000","serverUrl":"http://localhost:3000","service":"urbango-api","status":"running","timestamp":"2026-01-15 18:16:39"}
{"environment":"development","level":"info","message":"APPLICATION_STARTING","port":"3000","serverUrl":"http://localhost:3000","service":"urbango-api","timestamp":"2026-01-15 18:16:44"}
{"level":"info","message":"DATABASE_CONNECTED","service":"urbango-api","status":"connected","timestamp":"2026-01-15 18:16:44","url":"mongodb://localhost:27017/urbango"}
{"environment":"development","level":"info","message":"APPLICATION_STARTED","port":"3000","serverUrl":"http://localhost:3000","service":"urbango-api","status":"running","timestamp":"2026-01-15 18:16:44"}
{"environment":"development","level":"info","message":"APPLICATION_STARTING","port":"3000","serverUrl":"http://localhost:3000","service":"urbango-api","timestamp":"2026-01-15 18:16:54"}
{"level":"info","message":"DATABASE_CONNECTED","service":"urbango-api","status":"connected","timestamp":"2026-01-15 18:16:55","url":"mongodb://localhost:27017/urbango"}
{"environment":"development","level":"info","message":"APPLICATION_STARTED","port":"3000","serverUrl":"http://localhost:3000","service":"urbango-api","status":"running","timestamp":"2026-01-15 18:16:55"}
{"environment":"development","level":"info","message":"APPLICATION_STARTING","port":"3000","serverUrl":"http://localhost:3000","service":"urbango-api","timestamp":"2026-01-15 18:17:00"}
{"level":"info","message":"DATABASE_CONNECTED","service":"urbango-api","status":"connected","timestamp":"2026-01-15 18:17:00","url":"mongodb://localhost:27017/urbango"}
{"environment":"development","level":"info","message":"APPLICATION_STARTED","port":"3000","serverUrl":"http://localhost:3000","service":"urbango-api","status":"running","timestamp":"2026-01-15 18:17:00"}
{"environment":"development","level":"info","message":"APPLICATION_STARTING","port":"3000","serverUrl":"http://localhost:3000","service":"urbango-api","timestamp":"2026-01-15 18:17:03"}
{"level":"info","message":"DATABASE_CONNECTED","service":"urbango-api","status":"connected","timestamp":"2026-01-15 18:17:03","url":"mongodb://localhost:27017/urbango"}
{"environment":"development","level":"info","message":"APPLICATION_STARTED","port":"3000","serverUrl":"http://localhost:3000","service":"urbango-api","status":"running","timestamp":"2026-01-15 18:17:03"}
{"environment":"development","level":"info","message":"APPLICATION_STARTING","port":"3000","serverUrl":"http://localhost:3000","service":"urbango-api","timestamp":"2026-01-15 18:17:04"}
{"level":"info","message":"DATABASE_CONNECTED","service":"urbango-api","status":"connected","timestamp":"2026-01-15 18:17:05","url":"mongodb://localhost:27017/urbango"}
{"environment":"development","level":"info","message":"APPLICATION_STARTED","port":"3000","serverUrl":"http://localhost:3000","service":"urbango-api","status":"running","timestamp":"2026-01-15 18:17:05"}
{"environment":"development","level":"info","message":"APPLICATION_STARTING","port":"3000","serverUrl":"http://localhost:3000","service":"urbango-api","timestamp":"2026-01-15 18:17:35"}
{"level":"info","message":"DATABASE_CONNECTED","service":"urbango-api","status":"connected","timestamp":"2026-01-15 18:17:35","url":"mongodb://localhost:27017/urbango"}
{"environment":"development","level":"info","message":"APPLICATION_STARTED","port":"3000","serverUrl":"http://localhost:3000","service":"urbango-api","status":"running","timestamp":"2026-01-15 18:17:35"}
{"ip":"::1","level":"warn","message":"CLIENT_ERROR_404 Route /api/v1/login not found","method":"POST","originalError":"Error","requestBody":{"email":"superadmin@cerca.com","password":"Admin@1234"},"service":"urbango-api","stack":"Error: Route /api/v1/login not found\n    at D:\\03_Projects\\Backend\\Movon\\src\\app.js:33:17\n    at Layer.handleRequest (D:\\03_Projects\\Backend\\Movon\\node_modules\\router\\lib\\layer.js:152:17)\n    at trimPrefix (D:\\03_Projects\\Backend\\Movon\\node_modules\\router\\index.js:342:13)\n    at D:\\03_Projects\\Backend\\Movon\\node_modules\\router\\index.js:297:9\n    at processParams (D:\\03_Projects\\Backend\\Movon\\node_modules\\router\\index.js:582:12)\n    at next (D:\\03_Projects\\Backend\\Movon\\node_modules\\router\\index.js:291:5)\n    at D:\\03_Projects\\Backend\\Movon\\node_modules\\router\\index.js:688:15\n    at next (D:\\03_Projects\\Backend\\Movon\\node_modules\\router\\index.js:276:14)\n    at Function.handle (D:\\03_Projects\\Backend\\Movon\\node_modules\\router\\index.js:186:3)\n    at router (D:\\03_Projects\\Backend\\Movon\\node_modules\\router\\index.js:60:12)","statusCode":404,"timestamp":"2026-01-15 18:19:31","url":"/api/v1/login","userAgent":"PostmanRuntime/7.51.0","userId":"anonymous"}
{"environment":"development","level":"info","message":"APPLICATION_STARTING","port":"3000","serverUrl":"http://localhost:3000","service":"urbango-api","timestamp":"2026-01-15 18:21:05"}
{"level":"info","message":"DATABASE_CONNECTED","service":"urbango-api","status":"connected","timestamp":"2026-01-15 18:21:06","url":"mongodb://localhost:27017/urbango"}
{"environment":"development","level":"info","message":"APPLICATION_STARTED","port":"3000","serverUrl":"http://localhost:3000","service":"urbango-api","status":"running","timestamp":"2026-01-15 18:21:06"}
{"environment":"development","level":"info","message":"APPLICATION_STARTING","port":"3000","serverUrl":"http://localhost:3000","service":"urbango-api","timestamp":"2026-01-15 18:21:09"}
{"level":"info","message":"DATABASE_CONNECTED","service":"urbango-api","status":"connected","timestamp":"2026-01-15 18:21:09","url":"mongodb://localhost:27017/urbango"}
{"environment":"development","level":"info","message":"APPLICATION_STARTED","port":"3000","serverUrl":"http://localhost:3000","service":"urbango-api","status":"running","timestamp":"2026-01-15 18:21:09"}
{"environment":"development","level":"info","message":"APPLICATION_STARTING","port":"3000","serverUrl":"http://localhost:3000","service":"urbango-api","timestamp":"2026-01-15 18:21:26"}
{"level":"info","message":"DATABASE_CONNECTED","service":"urbango-api","status":"connected","timestamp":"2026-01-15 18:21:26","url":"mongodb://localhost:27017/urbango"}
{"environment":"development","level":"info","message":"APPLICATION_STARTED","port":"3000","serverUrl":"http://localhost:3000","service":"urbango-api","status":"running","timestamp":"2026-01-15 18:21:26"}
{"environment":"development","level":"info","message":"APPLICATION_STARTING","port":"3000","serverUrl":"http://localhost:3000","service":"urbango-api","timestamp":"2026-01-15 18:21:34"}
{"level":"info","message":"DATABASE_CONNECTED","service":"urbango-api","status":"connected","timestamp":"2026-01-15 18:21:34","url":"mongodb://localhost:27017/urbango"}
{"environment":"development","level":"info","message":"APPLICATION_STARTED","port":"3000","serverUrl":"http://localhost:3000","service":"urbango-api","status":"running","timestamp":"2026-01-15 18:21:34"}
{"environment":"development","level":"info","message":"APPLICATION_STARTING","port":"3000","serverUrl":"http://localhost:3000","service":"urbango-api","timestamp":"2026-01-15 18:21:58"}
{"level":"info","message":"DATABASE_CONNECTED","service":"urbango-api","status":"connected","timestamp":"2026-01-15 18:21:58","url":"mongodb://localhost:27017/urbango"}
{"environment":"development","level":"info","message":"APPLICATION_STARTED","port":"3000","serverUrl":"http://localhost:3000","service":"urbango-api","status":"running","timestamp":"2026-01-15 18:21:58"}
{"environment":"development","level":"info","message":"APPLICATION_STARTING","port":"3000","serverUrl":"http://localhost:3000","service":"urbango-api","timestamp":"2026-01-15 18:22:56"}
{"level":"info","message":"DATABASE_CONNECTED","service":"urbango-api","status":"connected","timestamp":"2026-01-15 18:22:56","url":"mongodb://localhost:27017/urbango"}
{"environment":"development","level":"info","message":"APPLICATION_STARTED","port":"3000","serverUrl":"http://localhost:3000","service":"urbango-api","status":"running","timestamp":"2026-01-15 18:22:56"}
{"environment":"development","level":"info","message":"APPLICATION_STARTING","port":"3000","serverUrl":"http://localhost:3000","service":"urbango-api","timestamp":"2026-01-15 18:23:35"}
{"level":"info","message":"DATABASE_CONNECTED","service":"urbango-api","status":"connected","timestamp":"2026-01-15 18:23:35","url":"mongodb://localhost:27017/urbango"}
{"environment":"development","level":"info","message":"APPLICATION_STARTED","port":"3000","serverUrl":"http://localhost:3000","service":"urbango-api","status":"running","timestamp":"2026-01-15 18:23:35"}
{"environment":"development","level":"info","message":"APPLICATION_STARTING","port":"3000","serverUrl":"http://localhost:3000","service":"urbango-api","timestamp":"2026-01-15 18:23:43"}
{"level":"info","message":"DATABASE_CONNECTED","service":"urbango-api","status":"connected","timestamp":"2026-01-15 18:23:43","url":"mongodb://localhost:27017/urbango"}
{"environment":"development","level":"info","message":"APPLICATION_STARTED","port":"3000","serverUrl":"http://localhost:3000","service":"urbango-api","status":"running","timestamp":"2026-01-15 18:23:43"}
{"environment":"development","level":"info","message":"APPLICATION_STARTING","port":"3000","serverUrl":"http://localhost:3000","service":"urbango-api","timestamp":"2026-01-15 18:23:48"}
{"level":"info","message":"DATABASE_CONNECTED","service":"urbango-api","status":"connected","timestamp":"2026-01-15 18:23:48","url":"mongodb://localhost:27017/urbango"}
{"environment":"development","level":"info","message":"APPLICATION_STARTED","port":"3000","serverUrl":"http://localhost:3000","service":"urbango-api","status":"running","timestamp":"2026-01-15 18:23:48"}
{"environment":"development","level":"info","message":"APPLICATION_STARTING","port":"3000","serverUrl":"http://localhost:3000","service":"urbango-api","timestamp":"2026-01-15 18:24:04"}
{"level":"info","message":"DATABASE_CONNECTED","service":"urbango-api","status":"connected","timestamp":"2026-01-15 18:24:04","url":"mongodb://localhost:27017/urbango"}
{"environment":"development","level":"info","message":"APPLICATION_STARTED","port":"3000","serverUrl":"http://localhost:3000","service":"urbango-api","status":"running","timestamp":"2026-01-15 18:24:04"}
{"environment":"development","level":"info","message":"APPLICATION_STARTING","port":"3000","serverUrl":"http://localhost:3000","service":"urbango-api","timestamp":"2026-01-15 18:24:20"}
{"level":"info","message":"DATABASE_CONNECTED","service":"urbango-api","status":"connected","timestamp":"2026-01-15 18:24:20","url":"mongodb://localhost:27017/urbango"}
{"environment":"development","level":"info","message":"APPLICATION_STARTED","port":"3000","serverUrl":"http://localhost:3000","service":"urbango-api","status":"running","timestamp":"2026-01-15 18:24:20"}
{"environment":"development","level":"info","message":"APPLICATION_STARTING","port":"3000","serverUrl":"http://localhost:3000","service":"urbango-api","timestamp":"2026-01-15 18:24:33"}
{"level":"info","message":"DATABASE_CONNECTED","service":"urbango-api","status":"connected","timestamp":"2026-01-15 18:24:33","url":"mongodb://localhost:27017/urbango"}
{"environment":"development","level":"info","message":"APPLICATION_STARTED","port":"3000","serverUrl":"http://localhost:3000","service":"urbango-api","status":"running","timestamp":"2026-01-15 18:24:33"}
{"environment":"development","level":"info","message":"APPLICATION_STARTING","port":"3000","serverUrl":"http://localhost:3000","service":"urbango-api","timestamp":"2026-01-15 18:24:34"}
{"level":"info","message":"DATABASE_CONNECTED","service":"urbango-api","status":"connected","timestamp":"2026-01-15 18:24:34","url":"mongodb://localhost:27017/urbango"}
{"environment":"development","level":"info","message":"APPLICATION_STARTED","port":"3000","serverUrl":"http://localhost:3000","service":"urbango-api","status":"running","timestamp":"2026-01-15 18:24:34"}
{"environment":"development","level":"info","message":"APPLICATION_STARTING","port":"3000","serverUrl":"http://localhost:3000","service":"urbango-api","timestamp":"2026-01-15 18:28:56"}
{"level":"info","message":"DATABASE_CONNECTED","service":"urbango-api","status":"connected","timestamp":"2026-01-15 18:28:56","url":"mongodb://localhost:27017/urbango"}
{"environment":"development","level":"info","message":"APPLICATION_STARTED","port":"3000","serverUrl":"http://localhost:3000","service":"urbango-api","status":"running","timestamp":"2026-01-15 18:28:56"}
{"environment":"development","level":"info","message":"APPLICATION_STARTING","port":"3000","serverUrl":"http://localhost:3000","service":"urbango-api","timestamp":"2026-01-15 18:29:10"}
{"level":"info","message":"DATABASE_CONNECTED","service":"urbango-api","status":"connected","timestamp":"2026-01-15 18:29:10","url":"mongodb://localhost:27017/urbango"}
{"environment":"development","level":"info","message":"APPLICATION_STARTED","port":"3000","serverUrl":"http://localhost:3000","service":"urbango-api","status":"running","timestamp":"2026-01-15 18:29:10"}
{"environment":"development","level":"info","message":"APPLICATION_STARTING","port":"3000","serverUrl":"http://localhost:3000","service":"urbango-api","timestamp":"2026-01-15 18:29:17"}
{"level":"info","message":"DATABASE_CONNECTED","service":"urbango-api","status":"connected","timestamp":"2026-01-15 18:29:17","url":"mongodb://localhost:27017/urbango"}
{"environment":"development","level":"info","message":"APPLICATION_STARTED","port":"3000","serverUrl":"http://localhost:3000","service":"urbango-api","status":"running","timestamp":"2026-01-15 18:29:17"}
{"environment":"development","level":"info","message":"APPLICATION_STARTING","port":"3000","serverUrl":"http://localhost:3000","service":"urbango-api","timestamp":"2026-01-15 18:29:21"}
{"level":"info","message":"DATABASE_CONNECTED","service":"urbango-api","status":"connected","timestamp":"2026-01-15 18:29:21","url":"mongodb://localhost:27017/urbango"}
{"environment":"development","level":"info","message":"APPLICATION_STARTED","port":"3000","serverUrl":"http://localhost:3000","service":"urbango-api","status":"running","timestamp":"2026-01-15 18:29:21"}
{"environment":"development","level":"info","message":"APPLICATION_STARTING","port":"3000","serverUrl":"http://localhost:3000","service":"urbango-api","timestamp":"2026-01-15 18:29:27"}
{"level":"info","message":"DATABASE_CONNECTED","service":"urbango-api","status":"connected","timestamp":"2026-01-15 18:29:27","url":"mongodb://localhost:27017/urbango"}
{"environment":"development","level":"info","message":"APPLICATION_STARTED","port":"3000","serverUrl":"http://localhost:3000","service":"urbango-api","status":"running","timestamp":"2026-01-15 18:29:27"}
{"environment":"development","level":"info","message":"APPLICATION_STARTING","port":"3000","serverUrl":"http://localhost:3000","service":"urbango-api","timestamp":"2026-01-15 18:30:17"}
{"level":"info","message":"DATABASE_CONNECTED","service":"urbango-api","status":"connected","timestamp":"2026-01-15 18:30:18","url":"mongodb://localhost:27017/urbango"}
{"environment":"development","level":"info","message":"APPLICATION_STARTED","port":"3000","serverUrl":"http://localhost:3000","service":"urbango-api","status":"running","timestamp":"2026-01-15 18:30:18"}
{"environment":"development","level":"info","message":"APPLICATION_STARTING","port":"3000","serverUrl":"http://localhost:3000","service":"urbango-api","timestamp":"2026-01-15 18:30:19"}
{"level":"info","message":"DATABASE_CONNECTED","service":"urbango-api","status":"connected","timestamp":"2026-01-15 18:30:19","url":"mongodb://localhost:27017/urbango"}
{"environment":"development","level":"info","message":"APPLICATION_STARTED","port":"3000","serverUrl":"http://localhost:3000","service":"urbango-api","status":"running","timestamp":"2026-01-15 18:30:19"}
{"environment":"development","level":"info","message":"APPLICATION_STARTING","port":"3000","serverUrl":"http://localhost:3000","service":"urbango-api","timestamp":"2026-01-15 18:31:09"}
{"level":"info","message":"DATABASE_CONNECTED","service":"urbango-api","status":"connected","timestamp":"2026-01-15 18:31:09","url":"mongodb://localhost:27017/urbango"}
{"environment":"development","level":"info","message":"APPLICATION_STARTED","port":"3000","serverUrl":"http://localhost:3000","service":"urbango-api","status":"running","timestamp":"2026-01-15 18:31:09"}
{"environment":"development","level":"info","message":"APPLICATION_STARTING","port":"3000","serverUrl":"http://localhost:3000","service":"urbango-api","timestamp":"2026-01-15 18:31:37"}
{"level":"info","message":"DATABASE_CONNECTED","service":"urbango-api","status":"connected","timestamp":"2026-01-15 18:31:37","url":"mongodb://localhost:27017/urbango"}
{"environment":"development","level":"info","message":"APPLICATION_STARTED","port":"3000","serverUrl":"http://localhost:3000","service":"urbango-api","status":"running","timestamp":"2026-01-15 18:31:37"}
{"environment":"development","level":"info","message":"APPLICATION_STARTING","port":"3000","serverUrl":"http://localhost:3000","service":"urbango-api","timestamp":"2026-01-15 18:31:39"}
{"level":"info","message":"DATABASE_CONNECTED","service":"urbango-api","status":"connected","timestamp":"2026-01-15 18:31:39","url":"mongodb://localhost:27017/urbango"}
{"environment":"development","level":"info","message":"APPLICATION_STARTED","port":"3000","serverUrl":"http://localhost:3000","service":"urbango-api","status":"running","timestamp":"2026-01-15 18:31:39"}
{"environment":"development","level":"info","message":"APPLICATION_STARTING","port":"3000","serverUrl":"http://localhost:3000","service":"urbango-api","timestamp":"2026-01-15 18:31:45"}
{"level":"info","message":"DATABASE_CONNECTED","service":"urbango-api","status":"connected","timestamp":"2026-01-15 18:31:45","url":"mongodb://localhost:27017/urbango"}
{"environment":"development","level":"info","message":"APPLICATION_STARTED","port":"3000","serverUrl":"http://localhost:3000","service":"urbango-api","status":"running","timestamp":"2026-01-15 18:31:45"}
{"environment":"development","level":"info","message":"APPLICATION_STARTING","port":"3000","serverUrl":"http://localhost:3000","service":"urbango-api","timestamp":"2026-01-15 18:32:00"}
{"level":"info","message":"DATABASE_CONNECTED","service":"urbango-api","status":"connected","timestamp":"2026-01-15 18:32:00","url":"mongodb://localhost:27017/urbango"}
{"environment":"development","level":"info","message":"APPLICATION_STARTED","port":"3000","serverUrl":"http://localhost:3000","service":"urbango-api","status":"running","timestamp":"2026-01-15 18:32:00"}
{"environment":"development","level":"info","message":"APPLICATION_STARTING","port":"3000","serverUrl":"http://localhost:3000","service":"urbango-api","timestamp":"2026-01-15 18:37:10"}
{"level":"info","message":"DATABASE_CONNECTED","service":"urbango-api","status":"connected","timestamp":"2026-01-15 18:37:10","url":"mongodb://localhost:27017/urbango"}
{"environment":"development","level":"info","message":"APPLICATION_STARTED","port":"3000","serverUrl":"http://localhost:3000","service":"urbango-api","status":"running","timestamp":"2026-01-15 18:37:10"}
{"environment":"development","level":"info","message":"APPLICATION_STARTING","port":"3000","serverUrl":"http://localhost:3000","service":"urbango-api","timestamp":"2026-01-15 18:37:20"}
{"level":"info","message":"DATABASE_CONNECTED","service":"urbango-api","status":"connected","timestamp":"2026-01-15 18:37:20","url":"mongodb://localhost:27017/urbango"}
{"environment":"development","level":"info","message":"APPLICATION_STARTED","port":"3000","serverUrl":"http://localhost:3000","service":"urbango-api","status":"running","timestamp":"2026-01-15 18:37:20"}
{"environment":"production","level":"info","message":"APPLICATION_STARTING","port":"3000","serverUrl":"http://localhost:3000","service":"urbango-api","timestamp":"2026-01-15 18:40:08"}
{"level":"info","message":"DATABASE_CONNECTED","service":"urbango-api","status":"connected","timestamp":"2026-01-15 18:40:08","url":"mongodb://localhost:27017/urbango"}
{"environment":"production","level":"info","message":"APPLICATION_STARTED","port":"3000","serverUrl":"http://localhost:3000","service":"urbango-api","status":"running","timestamp":"2026-01-15 18:40:08"}
{"environment":"production","level":"info","message":"APPLICATION_STARTING","port":"3000","serverUrl":"http://localhost:3000","service":"urbango-api","timestamp":"2026-01-15 18:40:46"}
{"level":"info","message":"DATABASE_CONNECTED","service":"urbango-api","status":"connected","timestamp":"2026-01-15 18:40:46","url":"mongodb://localhost:27017/urbango"}
{"environment":"production","level":"info","message":"APPLICATION_STARTED","port":"3000","serverUrl":"http://localhost:3000","service":"urbango-api","status":"running","timestamp":"2026-01-15 18:40:46"}
{"environment":"production","level":"info","message":"APPLICATION_STARTING","port":"3000","serverUrl":"http://localhost:3000","service":"urbango-api","timestamp":"2026-01-15 18:40:47"}
{"level":"info","message":"DATABASE_CONNECTED","service":"urbango-api","status":"connected","timestamp":"2026-01-15 18:40:47","url":"mongodb://localhost:27017/urbango"}
{"environment":"production","level":"info","message":"APPLICATION_STARTED","port":"3000","serverUrl":"http://localhost:3000","service":"urbango-api","status":"running","timestamp":"2026-01-15 18:40:47"}
{"environment":"production","level":"info","message":"APPLICATION_STARTING","port":"3000","serverUrl":"http://localhost:3000","service":"urbango-api","timestamp":"2026-01-15 18:40:54"}
{"level":"info","message":"DATABASE_CONNECTED","service":"urbango-api","status":"connected","timestamp":"2026-01-15 18:40:55","url":"mongodb://localhost:27017/urbango"}
{"environment":"production","level":"info","message":"APPLICATION_STARTED","port":"3000","serverUrl":"http://localhost:3000","service":"urbango-api","status":"running","timestamp":"2026-01-15 18:40:55"}
{"environment":"production","level":"info","message":"APPLICATION_STARTING","port":"3000","serverUrl":"http://localhost:3000","service":"urbango-api","timestamp":"2026-01-15 18:41:04"}
{"level":"info","message":"DATABASE_CONNECTED","service":"urbango-api","status":"connected","timestamp":"2026-01-15 18:41:05","url":"mongodb://localhost:27017/urbango"}
{"environment":"production","level":"info","message":"APPLICATION_STARTED","port":"3000","serverUrl":"http://localhost:3000","service":"urbango-api","status":"running","timestamp":"2026-01-15 18:41:05"}
{"level":"info","message":"APPLICATION_SHUTDOWN_INITIATED","service":"urbango-api","signal":"SIGINT","timestamp":"2026-01-15 18:41:25"}
{"environment":"production","level":"info","message":"APPLICATION_STARTING","port":"3000","serverUrl":"http://localhost:3000","service":"urbango-api","timestamp":"2026-01-15 18:41:34"}
{"level":"info","message":"DATABASE_CONNECTED","service":"urbango-api","status":"connected","timestamp":"2026-01-15 18:41:34","url":"mongodb://localhost:27017/urbango"}
{"environment":"production","level":"info","message":"APPLICATION_STARTED","port":"3000","serverUrl":"http://localhost:3000","service":"urbango-api","status":"running","timestamp":"2026-01-15 18:41:34"}
{"environment":"production","level":"info","message":"APPLICATION_STARTING","port":"3000","serverUrl":"http://localhost:3000","service":"urbango-api","timestamp":"2026-01-15 18:43:05"}
{"level":"info","message":"DATABASE_CONNECTED","service":"urbango-api","status":"connected","timestamp":"2026-01-15 18:43:05","url":"mongodb://localhost:27017/urbango"}
{"environment":"production","level":"info","message":"APPLICATION_STARTED","port":"3000","serverUrl":"http://localhost:3000","service":"urbango-api","status":"running","timestamp":"2026-01-15 18:43:05"}
{"environment":"production","level":"info","message":"APPLICATION_STARTING","port":"3000","serverUrl":"http://localhost:3000","service":"urbango-api","timestamp":"2026-01-15 18:43:09"}
{"level":"info","message":"DATABASE_CONNECTED","service":"urbango-api","status":"connected","timestamp":"2026-01-15 18:43:09","url":"mongodb://localhost:27017/urbango"}
{"environment":"production","level":"info","message":"APPLICATION_STARTED","port":"3000","serverUrl":"http://localhost:3000","service":"urbango-api","status":"running","timestamp":"2026-01-15 18:43:09"}
{"environment":"production","level":"info","message":"APPLICATION_STARTING","port":"3000","serverUrl":"http://localhost:3000","service":"urbango-api","timestamp":"2026-01-15 18:46:06"}
{"level":"info","message":"DATABASE_CONNECTED","service":"urbango-api","status":"connected","timestamp":"2026-01-15 18:46:06","url":"mongodb://localhost:27017/urbango"}
{"environment":"production","level":"info","message":"APPLICATION_STARTED","port":"3000","serverUrl":"http://localhost:3000","service":"urbango-api","status":"running","timestamp":"2026-01-15 18:46:06"}
{"environment":"production","level":"info","message":"APPLICATION_STARTING","port":"3000","serverUrl":"http://localhost:3000","service":"urbango-api","timestamp":"2026-01-15 18:49:30"}
{"level":"info","message":"DATABASE_CONNECTED","service":"urbango-api","status":"connected","timestamp":"2026-01-15 18:49:30","url":"mongodb://localhost:27017/urbango"}
{"environment":"production","level":"info","message":"APPLICATION_STARTED","port":"3000","serverUrl":"http://localhost:3000","service":"urbango-api","status":"running","timestamp":"2026-01-15 18:49:30"}
{"environment":"production","level":"info","message":"APPLICATION_STARTING","port":"3000","serverUrl":"http://localhost:3000","service":"urbango-api","timestamp":"2026-01-15 18:50:31"}
{"level":"info","message":"DATABASE_CONNECTED","service":"urbango-api","status":"connected","timestamp":"2026-01-15 18:50:31","url":"mongodb://localhost:27017/urbango"}
{"environment":"production","level":"info","message":"APPLICATION_STARTED","port":"3000","serverUrl":"http://localhost:3000","service":"urbango-api","status":"running","timestamp":"2026-01-15 18:50:31"}
{"environment":"production","level":"info","message":"APPLICATION_STARTING","port":"3000","serverUrl":"http://localhost:3000","service":"urbango-api","timestamp":"2026-01-15 18:51:50"}
{"level":"info","message":"DATABASE_CONNECTED","service":"urbango-api","status":"connected","timestamp":"2026-01-15 18:51:50","url":"mongodb://localhost:27017/urbango"}
{"environment":"production","level":"info","message":"APPLICATION_STARTED","port":"3000","serverUrl":"http://localhost:3000","service":"urbango-api","status":"running","timestamp":"2026-01-15 18:51:50"}
{"environment":"production","level":"info","message":"APPLICATION_STARTING","port":"3000","serverUrl":"http://localhost:3000","service":"urbango-api","timestamp":"2026-01-15 18:55:52"}
{"level":"info","message":"DATABASE_CONNECTED","service":"urbango-api","status":"connected","timestamp":"2026-01-15 18:55:52","url":"mongodb://localhost:27017/urbango"}
{"environment":"production","level":"info","message":"APPLICATION_STARTED","port":"3000","serverUrl":"http://localhost:3000","service":"urbango-api","status":"running","timestamp":"2026-01-15 18:55:52"}
{"environment":"production","level":"info","message":"APPLICATION_STARTING","port":"3000","serverUrl":"http://localhost:3000","service":"urbango-api","timestamp":"2026-01-15 18:55:55"}
{"level":"info","message":"DATABASE_CONNECTED","service":"urbango-api","status":"connected","timestamp":"2026-01-15 18:55:55","url":"mongodb://localhost:27017/urbango"}
{"environment":"production","level":"info","message":"APPLICATION_STARTED","port":"3000","serverUrl":"http://localhost:3000","service":"urbango-api","status":"running","timestamp":"2026-01-15 18:55:55"}
{"environment":"production","level":"info","message":"APPLICATION_STARTING","port":"3000","serverUrl":"http://localhost:3000","service":"urbango-api","timestamp":"2026-01-15 18:55:57"}
{"level":"info","message":"DATABASE_CONNECTED","service":"urbango-api","status":"connected","timestamp":"2026-01-15 18:55:57","url":"mongodb://localhost:27017/urbango"}
{"environment":"production","level":"info","message":"APPLICATION_STARTED","port":"3000","serverUrl":"http://localhost:3000","service":"urbango-api","status":"running","timestamp":"2026-01-15 18:55:57"}
{"environment":"production","level":"info","message":"APPLICATION_STARTING","port":"3000","serverUrl":"http://localhost:3000","service":"urbango-api","timestamp":"2026-01-15 18:56:22"}
{"level":"info","message":"DATABASE_CONNECTED","service":"urbango-api","status":"connected","timestamp":"2026-01-15 18:56:22","url":"mongodb://localhost:27017/urbango"}
{"environment":"production","level":"info","message":"APPLICATION_STARTED","port":"3000","serverUrl":"http://localhost:3000","service":"urbango-api","status":"running","timestamp":"2026-01-15 18:56:22"}
{"level":"info","message":"APPLICATION_SHUTDOWN_INITIATED","service":"urbango-api","signal":"SIGINT","timestamp":"2026-01-15 18:58:38"}
{"environment":"production","level":"info","message":"APPLICATION_STARTING","port":"3000","serverUrl":"http://localhost:3000","service":"urbango-api","timestamp":"2026-01-15 18:58:44"}
{"level":"info","message":"DATABASE_CONNECTED","service":"urbango-api","status":"connected","timestamp":"2026-01-15 18:58:44","url":"mongodb://localhost:27017/urbango"}
{"environment":"production","level":"info","message":"APPLICATION_STARTED","port":"3000","serverUrl":"http://localhost:3000","service":"urbango-api","status":"running","timestamp":"2026-01-15 18:58:44"}
{"environment":"production","level":"info","message":"APPLICATION_STARTING","port":"3000","serverUrl":"http://localhost:3000","service":"urbango-api","timestamp":"2026-01-15 18:59:33"}
{"level":"info","message":"DATABASE_CONNECTED","service":"urbango-api","status":"connected","timestamp":"2026-01-15 18:59:33","url":"mongodb://localhost:27017/urbango"}
{"environment":"production","level":"info","message":"APPLICATION_STARTED","port":"3000","serverUrl":"http://localhost:3000","service":"urbango-api","status":"running","timestamp":"2026-01-15 18:59:33"}
{"environment":"production","level":"info","message":"APPLICATION_STARTING","port":"3000","serverUrl":"http://localhost:3000","service":"urbango-api","timestamp":"2026-01-15 19:01:20"}
{"level":"info","message":"DATABASE_CONNECTED","service":"urbango-api","status":"connected","timestamp":"2026-01-15 19:01:20","url":"mongodb://localhost:27017/urbango"}
{"environment":"production","level":"info","message":"APPLICATION_STARTED","port":"3000","serverUrl":"http://localhost:3000","service":"urbango-api","status":"running","timestamp":"2026-01-15 19:01:20"}
{"environment":"production","level":"info","message":"APPLICATION_STARTING","port":"3000","serverUrl":"http://localhost:3000","service":"urbango-api","timestamp":"2026-01-18 08:32:24"}
{"level":"info","message":"DATABASE_CONNECTED","service":"urbango-api","status":"connected","timestamp":"2026-01-18 08:32:24","url":"mongodb://localhost:27017/urbango"}
{"environment":"production","level":"info","message":"APPLICATION_STARTED","port":"3000","serverUrl":"http://localhost:3000","service":"urbango-api","status":"running","timestamp":"2026-01-18 08:32:24"}
{"environment":"production","level":"info","message":"APPLICATION_STARTING","port":"3000","serverUrl":"http://localhost:3000","service":"urbango-api","timestamp":"2026-01-18 08:34:57"}
{"level":"info","message":"DATABASE_CONNECTED","service":"urbango-api","status":"connected","timestamp":"2026-01-18 08:34:57","url":"mongodb://localhost:27017/urbango"}
{"environment":"production","level":"info","message":"APPLICATION_STARTED","port":"3000","serverUrl":"http://localhost:3000","service":"urbango-api","status":"running","timestamp":"2026-01-18 08:34:57"}
{"environment":"production","level":"info","message":"APPLICATION_STARTING","port":"3000","serverUrl":"http://localhost:3000","service":"urbango-api","timestamp":"2026-01-18 08:35:36"}
{"level":"info","message":"DATABASE_CONNECTED","service":"urbango-api","status":"connected","timestamp":"2026-01-18 08:35:36","url":"mongodb://localhost:27017/urbango"}
{"environment":"production","level":"info","message":"APPLICATION_STARTED","port":"3000","serverUrl":"http://localhost:3000","service":"urbango-api","status":"running","timestamp":"2026-01-18 08:35:36"}
{"environment":"production","level":"info","message":"APPLICATION_STARTING","port":"3000","serverUrl":"http://localhost:3000","service":"urbango-api","timestamp":"2026-01-18 08:35:53"}
{"level":"info","message":"DATABASE_CONNECTED","service":"urbango-api","status":"connected","timestamp":"2026-01-18 08:35:53","url":"mongodb://localhost:27017/urbango"}
{"environment":"production","level":"info","message":"APPLICATION_STARTED","port":"3000","serverUrl":"http://localhost:3000","service":"urbango-api","status":"running","timestamp":"2026-01-18 08:35:53"}
{"environment":"production","level":"info","message":"APPLICATION_STARTING","port":"3000","serverUrl":"http://localhost:3000","service":"urbango-api","timestamp":"2026-01-18 08:37:11"}
{"level":"info","message":"DATABASE_CONNECTED","service":"urbango-api","status":"connected","timestamp":"2026-01-18 08:37:11","url":"mongodb://localhost:27017/urbango"}
{"environment":"production","level":"info","message":"APPLICATION_STARTED","port":"3000","serverUrl":"http://localhost:3000","service":"urbango-api","status":"running","timestamp":"2026-01-18 08:37:11"}
{"environment":"production","level":"info","message":"APPLICATION_STARTING","port":"3000","serverUrl":"http://localhost:3000","service":"urbango-api","timestamp":"2026-01-18 08:37:14"}
{"level":"info","message":"DATABASE_CONNECTED","service":"urbango-api","status":"connected","timestamp":"2026-01-18 08:37:14","url":"mongodb://localhost:27017/urbango"}
{"environment":"production","level":"info","message":"APPLICATION_STARTED","port":"3000","serverUrl":"http://localhost:3000","service":"urbango-api","status":"running","timestamp":"2026-01-18 08:37:14"}
{"environment":"production","level":"info","message":"APPLICATION_STARTING","port":"3000","serverUrl":"http://localhost:3000","service":"urbango-api","timestamp":"2026-01-18 08:42:26"}
{"level":"info","message":"DATABASE_CONNECTED","service":"urbango-api","status":"connected","timestamp":"2026-01-18 08:42:26","url":"mongodb://localhost:27017/urbango"}
{"environment":"production","level":"info","message":"APPLICATION_STARTED","port":"3000","serverUrl":"http://localhost:3000","service":"urbango-api","status":"running","timestamp":"2026-01-18 08:42:26"}
{"environment":"production","level":"info","message":"APPLICATION_STARTING","port":"3000","serverUrl":"http://localhost:3000","service":"urbango-api","timestamp":"2026-01-18 08:42:28"}
{"level":"info","message":"DATABASE_CONNECTED","service":"urbango-api","status":"connected","timestamp":"2026-01-18 08:42:28","url":"mongodb://localhost:27017/urbango"}
{"environment":"production","level":"info","message":"APPLICATION_STARTED","port":"3000","serverUrl":"http://localhost:3000","service":"urbango-api","status":"running","timestamp":"2026-01-18 08:42:28"}
{"environment":"production","level":"info","message":"APPLICATION_STARTING","port":"3000","serverUrl":"http://localhost:3000","service":"urbango-api","timestamp":"2026-01-18 08:42:39"}
{"level":"info","message":"DATABASE_CONNECTED","service":"urbango-api","status":"connected","timestamp":"2026-01-18 08:42:39","url":"mongodb://localhost:27017/urbango"}
{"environment":"production","level":"info","message":"APPLICATION_STARTED","port":"3000","serverUrl":"http://localhost:3000","service":"urbango-api","status":"running","timestamp":"2026-01-18 08:42:39"}
{"environment":"production","level":"info","message":"APPLICATION_STARTING","port":"3000","serverUrl":"http://localhost:3000","service":"urbango-api","timestamp":"2026-01-18 08:44:34"}
{"level":"info","message":"DATABASE_CONNECTED","service":"urbango-api","status":"connected","timestamp":"2026-01-18 08:44:34","url":"mongodb://localhost:27017/urbango"}
{"environment":"production","level":"info","message":"APPLICATION_STARTED","port":"3000","serverUrl":"http://localhost:3000","service":"urbango-api","status":"running","timestamp":"2026-01-18 08:44:34"}
{"environment":"production","level":"info","message":"APPLICATION_STARTING","port":"3000","serverUrl":"http://localhost:3000","service":"urbango-api","timestamp":"2026-01-18 08:44:57"}
{"level":"info","message":"DATABASE_CONNECTED","service":"urbango-api","status":"connected","timestamp":"2026-01-18 08:44:57","url":"mongodb://localhost:27017/urbango"}
{"environment":"production","level":"info","message":"APPLICATION_STARTED","port":"3000","serverUrl":"http://localhost:3000","service":"urbango-api","status":"running","timestamp":"2026-01-18 08:44:57"}
{"environment":"production","level":"info","message":"APPLICATION_STARTING","port":"3000","serverUrl":"http://localhost:3000","service":"urbango-api","timestamp":"2026-01-18 08:45:44"}
{"level":"info","message":"DATABASE_CONNECTED","service":"urbango-api","status":"connected","timestamp":"2026-01-18 08:45:44","url":"mongodb://localhost:27017/urbango"}
{"environment":"production","level":"info","message":"APPLICATION_STARTED","port":"3000","serverUrl":"http://localhost:3000","service":"urbango-api","status":"running","timestamp":"2026-01-18 08:45:44"}
{"environment":"production","level":"info","message":"APPLICATION_STARTING","port":"3000","serverUrl":"http://localhost:3000","service":"urbango-api","timestamp":"2026-01-18 08:46:03"}
{"level":"info","message":"DATABASE_CONNECTED","service":"urbango-api","status":"connected","timestamp":"2026-01-18 08:46:03","url":"mongodb://localhost:27017/urbango"}
{"environment":"production","level":"info","message":"APPLICATION_STARTED","port":"3000","serverUrl":"http://localhost:3000","service":"urbango-api","status":"running","timestamp":"2026-01-18 08:46:03"}
{"environment":"production","level":"info","message":"APPLICATION_STARTING","port":"3000","serverUrl":"http://localhost:3000","service":"urbango-api","timestamp":"2026-01-18 08:46:54"}
{"level":"info","message":"DATABASE_CONNECTED","service":"urbango-api","status":"connected","timestamp":"2026-01-18 08:46:54","url":"mongodb://localhost:27017/urbango"}
{"environment":"production","level":"info","message":"APPLICATION_STARTED","port":"3000","serverUrl":"http://localhost:3000","service":"urbango-api","status":"running","timestamp":"2026-01-18 08:46:54"}
{"environment":"production","level":"info","message":"APPLICATION_STARTING","port":"3000","serverUrl":"http://localhost:3000","service":"urbango-api","timestamp":"2026-01-18 08:47:38"}
{"level":"info","message":"DATABASE_CONNECTED","service":"urbango-api","status":"connected","timestamp":"2026-01-18 08:47:38","url":"mongodb://localhost:27017/urbango"}
{"environment":"production","level":"info","message":"APPLICATION_STARTED","port":"3000","serverUrl":"http://localhost:3000","service":"urbango-api","status":"running","timestamp":"2026-01-18 08:47:38"}
{"environment":"production","level":"info","message":"APPLICATION_STARTING","port":"3000","serverUrl":"http://localhost:3000","service":"urbango-api","timestamp":"2026-01-18 08:47:40"}
{"level":"info","message":"DATABASE_CONNECTED","service":"urbango-api","status":"connected","timestamp":"2026-01-18 08:47:40","url":"mongodb://localhost:27017/urbango"}
{"environment":"production","level":"info","message":"APPLICATION_STARTED","port":"3000","serverUrl":"http://localhost:3000","service":"urbango-api","status":"running","timestamp":"2026-01-18 08:47:40"}
{"environment":"production","level":"info","message":"APPLICATION_STARTING","port":"3000","serverUrl":"http://localhost:3000","service":"urbango-api","timestamp":"2026-01-18 08:48:58"}
{"level":"info","message":"DATABASE_CONNECTED","service":"urbango-api","status":"connected","timestamp":"2026-01-18 08:48:58","url":"mongodb://localhost:27017/urbango"}
{"environment":"production","level":"info","message":"APPLICATION_STARTED","port":"3000","serverUrl":"http://localhost:3000","service":"urbango-api","status":"running","timestamp":"2026-01-18 08:48:58"}
{"environment":"production","level":"info","message":"APPLICATION_STARTING","port":"3000","serverUrl":"http://localhost:3000","service":"urbango-api","timestamp":"2026-01-18 08:49:09"}
{"level":"info","message":"DATABASE_CONNECTED","service":"urbango-api","status":"connected","timestamp":"2026-01-18 08:49:09","url":"mongodb://localhost:27017/urbango"}
{"environment":"production","level":"info","message":"APPLICATION_STARTED","port":"3000","serverUrl":"http://localhost:3000","service":"urbango-api","status":"running","timestamp":"2026-01-18 08:49:09"}
{"environment":"production","level":"info","message":"APPLICATION_STARTING","port":"3000","serverUrl":"http://localhost:3000","service":"urbango-api","timestamp":"2026-01-18 08:49:13"}
{"level":"info","message":"DATABASE_CONNECTED","service":"urbango-api","status":"connected","timestamp":"2026-01-18 08:49:13","url":"mongodb://localhost:27017/urbango"}
{"environment":"production","level":"info","message":"APPLICATION_STARTED","port":"3000","serverUrl":"http://localhost:3000","service":"urbango-api","status":"running","timestamp":"2026-01-18 08:49:13"}
{"environment":"production","level":"info","message":"APPLICATION_STARTING","port":"3000","serverUrl":"http://localhost:3000","service":"urbango-api","timestamp":"2026-01-18 09:06:35"}
{"level":"info","message":"DATABASE_CONNECTED","service":"urbango-api","status":"connected","timestamp":"2026-01-18 09:06:35","url":"mongodb://localhost:27017/urbango"}
{"environment":"production","level":"info","message":"APPLICATION_STARTED","port":"3000","serverUrl":"http://localhost:3000","service":"urbango-api","status":"running","timestamp":"2026-01-18 09:06:35"}
{"environment":"production","level":"info","message":"APPLICATION_STARTING","port":"3000","serverUrl":"http://localhost:3000","service":"urbango-api","timestamp":"2026-01-18 09:06:48"}
{"level":"info","message":"DATABASE_CONNECTED","service":"urbango-api","status":"connected","timestamp":"2026-01-18 09:06:49","url":"mongodb://localhost:27017/urbango"}
{"environment":"production","level":"info","message":"APPLICATION_STARTED","port":"3000","serverUrl":"http://localhost:3000","service":"urbango-api","status":"running","timestamp":"2026-01-18 09:06:49"}
{"environment":"production","level":"info","message":"APPLICATION_STARTING","port":"3000","serverUrl":"http://localhost:3000","service":"urbango-api","timestamp":"2026-01-18 09:10:22"}
{"level":"info","message":"DATABASE_CONNECTED","service":"urbango-api","status":"connected","timestamp":"2026-01-18 09:10:22","url":"mongodb://localhost:27017/urbango"}
{"environment":"production","level":"info","message":"APPLICATION_STARTED","port":"3000","serverUrl":"http://localhost:3000","service":"urbango-api","status":"running","timestamp":"2026-01-18 09:10:22"}
{"environment":"production","level":"info","message":"APPLICATION_STARTING","port":"3000","serverUrl":"http://localhost:3000","service":"urbango-api","timestamp":"2026-01-18 09:10:38"}
{"level":"info","message":"DATABASE_CONNECTED","service":"urbango-api","status":"connected","timestamp":"2026-01-18 09:10:38","url":"mongodb://localhost:27017/urbango"}
{"environment":"production","level":"info","message":"APPLICATION_STARTED","port":"3000","serverUrl":"http://localhost:3000","service":"urbango-api","status":"running","timestamp":"2026-01-18 09:10:38"}
{"environment":"production","level":"info","message":"APPLICATION_STARTING","port":"3000","serverUrl":"http://localhost:3000","service":"urbango-api","timestamp":"2026-01-18 09:11:35"}
{"level":"info","message":"DATABASE_CONNECTED","service":"urbango-api","status":"connected","timestamp":"2026-01-18 09:11:35","url":"mongodb://localhost:27017/urbango"}
{"environment":"production","level":"info","message":"APPLICATION_STARTED","port":"3000","serverUrl":"http://localhost:3000","service":"urbango-api","status":"running","timestamp":"2026-01-18 09:11:35"}
{"environment":"production","level":"info","message":"APPLICATION_STARTING","port":"3000","serverUrl":"http://localhost:3000","service":"urbango-api","timestamp":"2026-01-18 09:11:54"}
{"level":"info","message":"DATABASE_CONNECTED","service":"urbango-api","status":"connected","timestamp":"2026-01-18 09:11:54","url":"mongodb://localhost:27017/urbango"}
{"environment":"production","level":"info","message":"APPLICATION_STARTED","port":"3000","serverUrl":"http://localhost:3000","service":"urbango-api","status":"running","timestamp":"2026-01-18 09:11:54"}
{"environment":"production","level":"info","message":"APPLICATION_STARTING","port":"3000","serverUrl":"http://localhost:3000","service":"urbango-api","timestamp":"2026-01-18 09:26:29"}
{"level":"info","message":"DATABASE_CONNECTED","service":"urbango-api","status":"connected","timestamp":"2026-01-18 09:26:29","url":"mongodb://localhost:27017/urbango"}
{"environment":"production","level":"info","message":"APPLICATION_STARTED","port":"3000","serverUrl":"http://localhost:3000","service":"urbango-api","status":"running","timestamp":"2026-01-18 09:26:29"}
{"environment":"production","level":"info","message":"APPLICATION_STARTING","port":"3000","serverUrl":"http://localhost:3000","service":"urbango-api","timestamp":"2026-01-18 09:26:39"}
{"level":"info","message":"DATABASE_CONNECTED","service":"urbango-api","status":"connected","timestamp":"2026-01-18 09:26:39","url":"mongodb://localhost:27017/urbango"}
{"environment":"production","level":"info","message":"APPLICATION_STARTED","port":"3000","serverUrl":"http://localhost:3000","service":"urbango-api","status":"running","timestamp":"2026-01-18 09:26:39"}
{"environment":"production","level":"info","message":"APPLICATION_STARTING","port":"3000","serverUrl":"http://localhost:3000","service":"urbango-api","timestamp":"2026-01-18 09:26:58"}
{"level":"info","message":"DATABASE_CONNECTED","service":"urbango-api","status":"connected","timestamp":"2026-01-18 09:26:58","url":"mongodb://localhost:27017/urbango"}
{"environment":"production","level":"info","message":"APPLICATION_STARTED","port":"3000","serverUrl":"http://localhost:3000","service":"urbango-api","status":"running","timestamp":"2026-01-18 09:26:58"}
{"environment":"production","level":"info","message":"APPLICATION_STARTING","port":"3000","serverUrl":"http://localhost:3000","service":"urbango-api","timestamp":"2026-01-18 09:27:04"}
{"level":"info","message":"DATABASE_CONNECTED","service":"urbango-api","status":"connected","timestamp":"2026-01-18 09:27:04","url":"mongodb://localhost:27017/urbango"}
{"environment":"production","level":"info","message":"APPLICATION_STARTED","port":"3000","serverUrl":"http://localhost:3000","service":"urbango-api","status":"running","timestamp":"2026-01-18 09:27:04"}
{"environment":"production","level":"info","message":"APPLICATION_STARTING","port":"3000","serverUrl":"http://localhost:3000","service":"urbango-api","timestamp":"2026-01-18 09:27:14"}
{"level":"info","message":"DATABASE_CONNECTED","service":"urbango-api","status":"connected","timestamp":"2026-01-18 09:27:14","url":"mongodb://localhost:27017/urbango"}
{"environment":"production","level":"info","message":"APPLICATION_STARTED","port":"3000","serverUrl":"http://localhost:3000","service":"urbango-api","status":"running","timestamp":"2026-01-18 09:27:14"}
{"environment":"production","level":"info","message":"APPLICATION_STARTING","port":"3000","serverUrl":"http://localhost:3000","service":"urbango-api","timestamp":"2026-01-18 09:27:15"}
{"level":"info","message":"DATABASE_CONNECTED","service":"urbango-api","status":"connected","timestamp":"2026-01-18 09:27:15","url":"mongodb://localhost:27017/urbango"}
{"environment":"production","level":"info","message":"APPLICATION_STARTED","port":"3000","serverUrl":"http://localhost:3000","service":"urbango-api","status":"running","timestamp":"2026-01-18 09:27:15"}
{"environment":"production","level":"info","message":"APPLICATION_STARTING","port":"3000","serverUrl":"http://localhost:3000","service":"urbango-api","timestamp":"2026-01-18 09:27:20"}
{"level":"info","message":"DATABASE_CONNECTED","service":"urbango-api","status":"connected","timestamp":"2026-01-18 09:27:20","url":"mongodb://localhost:27017/urbango"}
{"environment":"production","level":"info","message":"APPLICATION_STARTED","port":"3000","serverUrl":"http://localhost:3000","service":"urbango-api","status":"running","timestamp":"2026-01-18 09:27:20"}
{"environment":"production","level":"info","message":"APPLICATION_STARTING","port":"3000","serverUrl":"http://localhost:3000","service":"urbango-api","timestamp":"2026-01-18 09:27:38"}
{"level":"info","message":"DATABASE_CONNECTED","service":"urbango-api","status":"connected","timestamp":"2026-01-18 09:27:38","url":"mongodb://localhost:27017/urbango"}
{"environment":"production","level":"info","message":"APPLICATION_STARTED","port":"3000","serverUrl":"http://localhost:3000","service":"urbango-api","status":"running","timestamp":"2026-01-18 09:27:38"}
{"environment":"production","level":"info","message":"APPLICATION_STARTING","port":"3000","serverUrl":"http://localhost:3000","service":"urbango-api","timestamp":"2026-01-18 09:27:42"}
{"level":"info","message":"DATABASE_CONNECTED","service":"urbango-api","status":"connected","timestamp":"2026-01-18 09:27:42","url":"mongodb://localhost:27017/urbango"}
{"environment":"production","level":"info","message":"APPLICATION_STARTED","port":"3000","serverUrl":"http://localhost:3000","service":"urbango-api","status":"running","timestamp":"2026-01-18 09:27:42"}
{"environment":"production","level":"info","message":"APPLICATION_STARTING","port":"3000","serverUrl":"http://localhost:3000","service":"urbango-api","timestamp":"2026-01-18 09:28:27"}
{"level":"info","message":"DATABASE_CONNECTED","service":"urbango-api","status":"connected","timestamp":"2026-01-18 09:28:27","url":"mongodb://localhost:27017/urbango"}
{"environment":"production","level":"info","message":"APPLICATION_STARTED","port":"3000","serverUrl":"http://localhost:3000","service":"urbango-api","status":"running","timestamp":"2026-01-18 09:28:27"}
{"environment":"production","level":"info","message":"APPLICATION_STARTING","port":"3000","serverUrl":"http://localhost:3000","service":"urbango-api","timestamp":"2026-01-18 09:28:46"}
{"level":"info","message":"DATABASE_CONNECTED","service":"urbango-api","status":"connected","timestamp":"2026-01-18 09:28:46","url":"mongodb://localhost:27017/urbango"}
{"environment":"production","level":"info","message":"APPLICATION_STARTED","port":"3000","serverUrl":"http://localhost:3000","service":"urbango-api","status":"running","timestamp":"2026-01-18 09:28:46"}
{"environment":"production","level":"info","message":"APPLICATION_STARTING","port":"3000","serverUrl":"http://localhost:3000","service":"urbango-api","timestamp":"2026-01-18 09:29:04"}
{"level":"info","message":"DATABASE_CONNECTED","service":"urbango-api","status":"connected","timestamp":"2026-01-18 09:29:04","url":"mongodb://localhost:27017/urbango"}
{"environment":"production","level":"info","message":"APPLICATION_STARTED","port":"3000","serverUrl":"http://localhost:3000","service":"urbango-api","status":"running","timestamp":"2026-01-18 09:29:04"}
{"environment":"production","level":"info","message":"APPLICATION_STARTING","port":"3000","serverUrl":"http://localhost:3000","service":"urbango-api","timestamp":"2026-01-18 09:29:07"}
{"level":"info","message":"DATABASE_CONNECTED","service":"urbango-api","status":"connected","timestamp":"2026-01-18 09:29:07","url":"mongodb://localhost:27017/urbango"}
{"environment":"production","level":"info","message":"APPLICATION_STARTED","port":"3000","serverUrl":"http://localhost:3000","service":"urbango-api","status":"running","timestamp":"2026-01-18 09:29:07"}
{"environment":"production","level":"info","message":"APPLICATION_STARTING","port":"3000","serverUrl":"http://localhost:3000","service":"urbango-api","timestamp":"2026-01-18 09:29:11"}
{"level":"info","message":"DATABASE_CONNECTED","service":"urbango-api","status":"connected","timestamp":"2026-01-18 09:29:11","url":"mongodb://localhost:27017/urbango"}
{"environment":"production","level":"info","message":"APPLICATION_STARTED","port":"3000","serverUrl":"http://localhost:3000","service":"urbango-api","status":"running","timestamp":"2026-01-18 09:29:11"}
{"environment":"production","level":"info","message":"APPLICATION_STARTING","port":"3000","serverUrl":"http://localhost:3000","service":"urbango-api","timestamp":"2026-01-18 09:29:14"}
{"level":"info","message":"DATABASE_CONNECTED","service":"urbango-api","status":"connected","timestamp":"2026-01-18 09:29:14","url":"mongodb://localhost:27017/urbango"}
{"environment":"production","level":"info","message":"APPLICATION_STARTED","port":"3000","serverUrl":"http://localhost:3000","service":"urbango-api","status":"running","timestamp":"2026-01-18 09:29:14"}
{"environment":"production","level":"info","message":"APPLICATION_STARTING","port":"3000","serverUrl":"http://localhost:3000","service":"urbango-api","timestamp":"2026-01-18 09:31:28"}
{"level":"info","message":"DATABASE_CONNECTED","service":"urbango-api","status":"connected","timestamp":"2026-01-18 09:31:28","url":"mongodb://localhost:27017/urbango"}
{"environment":"production","level":"info","message":"APPLICATION_STARTED","port":"3000","serverUrl":"http://localhost:3000","service":"urbango-api","status":"running","timestamp":"2026-01-18 09:31:28"}
{"environment":"production","level":"info","message":"APPLICATION_STARTING","port":"3000","serverUrl":"http://localhost:3000","service":"urbango-api","timestamp":"2026-01-18 09:32:52"}
{"level":"info","message":"DATABASE_CONNECTED","service":"urbango-api","status":"connected","timestamp":"2026-01-18 09:32:52","url":"mongodb://localhost:27017/urbango"}
{"environment":"production","level":"info","message":"APPLICATION_STARTED","port":"3000","serverUrl":"http://localhost:3000","service":"urbango-api","status":"running","timestamp":"2026-01-18 09:32:52"}
{"environment":"production","level":"info","message":"APPLICATION_STARTING","port":"3000","serverUrl":"http://localhost:3000","service":"urbango-api","timestamp":"2026-01-18 09:33:56"}
{"level":"info","message":"DATABASE_CONNECTED","service":"urbango-api","status":"connected","timestamp":"2026-01-18 09:33:56","url":"mongodb://localhost:27017/urbango"}
{"environment":"production","level":"info","message":"APPLICATION_STARTED","port":"3000","serverUrl":"http://localhost:3000","service":"urbango-api","status":"running","timestamp":"2026-01-18 09:33:56"}
{"environment":"production","level":"info","message":"APPLICATION_STARTING","port":"3000","serverUrl":"http://localhost:3000","service":"urbango-api","timestamp":"2026-01-18 09:51:14"}
{"level":"info","message":"DATABASE_CONNECTED","service":"urbango-api","status":"connected","timestamp":"2026-01-18 09:51:14","url":"mongodb://localhost:27017/urbango"}
{"environment":"production","level":"info","message":"APPLICATION_STARTED","port":"3000","serverUrl":"http://localhost:3000","service":"urbango-api","status":"running","timestamp":"2026-01-18 09:51:14"}
{"environment":"production","level":"info","message":"APPLICATION_STARTING","port":"3000","serverUrl":"http://localhost:3000","service":"urbango-api","timestamp":"2026-01-18 09:51:23"}
{"level":"info","message":"DATABASE_CONNECTED","service":"urbango-api","status":"connected","timestamp":"2026-01-18 09:51:23","url":"mongodb://localhost:27017/urbango"}
{"environment":"production","level":"info","message":"APPLICATION_STARTED","port":"3000","serverUrl":"http://localhost:3000","service":"urbango-api","status":"running","timestamp":"2026-01-18 09:51:23"}
{"environment":"production","level":"info","message":"APPLICATION_STARTING","port":"3000","serverUrl":"http://localhost:3000","service":"urbango-api","timestamp":"2026-01-18 09:58:12"}
{"level":"info","message":"DATABASE_CONNECTED","service":"urbango-api","status":"connected","timestamp":"2026-01-18 09:58:12","url":"mongodb://localhost:27017/urbango"}
{"environment":"production","level":"info","message":"APPLICATION_STARTED","port":"3000","serverUrl":"http://localhost:3000","service":"urbango-api","status":"running","timestamp":"2026-01-18 09:58:12"}
{"environment":"production","level":"info","message":"APPLICATION_STARTING","port":"3000","serverUrl":"http://localhost:3000","service":"urbango-api","timestamp":"2026-01-18 09:58:37"}
{"level":"info","message":"DATABASE_CONNECTED","service":"urbango-api","status":"connected","timestamp":"2026-01-18 09:58:37","url":"mongodb://localhost:27017/urbango"}
{"environment":"production","level":"info","message":"APPLICATION_STARTED","port":"3000","serverUrl":"http://localhost:3000","service":"urbango-api","status":"running","timestamp":"2026-01-18 09:58:37"}
{"environment":"production","level":"info","message":"APPLICATION_STARTING","port":"3000","serverUrl":"http://localhost:3000","service":"urbango-api","timestamp":"2026-01-18 09:58:49"}
{"level":"info","message":"DATABASE_CONNECTED","service":"urbango-api","status":"connected","timestamp":"2026-01-18 09:58:49","url":"mongodb://localhost:27017/urbango"}
{"environment":"production","level":"info","message":"APPLICATION_STARTED","port":"3000","serverUrl":"http://localhost:3000","service":"urbango-api","status":"running","timestamp":"2026-01-18 09:58:49"}
{"environment":"production","level":"info","message":"APPLICATION_STARTING","port":"3000","serverUrl":"http://localhost:3000","service":"urbango-api","timestamp":"2026-01-18 10:01:22"}
{"level":"info","message":"DATABASE_CONNECTED","service":"urbango-api","status":"connected","timestamp":"2026-01-18 10:01:22","url":"mongodb://localhost:27017/urbango"}
{"environment":"production","level":"info","message":"APPLICATION_STARTED","port":"3000","serverUrl":"http://localhost:3000","service":"urbango-api","status":"running","timestamp":"2026-01-18 10:01:22"}
{"environment":"production","level":"info","message":"APPLICATION_STARTING","port":"3000","serverUrl":"http://localhost:3000","service":"urbango-api","timestamp":"2026-01-18 10:48:25"}
{"level":"info","message":"DATABASE_CONNECTED","service":"urbango-api","status":"connected","timestamp":"2026-01-18 10:48:25","url":"mongodb://localhost:27017/urbango"}
{"environment":"production","level":"info","message":"APPLICATION_STARTED","port":"3000","serverUrl":"http://localhost:3000","service":"urbango-api","status":"running","timestamp":"2026-01-18 10:48:25"}
{"environment":"production","level":"info","message":"APPLICATION_STARTING","port":"3000","serverUrl":"http://localhost:3000","service":"urbango-api","timestamp":"2026-01-18 10:48:51"}
{"level":"info","message":"DATABASE_CONNECTED","service":"urbango-api","status":"connected","timestamp":"2026-01-18 10:48:51","url":"mongodb://localhost:27017/urbango"}
{"environment":"production","level":"info","message":"APPLICATION_STARTED","port":"3000","serverUrl":"http://localhost:3000","service":"urbango-api","status":"running","timestamp":"2026-01-18 10:48:51"}
{"environment":"production","level":"info","message":"APPLICATION_STARTING","port":"3000","serverUrl":"http://localhost:3000","service":"urbango-api","timestamp":"2026-01-18 10:48:53"}
{"level":"info","message":"DATABASE_CONNECTED","service":"urbango-api","status":"connected","timestamp":"2026-01-18 10:48:53","url":"mongodb://localhost:27017/urbango"}
{"environment":"production","level":"info","message":"APPLICATION_STARTED","port":"3000","serverUrl":"http://localhost:3000","service":"urbango-api","status":"running","timestamp":"2026-01-18 10:48:53"}
{"environment":"production","level":"info","message":"APPLICATION_STARTING","port":"3000","serverUrl":"http://localhost:3000","service":"urbango-api","timestamp":"2026-01-18 10:48:57"}
{"level":"info","message":"DATABASE_CONNECTED","service":"urbango-api","status":"connected","timestamp":"2026-01-18 10:48:57","url":"mongodb://localhost:27017/urbango"}
{"environment":"production","level":"info","message":"APPLICATION_STARTED","port":"3000","serverUrl":"http://localhost:3000","service":"urbango-api","status":"running","timestamp":"2026-01-18 10:48:57"}
{"environment":"production","level":"info","message":"APPLICATION_STARTING","port":"3000","serverUrl":"http://localhost:3000","service":"urbango-api","timestamp":"2026-01-18 10:48:59"}
{"level":"info","message":"DATABASE_CONNECTED","service":"urbango-api","status":"connected","timestamp":"2026-01-18 10:48:59","url":"mongodb://localhost:27017/urbango"}
{"environment":"production","level":"info","message":"APPLICATION_STARTED","port":"3000","serverUrl":"http://localhost:3000","service":"urbango-api","status":"running","timestamp":"2026-01-18 10:48:59"}
{"environment":"production","level":"info","message":"APPLICATION_STARTING","port":"3000","serverUrl":"http://localhost:3000","service":"urbango-api","timestamp":"2026-01-18 10:49:09"}
{"level":"info","message":"DATABASE_CONNECTED","service":"urbango-api","status":"connected","timestamp":"2026-01-18 10:49:09","url":"mongodb://localhost:27017/urbango"}
{"environment":"production","level":"info","message":"APPLICATION_STARTED","port":"3000","serverUrl":"http://localhost:3000","service":"urbango-api","status":"running","timestamp":"2026-01-18 10:49:09"}
{"environment":"production","level":"info","message":"APPLICATION_STARTING","port":"3000","serverUrl":"http://localhost:3000","service":"urbango-api","timestamp":"2026-01-18 10:49:12"}
{"level":"info","message":"DATABASE_CONNECTED","service":"urbango-api","status":"connected","timestamp":"2026-01-18 10:49:12","url":"mongodb://localhost:27017/urbango"}
{"environment":"production","level":"info","message":"APPLICATION_STARTED","port":"3000","serverUrl":"http://localhost:3000","service":"urbango-api","status":"running","timestamp":"2026-01-18 10:49:12"}
{"environment":"production","level":"info","message":"APPLICATION_STARTING","port":"3000","serverUrl":"http://localhost:3000","service":"urbango-api","timestamp":"2026-01-18 10:49:14"}
{"level":"info","message":"DATABASE_CONNECTED","service":"urbango-api","status":"connected","timestamp":"2026-01-18 10:49:14","url":"mongodb://localhost:27017/urbango"}
{"environment":"production","level":"info","message":"APPLICATION_STARTED","port":"3000","serverUrl":"http://localhost:3000","service":"urbango-api","status":"running","timestamp":"2026-01-18 10:49:14"}
{"environment":"production","level":"info","message":"APPLICATION_STARTING","port":"3000","serverUrl":"http://localhost:3000","service":"urbango-api","timestamp":"2026-01-18 10:49:18"}
{"level":"info","message":"DATABASE_CONNECTED","service":"urbango-api","status":"connected","timestamp":"2026-01-18 10:49:18","url":"mongodb://localhost:27017/urbango"}
{"environment":"production","level":"info","message":"APPLICATION_STARTED","port":"3000","serverUrl":"http://localhost:3000","service":"urbango-api","status":"running","timestamp":"2026-01-18 10:49:18"}
{"environment":"production","level":"info","message":"APPLICATION_STARTING","port":"3000","serverUrl":"http://localhost:3000","service":"urbango-api","timestamp":"2026-01-18 10:50:12"}
{"level":"info","message":"DATABASE_CONNECTED","service":"urbango-api","status":"connected","timestamp":"2026-01-18 10:50:12","url":"mongodb://localhost:27017/urbango"}
{"environment":"production","level":"info","message":"APPLICATION_STARTED","port":"3000","serverUrl":"http://localhost:3000","service":"urbango-api","status":"running","timestamp":"2026-01-18 10:50:12"}
{"environment":"production","level":"info","message":"APPLICATION_STARTING","port":"3000","serverUrl":"http://localhost:3000","service":"urbango-api","timestamp":"2026-01-18 10:50:18"}
{"level":"info","message":"DATABASE_CONNECTED","service":"urbango-api","status":"connected","timestamp":"2026-01-18 10:50:18","url":"mongodb://localhost:27017/urbango"}
{"environment":"production","level":"info","message":"APPLICATION_STARTED","port":"3000","serverUrl":"http://localhost:3000","service":"urbango-api","status":"running","timestamp":"2026-01-18 10:50:18"}
{"environment":"production","level":"info","message":"APPLICATION_STARTING","port":"3000","serverUrl":"http://localhost:3000","service":"urbango-api","timestamp":"2026-01-18 10:52:19"}
{"level":"info","message":"DATABASE_CONNECTED","service":"urbango-api","status":"connected","timestamp":"2026-01-18 10:52:19","url":"mongodb://localhost:27017/urbango"}
{"environment":"production","level":"info","message":"APPLICATION_STARTED","port":"3000","serverUrl":"http://localhost:3000","service":"urbango-api","status":"running","timestamp":"2026-01-18 10:52:19"}
{"environment":"production","level":"info","message":"APPLICATION_STARTING","port":"3000","serverUrl":"http://localhost:3000","service":"urbango-api","timestamp":"2026-01-18 10:52:58"}
{"level":"info","message":"DATABASE_CONNECTED","service":"urbango-api","status":"connected","timestamp":"2026-01-18 10:52:58","url":"mongodb://localhost:27017/urbango"}
{"environment":"production","level":"info","message":"APPLICATION_STARTED","port":"3000","serverUrl":"http://localhost:3000","service":"urbango-api","status":"running","timestamp":"2026-01-18 10:52:58"}
{"environment":"production","level":"info","message":"APPLICATION_STARTING","port":"3000","serverUrl":"http://localhost:3000","service":"urbango-api","timestamp":"2026-01-18 10:53:06"}
{"level":"info","message":"DATABASE_CONNECTED","service":"urbango-api","status":"connected","timestamp":"2026-01-18 10:53:06","url":"mongodb://localhost:27017/urbango"}
{"environment":"production","level":"info","message":"APPLICATION_STARTED","port":"3000","serverUrl":"http://localhost:3000","service":"urbango-api","status":"running","timestamp":"2026-01-18 10:53:06"}
{"environment":"production","level":"info","message":"APPLICATION_STARTING","port":"3000","serverUrl":"http://localhost:3000","service":"urbango-api","timestamp":"2026-01-18 10:53:13"}
{"level":"info","message":"DATABASE_CONNECTED","service":"urbango-api","status":"connected","timestamp":"2026-01-18 10:53:13","url":"mongodb://localhost:27017/urbango"}
{"environment":"production","level":"info","message":"APPLICATION_STARTED","port":"3000","serverUrl":"http://localhost:3000","service":"urbango-api","status":"running","timestamp":"2026-01-18 10:53:13"}
{"environment":"production","level":"info","message":"APPLICATION_STARTING","port":"3000","serverUrl":"http://localhost:3000","service":"urbango-api","timestamp":"2026-01-18 10:53:17"}
{"level":"info","message":"DATABASE_CONNECTED","service":"urbango-api","status":"connected","timestamp":"2026-01-18 10:53:17","url":"mongodb://localhost:27017/urbango"}
{"environment":"production","level":"info","message":"APPLICATION_STARTED","port":"3000","serverUrl":"http://localhost:3000","service":"urbango-api","status":"running","timestamp":"2026-01-18 10:53:17"}
{"environment":"production","level":"info","message":"APPLICATION_STARTING","port":"3000","serverUrl":"http://localhost:3000","service":"urbango-api","timestamp":"2026-01-18 10:53:19"}
{"level":"info","message":"DATABASE_CONNECTED","service":"urbango-api","status":"connected","timestamp":"2026-01-18 10:53:19","url":"mongodb://localhost:27017/urbango"}
{"environment":"production","level":"info","message":"APPLICATION_STARTED","port":"3000","serverUrl":"http://localhost:3000","service":"urbango-api","status":"running","timestamp":"2026-01-18 10:53:19"}
{"environment":"production","level":"info","message":"APPLICATION_STARTING","port":"3000","serverUrl":"http://localhost:3000","service":"urbango-api","timestamp":"2026-01-18 10:53:22"}
{"level":"info","message":"DATABASE_CONNECTED","service":"urbango-api","status":"connected","timestamp":"2026-01-18 10:53:22","url":"mongodb://localhost:27017/urbango"}
{"environment":"production","level":"info","message":"APPLICATION_STARTED","port":"3000","serverUrl":"http://localhost:3000","service":"urbango-api","status":"running","timestamp":"2026-01-18 10:53:22"}
{"environment":"production","level":"info","message":"APPLICATION_STARTING","port":"3000","serverUrl":"http://localhost:3000","service":"urbango-api","timestamp":"2026-01-18 10:53:23"}
{"level":"info","message":"DATABASE_CONNECTED","service":"urbango-api","status":"connected","timestamp":"2026-01-18 10:53:23","url":"mongodb://localhost:27017/urbango"}
{"environment":"production","level":"info","message":"APPLICATION_STARTED","port":"3000","serverUrl":"http://localhost:3000","service":"urbango-api","status":"running","timestamp":"2026-01-18 10:53:23"}
{"environment":"production","level":"info","message":"APPLICATION_STARTING","port":"3000","serverUrl":"http://localhost:3000","service":"urbango-api","timestamp":"2026-01-18 10:53:36"}
{"level":"info","message":"DATABASE_CONNECTED","service":"urbango-api","status":"connected","timestamp":"2026-01-18 10:53:36","url":"mongodb://localhost:27017/urbango"}
{"environment":"production","level":"info","message":"APPLICATION_STARTED","port":"3000","serverUrl":"http://localhost:3000","service":"urbango-api","status":"running","timestamp":"2026-01-18 10:53:36"}
{"environment":"production","level":"info","message":"APPLICATION_STARTING","port":"3000","serverUrl":"http://localhost:3000","service":"urbango-api","timestamp":"2026-01-18 10:53:38"}
{"level":"info","message":"DATABASE_CONNECTED","service":"urbango-api","status":"connected","timestamp":"2026-01-18 10:53:38","url":"mongodb://localhost:27017/urbango"}
{"environment":"production","level":"info","message":"APPLICATION_STARTED","port":"3000","serverUrl":"http://localhost:3000","service":"urbango-api","status":"running","timestamp":"2026-01-18 10:53:38"}
{"environment":"production","level":"info","message":"APPLICATION_STARTING","port":"3000","serverUrl":"http://localhost:3000","service":"urbango-api","timestamp":"2026-01-18 10:53:40"}
{"level":"info","message":"DATABASE_CONNECTED","service":"urbango-api","status":"connected","timestamp":"2026-01-18 10:53:40","url":"mongodb://localhost:27017/urbango"}
{"environment":"production","level":"info","message":"APPLICATION_STARTED","port":"3000","serverUrl":"http://localhost:3000","service":"urbango-api","status":"running","timestamp":"2026-01-18 10:53:40"}
{"environment":"production","level":"info","message":"APPLICATION_STARTING","port":"3000","serverUrl":"http://localhost:3000","service":"urbango-api","timestamp":"2026-01-18 10:53:47"}
{"level":"info","message":"DATABASE_CONNECTED","service":"urbango-api","status":"connected","timestamp":"2026-01-18 10:53:47","url":"mongodb://localhost:27017/urbango"}
{"environment":"production","level":"info","message":"APPLICATION_STARTED","port":"3000","serverUrl":"http://localhost:3000","service":"urbango-api","status":"running","timestamp":"2026-01-18 10:53:47"}
{"environment":"production","level":"info","message":"APPLICATION_STARTING","port":"3000","serverUrl":"http://localhost:3000","service":"urbango-api","timestamp":"2026-01-18 10:53:50"}
{"level":"info","message":"DATABASE_CONNECTED","service":"urbango-api","status":"connected","timestamp":"2026-01-18 10:53:50","url":"mongodb://localhost:27017/urbango"}
{"environment":"production","level":"info","message":"APPLICATION_STARTED","port":"3000","serverUrl":"http://localhost:3000","service":"urbango-api","status":"running","timestamp":"2026-01-18 10:53:50"}
{"environment":"production","level":"info","message":"APPLICATION_STARTING","port":"3000","serverUrl":"http://localhost:3000","service":"urbango-api","timestamp":"2026-01-18 10:53:52"}
{"level":"info","message":"DATABASE_CONNECTED","service":"urbango-api","status":"connected","timestamp":"2026-01-18 10:53:52","url":"mongodb://localhost:27017/urbango"}
{"environment":"production","level":"info","message":"APPLICATION_STARTED","port":"3000","serverUrl":"http://localhost:3000","service":"urbango-api","status":"running","timestamp":"2026-01-18 10:53:52"}
{"environment":"production","level":"info","message":"APPLICATION_STARTING","port":"3000","serverUrl":"http://localhost:3000","service":"urbango-api","timestamp":"2026-01-18 10:53:55"}
{"level":"info","message":"DATABASE_CONNECTED","service":"urbango-api","status":"connected","timestamp":"2026-01-18 10:53:55","url":"mongodb://localhost:27017/urbango"}
{"environment":"production","level":"info","message":"APPLICATION_STARTED","port":"3000","serverUrl":"http://localhost:3000","service":"urbango-api","status":"running","timestamp":"2026-01-18 10:53:55"}
{"environment":"production","level":"info","message":"APPLICATION_STARTING","port":"3000","serverUrl":"http://localhost:3000","service":"urbango-api","timestamp":"2026-01-18 10:53:58"}
{"level":"info","message":"DATABASE_CONNECTED","service":"urbango-api","status":"connected","timestamp":"2026-01-18 10:53:58","url":"mongodb://localhost:27017/urbango"}
{"environment":"production","level":"info","message":"APPLICATION_STARTED","port":"3000","serverUrl":"http://localhost:3000","service":"urbango-api","status":"running","timestamp":"2026-01-18 10:53:58"}
{"environment":"production","level":"info","message":"APPLICATION_STARTING","port":"3000","serverUrl":"http://localhost:3000","service":"urbango-api","timestamp":"2026-01-18 10:54:01"}
{"level":"info","message":"DATABASE_CONNECTED","service":"urbango-api","status":"connected","timestamp":"2026-01-18 10:54:01","url":"mongodb://localhost:27017/urbango"}
{"environment":"production","level":"info","message":"APPLICATION_STARTED","port":"3000","serverUrl":"http://localhost:3000","service":"urbango-api","status":"running","timestamp":"2026-01-18 10:54:01"}
{"environment":"production","level":"info","message":"APPLICATION_STARTING","port":"3000","serverUrl":"http://localhost:3000","service":"urbango-api","timestamp":"2026-01-18 10:54:04"}
{"level":"info","message":"DATABASE_CONNECTED","service":"urbango-api","status":"connected","timestamp":"2026-01-18 10:54:04","url":"mongodb://localhost:27017/urbango"}
{"environment":"production","level":"info","message":"APPLICATION_STARTED","port":"3000","serverUrl":"http://localhost:3000","service":"urbango-api","status":"running","timestamp":"2026-01-18 10:54:04"}
{"environment":"production","level":"info","message":"APPLICATION_STARTING","port":"3000","serverUrl":"http://localhost:3000","service":"urbango-api","timestamp":"2026-01-18 10:54:13"}
{"level":"info","message":"DATABASE_CONNECTED","service":"urbango-api","status":"connected","timestamp":"2026-01-18 10:54:13","url":"mongodb://localhost:27017/urbango"}
{"environment":"production","level":"info","message":"APPLICATION_STARTED","port":"3000","serverUrl":"http://localhost:3000","service":"urbango-api","status":"running","timestamp":"2026-01-18 10:54:13"}
{"environment":"production","level":"info","message":"APPLICATION_STARTING","port":"3000","serverUrl":"http://localhost:3000","service":"urbango-api","timestamp":"2026-01-18 10:54:17"}
{"level":"info","message":"DATABASE_CONNECTED","service":"urbango-api","status":"connected","timestamp":"2026-01-18 10:54:17","url":"mongodb://localhost:27017/urbango"}
{"environment":"production","level":"info","message":"APPLICATION_STARTED","port":"3000","serverUrl":"http://localhost:3000","service":"urbango-api","status":"running","timestamp":"2026-01-18 10:54:17"}
{"environment":"production","level":"info","message":"APPLICATION_STARTING","port":"3000","serverUrl":"http://localhost:3000","service":"urbango-api","timestamp":"2026-01-18 10:54:22"}
{"level":"info","message":"DATABASE_CONNECTED","service":"urbango-api","status":"connected","timestamp":"2026-01-18 10:54:22","url":"mongodb://localhost:27017/urbango"}
{"environment":"production","level":"info","message":"APPLICATION_STARTED","port":"3000","serverUrl":"http://localhost:3000","service":"urbango-api","status":"running","timestamp":"2026-01-18 10:54:22"}
{"environment":"production","level":"info","message":"APPLICATION_STARTING","port":"3000","serverUrl":"http://localhost:3000","service":"urbango-api","timestamp":"2026-01-18 10:54:25"}
{"level":"info","message":"DATABASE_CONNECTED","service":"urbango-api","status":"connected","timestamp":"2026-01-18 10:54:25","url":"mongodb://localhost:27017/urbango"}
{"environment":"production","level":"info","message":"APPLICATION_STARTED","port":"3000","serverUrl":"http://localhost:3000","service":"urbango-api","status":"running","timestamp":"2026-01-18 10:54:25"}
{"environment":"production","level":"info","message":"APPLICATION_STARTING","port":"3000","serverUrl":"http://localhost:3000","service":"urbango-api","timestamp":"2026-01-18 10:54:27"}
{"level":"info","message":"DATABASE_CONNECTED","service":"urbango-api","status":"connected","timestamp":"2026-01-18 10:54:27","url":"mongodb://localhost:27017/urbango"}
{"environment":"production","level":"info","message":"APPLICATION_STARTED","port":"3000","serverUrl":"http://localhost:3000","service":"urbango-api","status":"running","timestamp":"2026-01-18 10:54:27"}
{"environment":"production","level":"info","message":"APPLICATION_STARTING","port":"3000","serverUrl":"http://localhost:3000","service":"urbango-api","timestamp":"2026-01-18 10:54:38"}
{"level":"info","message":"DATABASE_CONNECTED","service":"urbango-api","status":"connected","timestamp":"2026-01-18 10:54:38","url":"mongodb://localhost:27017/urbango"}
{"environment":"production","level":"info","message":"APPLICATION_STARTED","port":"3000","serverUrl":"http://localhost:3000","service":"urbango-api","status":"running","timestamp":"2026-01-18 10:54:38"}
{"environment":"production","level":"info","message":"APPLICATION_STARTING","port":"3000","serverUrl":"http://localhost:3000","service":"urbango-api","timestamp":"2026-01-18 10:54:40"}
{"level":"info","message":"DATABASE_CONNECTED","service":"urbango-api","status":"connected","timestamp":"2026-01-18 10:54:40","url":"mongodb://localhost:27017/urbango"}
{"environment":"production","level":"info","message":"APPLICATION_STARTED","port":"3000","serverUrl":"http://localhost:3000","service":"urbango-api","status":"running","timestamp":"2026-01-18 10:54:40"}
{"environment":"production","level":"info","message":"APPLICATION_STARTING","port":"3000","serverUrl":"http://localhost:3000","service":"urbango-api","timestamp":"2026-01-18 10:54:41"}
{"level":"info","message":"DATABASE_CONNECTED","service":"urbango-api","status":"connected","timestamp":"2026-01-18 10:54:41","url":"mongodb://localhost:27017/urbango"}
{"environment":"production","level":"info","message":"APPLICATION_STARTED","port":"3000","serverUrl":"http://localhost:3000","service":"urbango-api","status":"running","timestamp":"2026-01-18 10:54:41"}
{"environment":"production","level":"info","message":"APPLICATION_STARTING","port":"3000","serverUrl":"http://localhost:3000","service":"urbango-api","timestamp":"2026-01-18 10:54:44"}
{"level":"info","message":"DATABASE_CONNECTED","service":"urbango-api","status":"connected","timestamp":"2026-01-18 10:54:44","url":"mongodb://localhost:27017/urbango"}
{"environment":"production","level":"info","message":"APPLICATION_STARTED","port":"3000","serverUrl":"http://localhost:3000","service":"urbango-api","status":"running","timestamp":"2026-01-18 10:54:44"}
{"environment":"production","level":"info","message":"APPLICATION_STARTING","port":"3000","serverUrl":"http://localhost:3000","service":"urbango-api","timestamp":"2026-01-18 10:54:48"}
{"level":"info","message":"DATABASE_CONNECTED","service":"urbango-api","status":"connected","timestamp":"2026-01-18 10:54:48","url":"mongodb://localhost:27017/urbango"}
{"environment":"production","level":"info","message":"APPLICATION_STARTED","port":"3000","serverUrl":"http://localhost:3000","service":"urbango-api","status":"running","timestamp":"2026-01-18 10:54:48"}
{"environment":"production","level":"info","message":"APPLICATION_STARTING","port":"3000","serverUrl":"http://localhost:3000","service":"urbango-api","timestamp":"2026-01-18 10:55:37"}
{"level":"info","message":"DATABASE_CONNECTED","service":"urbango-api","status":"connected","timestamp":"2026-01-18 10:55:37","url":"mongodb://localhost:27017/urbango"}
{"environment":"production","level":"info","message":"APPLICATION_STARTED","port":"3000","serverUrl":"http://localhost:3000","service":"urbango-api","status":"running","timestamp":"2026-01-18 10:55:37"}
{"environment":"production","level":"info","message":"APPLICATION_STARTING","port":"3000","serverUrl":"http://localhost:3000","service":"urbango-api","timestamp":"2026-01-18 10:55:39"}
{"level":"info","message":"DATABASE_CONNECTED","service":"urbango-api","status":"connected","timestamp":"2026-01-18 10:55:39","url":"mongodb://localhost:27017/urbango"}
{"environment":"production","level":"info","message":"APPLICATION_STARTED","port":"3000","serverUrl":"http://localhost:3000","service":"urbango-api","status":"running","timestamp":"2026-01-18 10:55:39"}
{"environment":"production","level":"info","message":"APPLICATION_STARTING","port":"3000","serverUrl":"http://localhost:3000","service":"urbango-api","timestamp":"2026-01-18 10:55:53"}
{"level":"info","message":"DATABASE_CONNECTED","service":"urbango-api","status":"connected","timestamp":"2026-01-18 10:55:53","url":"mongodb://localhost:27017/urbango"}
{"environment":"production","level":"info","message":"APPLICATION_STARTED","port":"3000","serverUrl":"http://localhost:3000","service":"urbango-api","status":"running","timestamp":"2026-01-18 10:55:53"}
{"environment":"production","level":"info","message":"APPLICATION_STARTING","port":"3000","serverUrl":"http://localhost:3000","service":"urbango-api","timestamp":"2026-01-18 10:55:58"}
{"level":"info","message":"DATABASE_CONNECTED","service":"urbango-api","status":"connected","timestamp":"2026-01-18 10:55:58","url":"mongodb://localhost:27017/urbango"}
{"environment":"production","level":"info","message":"APPLICATION_STARTED","port":"3000","serverUrl":"http://localhost:3000","service":"urbango-api","status":"running","timestamp":"2026-01-18 10:55:58"}
{"environment":"production","level":"info","message":"APPLICATION_STARTING","port":"3000","serverUrl":"http://localhost:3000","service":"urbango-api","timestamp":"2026-01-18 10:56:00"}
{"level":"info","message":"DATABASE_CONNECTED","service":"urbango-api","status":"connected","timestamp":"2026-01-18 10:56:00","url":"mongodb://localhost:27017/urbango"}
{"environment":"production","level":"info","message":"APPLICATION_STARTED","port":"3000","serverUrl":"http://localhost:3000","service":"urbango-api","status":"running","timestamp":"2026-01-18 10:56:00"}
{"environment":"production","level":"info","message":"APPLICATION_STARTING","port":"3000","serverUrl":"http://localhost:3000","service":"urbango-api","timestamp":"2026-01-18 10:56:04"}
{"level":"info","message":"DATABASE_CONNECTED","service":"urbango-api","status":"connected","timestamp":"2026-01-18 10:56:04","url":"mongodb://localhost:27017/urbango"}
{"environment":"production","level":"info","message":"APPLICATION_STARTED","port":"3000","serverUrl":"http://localhost:3000","service":"urbango-api","status":"running","timestamp":"2026-01-18 10:56:04"}
{"environment":"production","level":"info","message":"APPLICATION_STARTING","port":"3000","serverUrl":"http://localhost:3000","service":"urbango-api","timestamp":"2026-01-18 10:56:05"}
{"level":"info","message":"DATABASE_CONNECTED","service":"urbango-api","status":"connected","timestamp":"2026-01-18 10:56:06","url":"mongodb://localhost:27017/urbango"}
{"environment":"production","level":"info","message":"APPLICATION_STARTED","port":"3000","serverUrl":"http://localhost:3000","service":"urbango-api","status":"running","timestamp":"2026-01-18 10:56:06"}
{"environment":"production","level":"info","message":"APPLICATION_STARTING","port":"3000","serverUrl":"http://localhost:3000","service":"urbango-api","timestamp":"2026-01-18 10:56:06"}
{"level":"info","message":"DATABASE_CONNECTED","service":"urbango-api","status":"connected","timestamp":"2026-01-18 10:56:06","url":"mongodb://localhost:27017/urbango"}
{"environment":"production","level":"info","message":"APPLICATION_STARTED","port":"3000","serverUrl":"http://localhost:3000","service":"urbango-api","status":"running","timestamp":"2026-01-18 10:56:06"}
{"environment":"production","level":"info","message":"APPLICATION_STARTING","port":"3000","serverUrl":"http://localhost:3000","service":"urbango-api","timestamp":"2026-01-18 10:56:14"}
{"level":"info","message":"DATABASE_CONNECTED","service":"urbango-api","status":"connected","timestamp":"2026-01-18 10:56:14","url":"mongodb://localhost:27017/urbango"}
{"environment":"production","level":"info","message":"APPLICATION_STARTED","port":"3000","serverUrl":"http://localhost:3000","service":"urbango-api","status":"running","timestamp":"2026-01-18 10:56:14"}
{"environment":"production","level":"info","message":"APPLICATION_STARTING","port":"3000","serverUrl":"http://localhost:3000","service":"urbango-api","timestamp":"2026-01-18 10:56:18"}
{"level":"info","message":"DATABASE_CONNECTED","service":"urbango-api","status":"connected","timestamp":"2026-01-18 10:56:18","url":"mongodb://localhost:27017/urbango"}
{"environment":"production","level":"info","message":"APPLICATION_STARTED","port":"3000","serverUrl":"http://localhost:3000","service":"urbango-api","status":"running","timestamp":"2026-01-18 10:56:18"}
{"environment":"production","level":"info","message":"APPLICATION_STARTING","port":"3000","serverUrl":"http://localhost:3000","service":"urbango-api","timestamp":"2026-01-18 10:56:39"}
{"level":"info","message":"DATABASE_CONNECTED","service":"urbango-api","status":"connected","timestamp":"2026-01-18 10:56:39","url":"mongodb://localhost:27017/urbango"}
{"environment":"production","level":"info","message":"APPLICATION_STARTED","port":"3000","serverUrl":"http://localhost:3000","service":"urbango-api","status":"running","timestamp":"2026-01-18 10:56:39"}
{"environment":"production","level":"info","message":"APPLICATION_STARTING","port":"3000","serverUrl":"http://localhost:3000","service":"urbango-api","timestamp":"2026-01-18 10:58:12"}
{"level":"info","message":"DATABASE_CONNECTED","service":"urbango-api","status":"connected","timestamp":"2026-01-18 10:58:12","url":"mongodb://localhost:27017/urbango"}
{"environment":"production","level":"info","message":"APPLICATION_STARTED","port":"3000","serverUrl":"http://localhost:3000","service":"urbango-api","status":"running","timestamp":"2026-01-18 10:58:12"}
{"environment":"production","level":"info","message":"APPLICATION_STARTING","port":"3000","serverUrl":"http://localhost:3000","service":"urbango-api","timestamp":"2026-01-18 10:58:13"}
{"level":"info","message":"DATABASE_CONNECTED","service":"urbango-api","status":"connected","timestamp":"2026-01-18 10:58:13","url":"mongodb://localhost:27017/urbango"}
{"environment":"production","level":"info","message":"APPLICATION_STARTED","port":"3000","serverUrl":"http://localhost:3000","service":"urbango-api","status":"running","timestamp":"2026-01-18 10:58:13"}
{"environment":"production","level":"info","message":"APPLICATION_STARTING","port":"3000","serverUrl":"http://localhost:3000","service":"urbango-api","timestamp":"2026-01-18 10:58:23"}
{"level":"info","message":"DATABASE_CONNECTED","service":"urbango-api","status":"connected","timestamp":"2026-01-18 10:58:23","url":"mongodb://localhost:27017/urbango"}
{"environment":"production","level":"info","message":"APPLICATION_STARTED","port":"3000","serverUrl":"http://localhost:3000","service":"urbango-api","status":"running","timestamp":"2026-01-18 10:58:23"}
{"environment":"production","level":"info","message":"APPLICATION_STARTING","port":"3000","serverUrl":"http://localhost:3000","service":"urbango-api","timestamp":"2026-01-18 10:58:37"}
{"level":"info","message":"DATABASE_CONNECTED","service":"urbango-api","status":"connected","timestamp":"2026-01-18 10:58:37","url":"mongodb://localhost:27017/urbango"}
{"environment":"production","level":"info","message":"APPLICATION_STARTED","port":"3000","serverUrl":"http://localhost:3000","service":"urbango-api","status":"running","timestamp":"2026-01-18 10:58:37"}
{"environment":"production","level":"info","message":"APPLICATION_STARTING","port":"3000","serverUrl":"http://localhost:3000","service":"urbango-api","timestamp":"2026-01-18 10:58:40"}
{"level":"info","message":"DATABASE_CONNECTED","service":"urbango-api","status":"connected","timestamp":"2026-01-18 10:58:40","url":"mongodb://localhost:27017/urbango"}
{"environment":"production","level":"info","message":"APPLICATION_STARTED","port":"3000","serverUrl":"http://localhost:3000","service":"urbango-api","status":"running","timestamp":"2026-01-18 10:58:40"}
{"environment":"production","level":"info","message":"APPLICATION_STARTING","port":"3000","serverUrl":"http://localhost:3000","service":"urbango-api","timestamp":"2026-01-18 10:58:42"}
{"level":"info","message":"DATABASE_CONNECTED","service":"urbango-api","status":"connected","timestamp":"2026-01-18 10:58:43","url":"mongodb://localhost:27017/urbango"}
{"environment":"production","level":"info","message":"APPLICATION_STARTED","port":"3000","serverUrl":"http://localhost:3000","service":"urbango-api","status":"running","timestamp":"2026-01-18 10:58:43"}
{"environment":"production","level":"info","message":"APPLICATION_STARTING","port":"3000","serverUrl":"http://localhost:3000","service":"urbango-api","timestamp":"2026-01-18 10:58:45"}
{"level":"info","message":"DATABASE_CONNECTED","service":"urbango-api","status":"connected","timestamp":"2026-01-18 10:58:45","url":"mongodb://localhost:27017/urbango"}
{"environment":"production","level":"info","message":"APPLICATION_STARTED","port":"3000","serverUrl":"http://localhost:3000","service":"urbango-api","status":"running","timestamp":"2026-01-18 10:58:45"}
{"environment":"production","level":"info","message":"APPLICATION_STARTING","port":"3000","serverUrl":"http://localhost:3000","service":"urbango-api","timestamp":"2026-01-18 10:58:57"}
{"level":"info","message":"DATABASE_CONNECTED","service":"urbango-api","status":"connected","timestamp":"2026-01-18 10:58:57","url":"mongodb://localhost:27017/urbango"}
{"environment":"production","level":"info","message":"APPLICATION_STARTED","port":"3000","serverUrl":"http://localhost:3000","service":"urbango-api","status":"running","timestamp":"2026-01-18 10:58:57"}
{"environment":"production","level":"info","message":"APPLICATION_STARTING","port":"3000","serverUrl":"http://localhost:3000","service":"urbango-api","timestamp":"2026-01-18 10:59:01"}
{"level":"info","message":"DATABASE_CONNECTED","service":"urbango-api","status":"connected","timestamp":"2026-01-18 10:59:01","url":"mongodb://localhost:27017/urbango"}
{"environment":"production","level":"info","message":"APPLICATION_STARTED","port":"3000","serverUrl":"http://localhost:3000","service":"urbango-api","status":"running","timestamp":"2026-01-18 10:59:01"}
{"environment":"production","level":"info","message":"APPLICATION_STARTING","port":"3000","serverUrl":"http://localhost:3000","service":"urbango-api","timestamp":"2026-01-18 10:59:07"}
{"level":"info","message":"DATABASE_CONNECTED","service":"urbango-api","status":"connected","timestamp":"2026-01-18 10:59:07","url":"mongodb://localhost:27017/urbango"}
{"environment":"production","level":"info","message":"APPLICATION_STARTED","port":"3000","serverUrl":"http://localhost:3000","service":"urbango-api","status":"running","timestamp":"2026-01-18 10:59:07"}
{"environment":"production","level":"info","message":"APPLICATION_STARTING","port":"3000","serverUrl":"http://localhost:3000","service":"urbango-api","timestamp":"2026-01-18 10:59:13"}
{"level":"info","message":"DATABASE_CONNECTED","service":"urbango-api","status":"connected","timestamp":"2026-01-18 10:59:13","url":"mongodb://localhost:27017/urbango"}
{"environment":"production","level":"info","message":"APPLICATION_STARTED","port":"3000","serverUrl":"http://localhost:3000","service":"urbango-api","status":"running","timestamp":"2026-01-18 10:59:13"}
{"environment":"production","level":"info","message":"APPLICATION_STARTING","port":"3000","serverUrl":"http://localhost:3000","service":"urbango-api","timestamp":"2026-01-18 10:59:16"}
{"level":"info","message":"DATABASE_CONNECTED","service":"urbango-api","status":"connected","timestamp":"2026-01-18 10:59:16","url":"mongodb://localhost:27017/urbango"}
{"environment":"production","level":"info","message":"APPLICATION_STARTED","port":"3000","serverUrl":"http://localhost:3000","service":"urbango-api","status":"running","timestamp":"2026-01-18 10:59:16"}
{"environment":"production","level":"info","message":"APPLICATION_STARTING","port":"3000","serverUrl":"http://localhost:3000","service":"urbango-api","timestamp":"2026-01-18 11:01:46"}
{"level":"info","message":"DATABASE_CONNECTED","service":"urbango-api","status":"connected","timestamp":"2026-01-18 11:01:47","url":"mongodb://localhost:27017/urbango"}
{"environment":"production","level":"info","message":"APPLICATION_STARTED","port":"3000","serverUrl":"http://localhost:3000","service":"urbango-api","status":"running","timestamp":"2026-01-18 11:01:47"}
{"environment":"production","level":"info","message":"APPLICATION_STARTING","port":"3000","serverUrl":"http://localhost:3000","service":"urbango-api","timestamp":"2026-01-18 11:01:48"}
{"level":"info","message":"DATABASE_CONNECTED","service":"urbango-api","status":"connected","timestamp":"2026-01-18 11:01:48","url":"mongodb://localhost:27017/urbango"}
{"environment":"production","level":"info","message":"APPLICATION_STARTED","port":"3000","serverUrl":"http://localhost:3000","service":"urbango-api","status":"running","timestamp":"2026-01-18 11:01:48"}
{"environment":"production","level":"info","message":"APPLICATION_STARTING","port":"3000","serverUrl":"http://localhost:3000","service":"urbango-api","timestamp":"2026-01-18 11:01:49"}
{"level":"info","message":"DATABASE_CONNECTED","service":"urbango-api","status":"connected","timestamp":"2026-01-18 11:01:49","url":"mongodb://localhost:27017/urbango"}
{"environment":"production","level":"info","message":"APPLICATION_STARTED","port":"3000","serverUrl":"http://localhost:3000","service":"urbango-api","status":"running","timestamp":"2026-01-18 11:01:49"}
{"environment":"production","level":"info","message":"APPLICATION_STARTING","port":"3000","serverUrl":"http://localhost:3000","service":"urbango-api","timestamp":"2026-01-18 11:01:52"}
{"level":"info","message":"DATABASE_CONNECTED","service":"urbango-api","status":"connected","timestamp":"2026-01-18 11:01:52","url":"mongodb://localhost:27017/urbango"}
{"environment":"production","level":"info","message":"APPLICATION_STARTED","port":"3000","serverUrl":"http://localhost:3000","service":"urbango-api","status":"running","timestamp":"2026-01-18 11:01:52"}
{"environment":"production","level":"info","message":"APPLICATION_STARTING","port":"3000","serverUrl":"http://localhost:3000","service":"urbango-api","timestamp":"2026-01-18 11:02:04"}
{"level":"info","message":"DATABASE_CONNECTED","service":"urbango-api","status":"connected","timestamp":"2026-01-18 11:02:04","url":"mongodb://localhost:27017/urbango"}
{"environment":"production","level":"info","message":"APPLICATION_STARTED","port":"3000","serverUrl":"http://localhost:3000","service":"urbango-api","status":"running","timestamp":"2026-01-18 11:02:04"}
{"environment":"production","level":"info","message":"APPLICATION_STARTING","port":"3000","serverUrl":"http://localhost:3000","service":"urbango-api","timestamp":"2026-01-18 11:02:09"}
{"level":"info","message":"DATABASE_CONNECTED","service":"urbango-api","status":"connected","timestamp":"2026-01-18 11:02:09","url":"mongodb://localhost:27017/urbango"}
{"environment":"production","level":"info","message":"APPLICATION_STARTED","port":"3000","serverUrl":"http://localhost:3000","service":"urbango-api","status":"running","timestamp":"2026-01-18 11:02:09"}
{"environment":"production","level":"info","message":"APPLICATION_STARTING","port":"3000","serverUrl":"http://localhost:3000","service":"urbango-api","timestamp":"2026-01-18 11:12:11"}
{"level":"info","message":"DATABASE_CONNECTED","service":"urbango-api","status":"connected","timestamp":"2026-01-18 11:12:11","url":"mongodb://localhost:27017/urbango"}
{"environment":"production","level":"info","message":"APPLICATION_STARTED","port":"3000","serverUrl":"http://localhost:3000","service":"urbango-api","status":"running","timestamp":"2026-01-18 11:12:11"}
{"environment":"production","level":"info","message":"APPLICATION_STARTING","port":"3000","serverUrl":"http://localhost:3000","service":"urbango-api","timestamp":"2026-01-18 11:12:28"}
{"level":"info","message":"DATABASE_CONNECTED","service":"urbango-api","status":"connected","timestamp":"2026-01-18 11:12:28","url":"mongodb://localhost:27017/urbango"}
{"environment":"production","level":"info","message":"APPLICATION_STARTED","port":"3000","serverUrl":"http://localhost:3000","service":"urbango-api","status":"running","timestamp":"2026-01-18 11:12:28"}
{"environment":"production","level":"info","message":"APPLICATION_STARTING","port":"3000","serverUrl":"http://localhost:3000","service":"urbango-api","timestamp":"2026-01-23 16:39:49"}
{"level":"info","message":"DATABASE_CONNECTED","service":"urbango-api","status":"connected","timestamp":"2026-01-23 16:39:49","url":"mongodb://localhost:27017/urbango"}
{"environment":"production","level":"info","message":"APPLICATION_STARTED","port":"3000","serverUrl":"http://localhost:3000","service":"urbango-api","status":"running","timestamp":"2026-01-23 16:39:49"}
